=== Grokking-Collapse Experiment ===
Node: udc-an37-1
GPU: NVIDIA A100-SXM4-80GB
NVIDIA A100-SXM4-80GB
NVIDIA A100-SXM4-80GB
NVIDIA A100-SXM4-80GB
NVIDIA A100-SXM4-80GB
NVIDIA A100-SXM4-80GB
NVIDIA A100-SXM4-80GB
NVIDIA A100-SXM4-80GB
Start: Wed Apr  8 14:56:59 EDT 2026

============================================================
Running condition: pure
============================================================
Training on cuda
Condition: pure, collapse_level=0.0
Model parameters: 213,947
Step   100 | train_loss=3.5744 test_loss=4.5381 | train_acc=0.1552 test_acc=0.0119 | ‖W‖=25.23 rank=52.2 fourier=0.098 | time=1.1s
Step   200 | train_loss=3.3561 test_loss=4.8537 | train_acc=0.1801 test_acc=0.0070 | ‖W‖=33.88 rank=49.5 fourier=0.099 | time=1.6s
Step   300 | train_loss=3.2026 test_loss=5.1093 | train_acc=0.2165 test_acc=0.0078 | ‖W‖=43.23 rank=47.9 fourier=0.099 | time=2.2s
Step   400 | train_loss=2.9399 test_loss=5.2657 | train_acc=0.2826 test_acc=0.0090 | ‖W‖=47.52 rank=46.8 fourier=0.099 | time=2.7s
Step   500 | train_loss=2.4361 test_loss=5.3045 | train_acc=0.4119 test_acc=0.0222 | ‖W‖=50.44 rank=45.6 fourier=0.109 | time=3.2s
Step   600 | train_loss=1.5880 test_loss=4.6541 | train_acc=0.6590 test_acc=0.0681 | ‖W‖=52.31 rank=44.6 fourier=0.139 | time=3.7s
Step   700 | train_loss=0.8232 test_loss=3.7337 | train_acc=0.8898 test_acc=0.1793 | ‖W‖=53.65 rank=43.3 fourier=0.157 | time=4.4s
Step   800 | train_loss=0.3893 test_loss=2.9463 | train_acc=0.9914 test_acc=0.2790 | ‖W‖=53.93 rank=42.0 fourier=0.167 | time=4.9s
Step   900 | train_loss=0.2187 test_loss=2.3000 | train_acc=0.9990 test_acc=0.3726 | ‖W‖=53.50 rank=40.7 fourier=0.170 | time=5.4s
Step  1000 | train_loss=0.1581 test_loss=1.7819 | train_acc=0.9990 test_acc=0.4817 | ‖W‖=52.69 rank=39.0 fourier=0.173 | time=5.9s
Step  1100 | train_loss=0.1420 test_loss=1.3260 | train_acc=1.0000 test_acc=0.6451 | ‖W‖=51.82 rank=37.3 fourier=0.178 | time=6.6s
Step  1200 | train_loss=0.1165 test_loss=0.8777 | train_acc=1.0000 test_acc=0.8174 | ‖W‖=51.28 rank=35.9 fourier=0.184 | time=7.1s
Step  1300 | train_loss=0.0992 test_loss=0.6149 | train_acc=1.0000 test_acc=0.9192 | ‖W‖=50.29 rank=34.7 fourier=0.189 | time=7.6s
🎉 GROKKING at step 1400! Test acc: 0.9705
Step  1400 | train_loss=0.0943 test_loss=0.4459 | train_acc=1.0000 test_acc=0.9705 | ‖W‖=49.96 rank=33.8 fourier=0.194 | time=8.1s
Step  1500 | train_loss=0.0878 test_loss=0.3221 | train_acc=1.0000 test_acc=0.9897 | ‖W‖=49.43 rank=33.1 fourier=0.201 | time=8.7s
Step  1600 | train_loss=0.0749 test_loss=0.2227 | train_acc=1.0000 test_acc=0.9967 | ‖W‖=49.03 rank=32.3 fourier=0.208 | time=9.2s
Step  1700 | train_loss=0.0728 test_loss=0.1767 | train_acc=1.0000 test_acc=0.9992 | ‖W‖=49.06 rank=31.8 fourier=0.217 | time=9.7s
Step  1800 | train_loss=0.1569 test_loss=0.2889 | train_acc=0.9952 test_acc=0.9787 | ‖W‖=49.18 rank=31.4 fourier=0.227 | time=10.3s
Step  1900 | train_loss=0.0457 test_loss=0.0829 | train_acc=1.0000 test_acc=1.0000 | ‖W‖=48.02 rank=30.2 fourier=0.241 | time=10.9s
Step  2000 | train_loss=0.0534 test_loss=0.0869 | train_acc=1.0000 test_acc=1.0000 | ‖W‖=46.52 rank=29.1 fourier=0.249 | time=11.4s
Step  2100 | train_loss=0.1122 test_loss=0.1817 | train_acc=1.0000 test_acc=0.9959 | ‖W‖=49.65 rank=29.5 fourier=0.256 | time=11.9s
Step  2200 | train_loss=0.0338 test_loss=0.0497 | train_acc=1.0000 test_acc=1.0000 | ‖W‖=48.13 rank=29.3 fourier=0.261 | time=12.5s
Step  2300 | train_loss=0.0403 test_loss=0.0539 | train_acc=1.0000 test_acc=1.0000 | ‖W‖=45.02 rank=27.6 fourier=0.276 | time=13.1s
Step  2400 | train_loss=0.0480 test_loss=0.0635 | train_acc=1.0000 test_acc=1.0000 | ‖W‖=45.82 rank=26.8 fourier=0.287 | time=13.6s
Step  2500 | train_loss=0.0341 test_loss=0.0529 | train_acc=1.0000 test_acc=1.0000 | ‖W‖=49.42 rank=31.9 fourier=0.254 | time=14.1s
Step  2600 | train_loss=0.0353 test_loss=0.0466 | train_acc=1.0000 test_acc=1.0000 | ‖W‖=45.64 rank=29.8 fourier=0.269 | time=14.6s
Step  2700 | train_loss=0.0398 test_loss=0.0483 | train_acc=1.0000 test_acc=1.0000 | ‖W‖=43.12 rank=28.2 fourier=0.285 | time=15.2s
Step  2800 | train_loss=0.0654 test_loss=0.0810 | train_acc=1.0000 test_acc=0.9992 | ‖W‖=45.49 rank=27.6 fourier=0.297 | time=15.7s
Step  2900 | train_loss=0.0449 test_loss=0.0546 | train_acc=1.0000 test_acc=0.9996 | ‖W‖=45.24 rank=26.8 fourier=0.305 | time=16.3s
Step  3000 | train_loss=0.0413 test_loss=0.0586 | train_acc=1.0000 test_acc=0.9992 | ‖W‖=50.34 rank=29.5 fourier=0.278 | time=16.8s
Step  3100 | train_loss=0.0294 test_loss=0.0353 | train_acc=1.0000 test_acc=1.0000 | ‖W‖=45.13 rank=27.7 fourier=0.298 | time=17.4s
Step  3200 | train_loss=0.0375 test_loss=0.0433 | train_acc=1.0000 test_acc=1.0000 | ‖W‖=43.35 rank=26.6 fourier=0.313 | time=17.9s
Step  3300 | train_loss=0.0437 test_loss=0.0508 | train_acc=1.0000 test_acc=1.0000 | ‖W‖=44.20 rank=25.5 fourier=0.323 | time=18.5s
Step  3400 | train_loss=0.0376 test_loss=0.0439 | train_acc=1.0000 test_acc=1.0000 | ‖W‖=45.42 rank=24.7 fourier=0.333 | time=19.0s
Step  3500 | train_loss=0.0382 test_loss=0.0461 | train_acc=1.0000 test_acc=0.9996 | ‖W‖=46.80 rank=24.3 fourier=0.333 | time=19.6s
Step  3600 | train_loss=0.1067 test_loss=0.1361 | train_acc=0.9990 test_acc=0.9971 | ‖W‖=50.32 rank=26.2 fourier=0.306 | time=20.1s
Step  3700 | train_loss=0.0226 test_loss=0.0261 | train_acc=1.0000 test_acc=1.0000 | ‖W‖=45.75 rank=25.4 fourier=0.322 | time=20.6s
Step  3800 | train_loss=0.0308 test_loss=0.0350 | train_acc=1.0000 test_acc=1.0000 | ‖W‖=44.35 rank=24.0 fourier=0.338 | time=21.1s
Step  3900 | train_loss=0.0324 test_loss=0.0372 | train_acc=1.0000 test_acc=1.0000 | ‖W‖=44.43 rank=22.7 fourier=0.351 | time=21.7s
Step  4000 | train_loss=0.0697 test_loss=0.1015 | train_acc=1.0000 test_acc=0.9984 | ‖W‖=52.54 rank=29.5 fourier=0.282 | time=22.2s
Step  4100 | train_loss=0.0250 test_loss=0.0314 | train_acc=1.0000 test_acc=1.0000 | ‖W‖=48.53 rank=29.2 fourier=0.295 | time=22.8s
Step  4200 | train_loss=0.0318 test_loss=0.0368 | train_acc=1.0000 test_acc=1.0000 | ‖W‖=45.13 rank=27.8 fourier=0.311 | time=23.3s
Step  4300 | train_loss=0.0356 test_loss=0.0404 | train_acc=1.0000 test_acc=1.0000 | ‖W‖=44.58 rank=25.8 fourier=0.331 | time=23.9s
Step  4400 | train_loss=0.0380 test_loss=0.0429 | train_acc=1.0000 test_acc=1.0000 | ‖W‖=44.63 rank=23.4 fourier=0.348 | time=24.5s
Step  4500 | train_loss=0.0372 test_loss=0.0434 | train_acc=1.0000 test_acc=1.0000 | ‖W‖=48.96 rank=23.1 fourier=0.346 | time=25.0s
Step  4600 | train_loss=0.0344 test_loss=0.0389 | train_acc=1.0000 test_acc=1.0000 | ‖W‖=46.29 rank=22.0 fourier=0.359 | time=25.5s
Step  4700 | train_loss=0.0395 test_loss=0.0455 | train_acc=1.0000 test_acc=1.0000 | ‖W‖=47.34 rank=22.1 fourier=0.357 | time=26.1s
Step  4800 | train_loss=0.0656 test_loss=0.0840 | train_acc=1.0000 test_acc=0.9992 | ‖W‖=51.10 rank=24.0 fourier=0.330 | time=26.7s
Step  4900 | train_loss=0.0242 test_loss=0.0278 | train_acc=1.0000 test_acc=1.0000 | ‖W‖=47.18 rank=22.7 fourier=0.354 | time=27.2s
Step  5000 | train_loss=0.0342 test_loss=0.0413 | train_acc=1.0000 test_acc=1.0000 | ‖W‖=49.01 rank=23.1 fourier=0.351 | time=27.7s
Step  5100 | train_loss=0.0348 test_loss=0.0406 | train_acc=1.0000 test_acc=1.0000 | ‖W‖=46.68 rank=22.1 fourier=0.359 | time=28.3s
Step  5200 | train_loss=0.0298 test_loss=0.0371 | train_acc=1.0000 test_acc=1.0000 | ‖W‖=52.29 rank=25.7 fourier=0.327 | time=28.8s
Step  5300 | train_loss=0.0214 test_loss=0.0246 | train_acc=1.0000 test_acc=1.0000 | ‖W‖=47.14 rank=23.5 fourier=0.347 | time=29.5s
Step  5400 | train_loss=0.0293 test_loss=0.0326 | train_acc=1.0000 test_acc=1.0000 | ‖W‖=45.39 rank=21.7 fourier=0.357 | time=30.0s
Step  5500 | train_loss=0.0507 test_loss=0.0593 | train_acc=0.9990 test_acc=0.9996 | ‖W‖=46.67 rank=21.9 fourier=0.358 | time=30.5s
Step  5600 | train_loss=0.0170 test_loss=0.0206 | train_acc=1.0000 test_acc=1.0000 | ‖W‖=52.09 rank=25.5 fourier=0.335 | time=31.0s
Step  5700 | train_loss=0.0218 test_loss=0.0248 | train_acc=1.0000 test_acc=1.0000 | ‖W‖=47.53 rank=23.1 fourier=0.352 | time=31.6s
Step  5800 | train_loss=0.0282 test_loss=0.0314 | train_acc=1.0000 test_acc=1.0000 | ‖W‖=46.15 rank=21.3 fourier=0.361 | time=32.1s
Step  5900 | train_loss=0.0330 test_loss=0.0379 | train_acc=1.0000 test_acc=0.9996 | ‖W‖=50.96 rank=22.9 fourier=0.351 | time=32.6s
Step  6000 | train_loss=0.0266 test_loss=0.0299 | train_acc=1.0000 test_acc=1.0000 | ‖W‖=47.39 rank=21.5 fourier=0.364 | time=33.2s
Step  6100 | train_loss=0.0351 test_loss=0.0426 | train_acc=1.0000 test_acc=1.0000 | ‖W‖=50.94 rank=23.4 fourier=0.347 | time=33.8s
Step  6200 | train_loss=0.0233 test_loss=0.0263 | train_acc=1.0000 test_acc=1.0000 | ‖W‖=47.29 rank=21.4 fourier=0.366 | time=34.3s
Step  6300 | train_loss=0.0349 test_loss=0.0403 | train_acc=1.0000 test_acc=1.0000 | ‖W‖=48.48 rank=22.1 fourier=0.358 | time=34.8s
Step  6400 | train_loss=0.0249 test_loss=0.0284 | train_acc=1.0000 test_acc=1.0000 | ‖W‖=49.04 rank=22.3 fourier=0.359 | time=35.3s
Step  6500 | train_loss=0.1632 test_loss=0.2115 | train_acc=0.9952 test_acc=0.9930 | ‖W‖=55.67 rank=27.3 fourier=0.292 | time=35.9s
Step  6600 | train_loss=0.0157 test_loss=0.0193 | train_acc=1.0000 test_acc=1.0000 | ‖W‖=53.37 rank=27.5 fourier=0.328 | time=36.4s
Step  6700 | train_loss=0.0211 test_loss=0.0251 | train_acc=1.0000 test_acc=1.0000 | ‖W‖=50.23 rank=26.5 fourier=0.340 | time=36.9s
Step  6800 | train_loss=0.0251 test_loss=0.0282 | train_acc=1.0000 test_acc=1.0000 | ‖W‖=47.44 rank=23.5 fourier=0.360 | time=37.5s
Step  6900 | train_loss=0.0298 test_loss=0.0332 | train_acc=1.0000 test_acc=1.0000 | ‖W‖=45.63 rank=20.9 fourier=0.373 | time=38.1s
Step  7000 | train_loss=0.0319 test_loss=0.0351 | train_acc=1.0000 test_acc=1.0000 | ‖W‖=46.02 rank=20.9 fourier=0.374 | time=38.6s
Step  7100 | train_loss=0.5161 test_loss=0.5997 | train_acc=0.9598 test_acc=0.9339 | ‖W‖=55.61 rank=27.4 fourier=0.281 | time=39.1s
Step  7200 | train_loss=0.0245 test_loss=0.0303 | train_acc=1.0000 test_acc=1.0000 | ‖W‖=52.45 rank=28.1 fourier=0.323 | time=39.7s
Step  7300 | train_loss=0.0273 test_loss=0.0320 | train_acc=1.0000 test_acc=1.0000 | ‖W‖=48.22 rank=27.0 fourier=0.337 | time=40.3s
Step  7400 | train_loss=0.0300 test_loss=0.0335 | train_acc=1.0000 test_acc=1.0000 | ‖W‖=44.88 rank=23.5 fourier=0.361 | time=40.8s
Step  7500 | train_loss=0.0344 test_loss=0.0377 | train_acc=1.0000 test_acc=1.0000 | ‖W‖=42.56 rank=20.6 fourier=0.375 | time=41.3s
Step  7600 | train_loss=0.0434 test_loss=0.0479 | train_acc=1.0000 test_acc=1.0000 | ‖W‖=42.17 rank=20.9 fourier=0.376 | time=41.8s
Step  7700 | train_loss=0.0315 test_loss=0.0352 | train_acc=1.0000 test_acc=1.0000 | ‖W‖=42.43 rank=20.9 fourier=0.376 | time=42.4s
Step  7800 | train_loss=0.0659 test_loss=0.0757 | train_acc=1.0000 test_acc=1.0000 | ‖W‖=42.79 rank=21.7 fourier=0.370 | time=42.9s
Step  7900 | train_loss=0.0261 test_loss=0.0293 | train_acc=1.0000 test_acc=1.0000 | ‖W‖=42.63 rank=20.9 fourier=0.374 | time=43.5s
Step  8000 | train_loss=0.0573 test_loss=0.0647 | train_acc=1.0000 test_acc=1.0000 | ‖W‖=42.97 rank=22.0 fourier=0.362 | time=44.0s
Step  8100 | train_loss=0.0246 test_loss=0.0277 | train_acc=1.0000 test_acc=1.0000 | ‖W‖=42.10 rank=20.8 fourier=0.374 | time=44.6s
Step  8200 | train_loss=0.0793 test_loss=0.0913 | train_acc=1.0000 test_acc=1.0000 | ‖W‖=43.43 rank=22.7 fourier=0.351 | time=45.1s
Step  8300 | train_loss=0.0224 test_loss=0.0249 | train_acc=1.0000 test_acc=1.0000 | ‖W‖=42.01 rank=20.7 fourier=0.371 | time=45.7s
Step  8400 | train_loss=0.0921 test_loss=0.1087 | train_acc=1.0000 test_acc=1.0000 | ‖W‖=43.15 rank=22.9 fourier=0.343 | time=46.2s
Step  8500 | train_loss=0.0194 test_loss=0.0216 | train_acc=1.0000 test_acc=1.0000 | ‖W‖=42.03 rank=20.7 fourier=0.366 | time=46.8s
Step  8600 | train_loss=0.0295 test_loss=0.0327 | train_acc=1.0000 test_acc=1.0000 | ‖W‖=40.44 rank=20.8 fourier=0.369 | time=47.3s
Step  8700 | train_loss=0.0288 test_loss=0.0329 | train_acc=1.0000 test_acc=1.0000 | ‖W‖=41.43 rank=21.7 fourier=0.359 | time=47.8s
Step  8800 | train_loss=0.0243 test_loss=0.0272 | train_acc=1.0000 test_acc=1.0000 | ‖W‖=40.30 rank=21.0 fourier=0.367 | time=48.3s
Step  8900 | train_loss=0.3172 test_loss=0.4208 | train_acc=0.9943 test_acc=0.9754 | ‖W‖=50.35 rank=29.0 fourier=0.289 | time=48.9s
Step  9000 | train_loss=0.0293 test_loss=0.0373 | train_acc=1.0000 test_acc=1.0000 | ‖W‖=46.79 rank=29.8 fourier=0.304 | time=49.5s
Step  9100 | train_loss=0.0286 test_loss=0.0336 | train_acc=1.0000 test_acc=1.0000 | ‖W‖=44.32 rank=29.7 fourier=0.310 | time=50.0s
Step  9200 | train_loss=0.0318 test_loss=0.0352 | train_acc=1.0000 test_acc=1.0000 | ‖W‖=42.10 rank=27.6 fourier=0.325 | time=50.5s
Step  9300 | train_loss=0.0343 test_loss=0.0372 | train_acc=1.0000 test_acc=1.0000 | ‖W‖=40.12 rank=23.7 fourier=0.349 | time=51.1s
Step  9400 | train_loss=0.0400 test_loss=0.0434 | train_acc=1.0000 test_acc=1.0000 | ‖W‖=38.60 rank=20.7 fourier=0.363 | time=51.7s
Step  9500 | train_loss=0.0365 test_loss=0.0396 | train_acc=1.0000 test_acc=1.0000 | ‖W‖=38.11 rank=20.5 fourier=0.368 | time=52.2s
Step  9600 | train_loss=0.0339 test_loss=0.0377 | train_acc=1.0000 test_acc=1.0000 | ‖W‖=39.24 rank=21.7 fourier=0.361 | time=52.7s
Step  9700 | train_loss=0.0346 test_loss=0.0374 | train_acc=1.0000 test_acc=1.0000 | ‖W‖=37.74 rank=21.0 fourier=0.368 | time=53.3s
Step  9800 | train_loss=0.0538 test_loss=0.0606 | train_acc=1.0000 test_acc=1.0000 | ‖W‖=38.83 rank=22.2 fourier=0.355 | time=53.8s
Step  9900 | train_loss=0.0291 test_loss=0.0318 | train_acc=1.0000 test_acc=1.0000 | ‖W‖=37.89 rank=21.0 fourier=0.368 | time=54.3s
Step 10000 | train_loss=0.0467 test_loss=0.0532 | train_acc=1.0000 test_acc=1.0000 | ‖W‖=38.50 rank=22.1 fourier=0.355 | time=54.8s
Step 10100 | train_loss=0.0299 test_loss=0.0328 | train_acc=1.0000 test_acc=1.0000 | ‖W‖=37.50 rank=21.2 fourier=0.364 | time=55.5s
Step 10200 | train_loss=0.0414 test_loss=0.0492 | train_acc=1.0000 test_acc=1.0000 | ‖W‖=39.04 rank=23.4 fourier=0.345 | time=56.0s
Step 10300 | train_loss=0.0250 test_loss=0.0276 | train_acc=1.0000 test_acc=1.0000 | ‖W‖=37.38 rank=21.0 fourier=0.368 | time=56.5s
Step 10400 | train_loss=0.0379 test_loss=0.0419 | train_acc=1.0000 test_acc=1.0000 | ‖W‖=36.55 rank=21.5 fourier=0.359 | time=57.0s
Step 10500 | train_loss=0.0291 test_loss=0.0320 | train_acc=1.0000 test_acc=1.0000 | ‖W‖=36.53 rank=21.4 fourier=0.360 | time=57.6s
Step 10600 | train_loss=0.0541 test_loss=0.0611 | train_acc=1.0000 test_acc=1.0000 | ‖W‖=36.42 rank=22.1 fourier=0.349 | time=58.1s
Step 10700 | train_loss=0.0247 test_loss=0.0273 | train_acc=1.0000 test_acc=1.0000 | ‖W‖=36.02 rank=21.4 fourier=0.356 | time=58.6s
Step 10800 | train_loss=0.0473 test_loss=0.0531 | train_acc=1.0000 test_acc=1.0000 | ‖W‖=35.99 rank=22.0 fourier=0.346 | time=59.1s
Step 10900 | train_loss=0.0257 test_loss=0.0285 | train_acc=1.0000 test_acc=1.0000 | ‖W‖=35.48 rank=21.3 fourier=0.353 | time=59.8s
Step 11000 | train_loss=0.0690 test_loss=0.0743 | train_acc=1.0000 test_acc=1.0000 | ‖W‖=35.53 rank=22.4 fourier=0.339 | time=60.3s
Step 11100 | train_loss=0.0197 test_loss=0.0220 | train_acc=1.0000 test_acc=1.0000 | ‖W‖=35.43 rank=21.2 fourier=0.356 | time=60.8s
Step 11200 | train_loss=0.0292 test_loss=0.0326 | train_acc=1.0000 test_acc=1.0000 | ‖W‖=34.48 rank=21.6 fourier=0.350 | time=61.4s
Step 11300 | train_loss=0.0187 test_loss=0.0208 | train_acc=1.0000 test_acc=1.0000 | ‖W‖=35.23 rank=21.5 fourier=0.353 | time=62.0s
Step 11400 | train_loss=0.0329 test_loss=0.0370 | train_acc=1.0000 test_acc=1.0000 | ‖W‖=34.09 rank=21.3 fourier=0.353 | time=62.5s
Step 11500 | train_loss=0.0189 test_loss=0.0211 | train_acc=1.0000 test_acc=1.0000 | ‖W‖=34.80 rank=21.3 fourier=0.356 | time=63.0s
Step 11600 | train_loss=0.0305 test_loss=0.0344 | train_acc=1.0000 test_acc=1.0000 | ‖W‖=34.06 rank=21.6 fourier=0.351 | time=63.5s
Step 11700 | train_loss=0.0243 test_loss=0.0276 | train_acc=1.0000 test_acc=1.0000 | ‖W‖=34.12 rank=21.6 fourier=0.350 | time=64.1s
Step 11800 | train_loss=0.0233 test_loss=0.0262 | train_acc=1.0000 test_acc=1.0000 | ‖W‖=33.92 rank=21.6 fourier=0.350 | time=64.6s
Step 11900 | train_loss=0.0531 test_loss=0.0624 | train_acc=1.0000 test_acc=1.0000 | ‖W‖=34.93 rank=23.1 fourier=0.330 | time=65.1s
Step 12000 | train_loss=0.0151 test_loss=0.0169 | train_acc=1.0000 test_acc=1.0000 | ‖W‖=34.38 rank=21.1 fourier=0.354 | time=65.7s
Step 12100 | train_loss=0.0227 test_loss=0.0252 | train_acc=1.0000 test_acc=1.0000 | ‖W‖=33.26 rank=21.1 fourier=0.353 | time=66.3s
Step 12200 | train_loss=0.0225 test_loss=0.0258 | train_acc=1.0000 test_acc=1.0000 | ‖W‖=33.86 rank=21.4 fourier=0.350 | time=66.8s
Step 12300 | train_loss=0.0206 test_loss=0.0232 | train_acc=1.0000 test_acc=1.0000 | ‖W‖=33.44 rank=21.2 fourier=0.353 | time=67.3s
Step 12400 | train_loss=0.0477 test_loss=0.0588 | train_acc=1.0000 test_acc=1.0000 | ‖W‖=35.33 rank=23.6 fourier=0.328 | time=67.9s
Step 12500 | train_loss=0.0137 test_loss=0.0153 | train_acc=1.0000 test_acc=1.0000 | ‖W‖=34.55 rank=21.4 fourier=0.351 | time=68.5s
Step 12600 | train_loss=0.0198 test_loss=0.0220 | train_acc=1.0000 test_acc=1.0000 | ‖W‖=33.27 rank=20.9 fourier=0.354 | time=69.0s
Step 12700 | train_loss=0.0251 test_loss=0.0284 | train_acc=1.0000 test_acc=1.0000 | ‖W‖=33.03 rank=21.3 fourier=0.352 | time=69.5s
Step 12800 | train_loss=0.0119 test_loss=0.0137 | train_acc=1.0000 test_acc=1.0000 | ‖W‖=34.91 rank=22.1 fourier=0.348 | time=70.0s
Step 12900 | train_loss=0.0170 test_loss=0.0192 | train_acc=1.0000 test_acc=1.0000 | ‖W‖=33.50 rank=20.9 fourier=0.357 | time=70.6s
Step 13000 | train_loss=0.0253 test_loss=0.0286 | train_acc=1.0000 test_acc=1.0000 | ‖W‖=33.19 rank=21.3 fourier=0.352 | time=71.1s
Step 13100 | train_loss=0.0184 test_loss=0.0208 | train_acc=1.0000 test_acc=1.0000 | ‖W‖=33.36 rank=21.2 fourier=0.355 | time=71.7s
Step 13200 | train_loss=0.0276 test_loss=0.0328 | train_acc=1.0000 test_acc=1.0000 | ‖W‖=34.94 rank=23.1 fourier=0.337 | time=72.2s
Step 13300 | train_loss=0.0140 test_loss=0.0158 | train_acc=1.0000 test_acc=1.0000 | ‖W‖=34.07 rank=20.9 fourier=0.358 | time=72.8s
Step 13400 | train_loss=0.0195 test_loss=0.0221 | train_acc=1.0000 test_acc=1.0000 | ‖W‖=33.06 rank=21.0 fourier=0.355 | time=73.3s
Step 13500 | train_loss=0.0128 test_loss=0.0154 | train_acc=1.0000 test_acc=1.0000 | ‖W‖=35.97 rank=23.5 fourier=0.339 | time=73.9s
Step 13600 | train_loss=0.0135 test_loss=0.0151 | train_acc=1.0000 test_acc=1.0000 | ‖W‖=34.61 rank=21.1 fourier=0.358 | time=74.4s
Step 13700 | train_loss=0.0185 test_loss=0.0208 | train_acc=1.0000 test_acc=1.0000 | ‖W‖=33.51 rank=20.9 fourier=0.357 | time=75.0s
Step 13800 | train_loss=0.0212 test_loss=0.0242 | train_acc=1.0000 test_acc=1.0000 | ‖W‖=33.57 rank=21.2 fourier=0.355 | time=75.5s
Step 13900 | train_loss=0.0294 test_loss=0.0342 | train_acc=1.0000 test_acc=1.0000 | ‖W‖=33.83 rank=21.4 fourier=0.352 | time=76.0s
Step 14000 | train_loss=0.0106 test_loss=0.0122 | train_acc=1.0000 test_acc=1.0000 | ‖W‖=35.43 rank=22.0 fourier=0.348 | time=76.5s
Step 14100 | train_loss=0.0163 test_loss=0.0186 | train_acc=1.0000 test_acc=1.0000 | ‖W‖=34.05 rank=21.1 fourier=0.354 | time=77.1s
Step 14200 | train_loss=0.0185 test_loss=0.0211 | train_acc=1.0000 test_acc=1.0000 | ‖W‖=34.20 rank=21.4 fourier=0.351 | time=77.7s
Step 14300 | train_loss=0.0183 test_loss=0.0210 | train_acc=1.0000 test_acc=1.0000 | ‖W‖=34.11 rank=21.5 fourier=0.351 | time=78.2s
Step 14400 | train_loss=0.0137 test_loss=0.0208 | train_acc=1.0000 test_acc=1.0000 | ‖W‖=42.95 rank=30.7 fourier=0.293 | time=78.7s
Step 14500 | train_loss=0.0165 test_loss=0.0210 | train_acc=1.0000 test_acc=1.0000 | ‖W‖=40.28 rank=30.6 fourier=0.303 | time=79.3s
Step 14600 | train_loss=0.0223 test_loss=0.0259 | train_acc=1.0000 test_acc=1.0000 | ‖W‖=38.44 rank=29.5 fourier=0.315 | time=79.9s
Step 14700 | train_loss=0.0241 test_loss=0.0273 | train_acc=1.0000 test_acc=1.0000 | ‖W‖=36.78 rank=26.9 fourier=0.332 | time=80.4s
Step 14800 | train_loss=0.0248 test_loss=0.0279 | train_acc=1.0000 test_acc=1.0000 | ‖W‖=35.33 rank=23.3 fourier=0.351 | time=80.9s
Step 14900 | train_loss=0.0250 test_loss=0.0281 | train_acc=1.0000 test_acc=1.0000 | ‖W‖=34.54 rank=21.4 fourier=0.358 | time=81.5s
Step 15000 | train_loss=0.0287 test_loss=0.0324 | train_acc=1.0000 test_acc=1.0000 | ‖W‖=34.68 rank=21.9 fourier=0.359 | time=82.0s
Step 15100 | train_loss=0.0251 test_loss=0.0284 | train_acc=1.0000 test_acc=1.0000 | ‖W‖=33.92 rank=21.3 fourier=0.362 | time=82.5s
Step 15200 | train_loss=0.0216 test_loss=0.0248 | train_acc=1.0000 test_acc=1.0000 | ‖W‖=34.12 rank=21.5 fourier=0.358 | time=83.1s
Step 15300 | train_loss=0.0330 test_loss=0.0387 | train_acc=1.0000 test_acc=1.0000 | ‖W‖=34.07 rank=21.8 fourier=0.354 | time=83.7s
Step 15400 | train_loss=0.0195 test_loss=0.0224 | train_acc=1.0000 test_acc=1.0000 | ‖W‖=34.32 rank=21.9 fourier=0.353 | time=84.2s
Step 15500 | train_loss=0.1458 test_loss=0.1672 | train_acc=1.0000 test_acc=1.0000 | ‖W‖=34.27 rank=22.5 fourier=0.344 | time=84.7s
Step 15600 | train_loss=0.0123 test_loss=0.0146 | train_acc=1.0000 test_acc=1.0000 | ‖W‖=36.58 rank=24.1 fourier=0.345 | time=85.2s
Step 15700 | train_loss=0.0186 test_loss=0.0214 | train_acc=1.0000 test_acc=1.0000 | ‖W‖=35.06 rank=21.8 fourier=0.356 | time=85.8s
Step 15800 | train_loss=0.0250 test_loss=0.0286 | train_acc=1.0000 test_acc=1.0000 | ‖W‖=34.30 rank=21.7 fourier=0.356 | time=86.3s
Step 15900 | train_loss=0.0246 test_loss=0.0283 | train_acc=1.0000 test_acc=1.0000 | ‖W‖=34.33 rank=21.7 fourier=0.354 | time=86.9s
Step 16000 | train_loss=0.0252 test_loss=0.0288 | train_acc=1.0000 test_acc=1.0000 | ‖W‖=34.75 rank=21.8 fourier=0.350 | time=87.4s
Step 16100 | train_loss=0.0258 test_loss=0.0303 | train_acc=1.0000 test_acc=1.0000 | ‖W‖=34.56 rank=21.8 fourier=0.349 | time=88.0s
Step 16200 | train_loss=0.6376 test_loss=0.6711 | train_acc=0.9799 test_acc=0.9676 | ‖W‖=35.03 rank=22.6 fourier=0.340 | time=88.5s
Step 16300 | train_loss=0.0106 test_loss=0.0135 | train_acc=1.0000 test_acc=1.0000 | ‖W‖=38.09 rank=26.3 fourier=0.330 | time=89.0s
Step 16400 | train_loss=0.0163 test_loss=0.0190 | train_acc=1.0000 test_acc=1.0000 | ‖W‖=36.92 rank=24.1 fourier=0.346 | time=89.5s
Step 16500 | train_loss=0.0221 test_loss=0.0254 | train_acc=1.0000 test_acc=1.0000 | ‖W‖=35.55 rank=21.6 fourier=0.356 | time=90.1s
Step 16600 | train_loss=0.0256 test_loss=0.0291 | train_acc=1.0000 test_acc=1.0000 | ‖W‖=34.82 rank=21.2 fourier=0.359 | time=90.6s
Step 16700 | train_loss=0.0225 test_loss=0.0258 | train_acc=1.0000 test_acc=1.0000 | ‖W‖=35.35 rank=21.3 fourier=0.354 | time=91.2s
Step 16800 | train_loss=0.0256 test_loss=0.0292 | train_acc=1.0000 test_acc=1.0000 | ‖W‖=35.11 rank=21.2 fourier=0.357 | time=91.7s
Step 16900 | train_loss=0.0214 test_loss=0.0246 | train_acc=1.0000 test_acc=1.0000 | ‖W‖=35.16 rank=21.0 fourier=0.356 | time=92.3s
Step 17000 | train_loss=0.0328 test_loss=0.0524 | train_acc=1.0000 test_acc=1.0000 | ‖W‖=47.50 rank=32.6 fourier=0.279 | time=92.8s
Step 17100 | train_loss=0.0220 test_loss=0.0290 | train_acc=1.0000 test_acc=1.0000 | ‖W‖=43.87 rank=32.8 fourier=0.287 | time=93.4s
Step 17200 | train_loss=0.0287 test_loss=0.0336 | train_acc=1.0000 test_acc=1.0000 | ‖W‖=41.48 rank=31.8 fourier=0.298 | time=93.9s
Step 17300 | train_loss=0.0315 test_loss=0.0353 | train_acc=1.0000 test_acc=1.0000 | ‖W‖=39.59 rank=29.3 fourier=0.317 | time=94.5s
Step 17400 | train_loss=0.0329 test_loss=0.0367 | train_acc=1.0000 test_acc=1.0000 | ‖W‖=37.83 rank=25.4 fourier=0.340 | time=95.0s
Step 17500 | train_loss=0.0862 test_loss=0.1009 | train_acc=1.0000 test_acc=1.0000 | ‖W‖=37.92 rank=24.5 fourier=0.338 | time=95.5s
Step 17600 | train_loss=0.0271 test_loss=0.0303 | train_acc=1.0000 test_acc=1.0000 | ‖W‖=36.62 rank=23.0 fourier=0.354 | time=96.0s
Step 17700 | train_loss=0.0348 test_loss=0.0384 | train_acc=1.0000 test_acc=1.0000 | ‖W‖=35.06 rank=22.0 fourier=0.358 | time=96.6s
Step 17800 | train_loss=0.0455 test_loss=0.0510 | train_acc=1.0000 test_acc=1.0000 | ‖W‖=35.17 rank=22.6 fourier=0.359 | time=97.2s
Step 17900 | train_loss=0.0305 test_loss=0.0340 | train_acc=1.0000 test_acc=1.0000 | ‖W‖=34.53 rank=21.9 fourier=0.361 | time=97.7s
Step 18000 | train_loss=0.0551 test_loss=0.0668 | train_acc=1.0000 test_acc=1.0000 | ‖W‖=36.36 rank=24.6 fourier=0.332 | time=98.2s
Step 18100 | train_loss=0.0231 test_loss=0.0257 | train_acc=1.0000 test_acc=1.0000 | ‖W‖=35.05 rank=21.7 fourier=0.364 | time=98.8s
Step 18200 | train_loss=0.0322 test_loss=0.0358 | train_acc=1.0000 test_acc=1.0000 | ‖W‖=33.91 rank=21.6 fourier=0.363 | time=99.4s
Step 18300 | train_loss=0.0385 test_loss=0.0428 | train_acc=1.0000 test_acc=1.0000 | ‖W‖=34.19 rank=21.9 fourier=0.360 | time=99.9s
Step 18400 | train_loss=0.0322 test_loss=0.0360 | train_acc=1.0000 test_acc=1.0000 | ‖W‖=34.34 rank=22.0 fourier=0.358 | time=100.4s
Step 18500 | train_loss=0.0259 test_loss=0.0288 | train_acc=1.0000 test_acc=1.0000 | ‖W‖=34.47 rank=21.6 fourier=0.357 | time=101.0s
Step 18600 | train_loss=0.0515 test_loss=0.0634 | train_acc=1.0000 test_acc=1.0000 | ‖W‖=36.35 rank=24.6 fourier=0.330 | time=101.5s
Step 18700 | train_loss=0.0205 test_loss=0.0230 | train_acc=1.0000 test_acc=1.0000 | ‖W‖=35.36 rank=21.5 fourier=0.358 | time=102.0s
Step 18800 | train_loss=0.0281 test_loss=0.0313 | train_acc=1.0000 test_acc=1.0000 | ‖W‖=34.24 rank=21.2 fourier=0.359 | time=102.5s
Step 18900 | train_loss=0.0327 test_loss=0.0375 | train_acc=1.0000 test_acc=1.0000 | ‖W‖=34.86 rank=21.7 fourier=0.356 | time=103.2s
Step 19000 | train_loss=0.0268 test_loss=0.0300 | train_acc=1.0000 test_acc=1.0000 | ‖W‖=34.50 rank=21.1 fourier=0.358 | time=103.7s
Step 19100 | train_loss=0.0325 test_loss=0.0372 | train_acc=1.0000 test_acc=1.0000 | ‖W‖=34.80 rank=21.7 fourier=0.354 | time=104.2s
Step 19200 | train_loss=0.0263 test_loss=0.0298 | train_acc=1.0000 test_acc=1.0000 | ‖W‖=34.46 rank=21.1 fourier=0.357 | time=104.7s
Step 19300 | train_loss=0.1406 test_loss=0.1800 | train_acc=1.0000 test_acc=0.9988 | ‖W‖=37.27 rank=25.3 fourier=0.312 | time=105.4s
Step 19400 | train_loss=0.0148 test_loss=0.0172 | train_acc=1.0000 test_acc=1.0000 | ‖W‖=37.14 rank=23.9 fourier=0.348 | time=105.9s
Step 19500 | train_loss=0.0216 test_loss=0.0241 | train_acc=1.0000 test_acc=1.0000 | ‖W‖=35.88 rank=21.3 fourier=0.361 | time=106.4s
Step 19600 | train_loss=0.0295 test_loss=0.0335 | train_acc=1.0000 test_acc=1.0000 | ‖W‖=35.10 rank=20.9 fourier=0.362 | time=106.9s
Step 19700 | train_loss=0.0286 test_loss=0.0331 | train_acc=1.0000 test_acc=1.0000 | ‖W‖=35.40 rank=21.1 fourier=0.361 | time=107.5s
Step 19800 | train_loss=0.0269 test_loss=0.0308 | train_acc=1.0000 test_acc=1.0000 | ‖W‖=35.92 rank=21.3 fourier=0.358 | time=108.0s
Step 19900 | train_loss=0.0304 test_loss=0.0360 | train_acc=1.0000 test_acc=1.0000 | ‖W‖=36.19 rank=21.5 fourier=0.353 | time=108.5s
Step 20000 | train_loss=0.0152 test_loss=0.0178 | train_acc=1.0000 test_acc=1.0000 | ‖W‖=36.28 rank=21.2 fourier=0.359 | time=109.0s
Step 20100 | train_loss=0.0256 test_loss=0.0304 | train_acc=1.0000 test_acc=1.0000 | ‖W‖=36.02 rank=21.9 fourier=0.351 | time=109.7s
Step 20200 | train_loss=0.0207 test_loss=0.0251 | train_acc=1.0000 test_acc=1.0000 | ‖W‖=36.49 rank=22.0 fourier=0.352 | time=110.2s
Step 20300 | train_loss=0.0145 test_loss=0.0240 | train_acc=1.0000 test_acc=1.0000 | ‖W‖=44.53 rank=31.5 fourier=0.289 | time=110.7s
Step 20400 | train_loss=0.0169 test_loss=0.0226 | train_acc=1.0000 test_acc=1.0000 | ‖W‖=42.58 rank=31.1 fourier=0.299 | time=111.3s
Step 20500 | train_loss=0.0230 test_loss=0.0279 | train_acc=1.0000 test_acc=1.0000 | ‖W‖=41.21 rank=29.6 fourier=0.313 | time=111.8s
Step 20600 | train_loss=0.0251 test_loss=0.0297 | train_acc=1.0000 test_acc=1.0000 | ‖W‖=39.77 rank=26.5 fourier=0.331 | time=112.3s
Step 20700 | train_loss=0.0266 test_loss=0.0310 | train_acc=1.0000 test_acc=1.0000 | ‖W‖=38.49 rank=23.2 fourier=0.346 | time=112.8s
Step 20800 | train_loss=0.0376 test_loss=0.0447 | train_acc=1.0000 test_acc=1.0000 | ‖W‖=39.09 rank=23.3 fourier=0.344 | time=113.5s
Step 20900 | train_loss=0.0243 test_loss=0.0282 | train_acc=1.0000 test_acc=1.0000 | ‖W‖=37.79 rank=21.9 fourier=0.358 | time=114.0s
Step 21000 | train_loss=0.0334 test_loss=0.0395 | train_acc=1.0000 test_acc=1.0000 | ‖W‖=37.21 rank=21.9 fourier=0.360 | time=114.5s
Step 21100 | train_loss=0.0175 test_loss=0.0207 | train_acc=1.0000 test_acc=1.0000 | ‖W‖=38.16 rank=22.0 fourier=0.361 | time=115.0s
Step 21200 | train_loss=0.0254 test_loss=0.0299 | train_acc=1.0000 test_acc=1.0000 | ‖W‖=36.75 rank=21.6 fourier=0.365 | time=115.6s
Step 21300 | train_loss=0.0221 test_loss=0.0265 | train_acc=1.0000 test_acc=1.0000 | ‖W‖=37.95 rank=22.7 fourier=0.351 | time=116.2s
Step 21400 | train_loss=0.0210 test_loss=0.0244 | train_acc=1.0000 test_acc=1.0000 | ‖W‖=36.60 rank=21.4 fourier=0.363 | time=116.7s
Step 21500 | train_loss=0.0281 test_loss=0.0390 | train_acc=1.0000 test_acc=1.0000 | ‖W‖=41.47 rank=27.2 fourier=0.320 | time=117.2s
Step 21600 | train_loss=0.0141 test_loss=0.0169 | train_acc=1.0000 test_acc=1.0000 | ‖W‖=39.81 rank=25.0 fourier=0.350 | time=117.7s
Step 21700 | train_loss=0.0197 test_loss=0.0227 | train_acc=1.0000 test_acc=1.0000 | ‖W‖=38.08 rank=22.2 fourier=0.366 | time=118.3s
Step 21800 | train_loss=0.0251 test_loss=0.0287 | train_acc=1.0000 test_acc=1.0000 | ‖W‖=36.91 rank=21.5 fourier=0.371 | time=118.8s
Step 21900 | train_loss=0.0350 test_loss=0.0408 | train_acc=1.0000 test_acc=1.0000 | ‖W‖=38.08 rank=22.5 fourier=0.356 | time=119.4s
Step 22000 | train_loss=0.0207 test_loss=0.0235 | train_acc=1.0000 test_acc=1.0000 | ‖W‖=37.03 rank=21.3 fourier=0.368 | time=119.9s
Step 22100 | train_loss=0.0271 test_loss=0.0314 | train_acc=1.0000 test_acc=1.0000 | ‖W‖=36.93 rank=21.9 fourier=0.361 | time=120.5s
Step 22200 | train_loss=0.0169 test_loss=0.0202 | train_acc=1.0000 test_acc=1.0000 | ‖W‖=37.57 rank=21.8 fourier=0.364 | time=121.0s
Step 22300 | train_loss=0.0242 test_loss=0.0285 | train_acc=1.0000 test_acc=1.0000 | ‖W‖=36.80 rank=21.9 fourier=0.360 | time=121.6s
Step 22400 | train_loss=0.0298 test_loss=0.0347 | train_acc=1.0000 test_acc=1.0000 | ‖W‖=37.94 rank=22.4 fourier=0.353 | time=122.1s
Step 22500 | train_loss=0.0088 test_loss=0.0109 | train_acc=1.0000 test_acc=1.0000 | ‖W‖=38.99 rank=23.4 fourier=0.344 | time=122.7s
Step 22600 | train_loss=0.0139 test_loss=0.0168 | train_acc=1.0000 test_acc=1.0000 | ‖W‖=37.60 rank=21.7 fourier=0.355 | time=123.2s
Step 22700 | train_loss=0.0166 test_loss=0.0204 | train_acc=1.0000 test_acc=1.0000 | ‖W‖=36.97 rank=21.5 fourier=0.356 | time=123.7s
Step 22800 | train_loss=0.0141 test_loss=0.0198 | train_acc=1.0000 test_acc=1.0000 | ‖W‖=39.57 rank=24.7 fourier=0.329 | time=124.2s
Step 22900 | train_loss=0.0104 test_loss=0.0126 | train_acc=1.0000 test_acc=1.0000 | ‖W‖=38.26 rank=22.2 fourier=0.350 | time=124.8s
Step 23000 | train_loss=0.0163 test_loss=0.0194 | train_acc=1.0000 test_acc=1.0000 | ‖W‖=37.01 rank=21.7 fourier=0.355 | time=125.4s
Step 23100 | train_loss=0.1496 test_loss=0.1969 | train_acc=0.9990 test_acc=0.9914 | ‖W‖=40.42 rank=26.3 fourier=0.303 | time=125.9s
Step 23200 | train_loss=0.0085 test_loss=0.0113 | train_acc=1.0000 test_acc=1.0000 | ‖W‖=40.10 rank=26.5 fourier=0.324 | time=126.4s
Step 23300 | train_loss=0.0123 test_loss=0.0149 | train_acc=1.0000 test_acc=1.0000 | ‖W‖=38.81 rank=24.2 fourier=0.339 | time=127.0s
Step 23400 | train_loss=0.0171 test_loss=0.0199 | train_acc=1.0000 test_acc=1.0000 | ‖W‖=37.43 rank=22.1 fourier=0.350 | time=127.5s
Step 23500 | train_loss=0.0191 test_loss=0.0224 | train_acc=1.0000 test_acc=1.0000 | ‖W‖=36.82 rank=21.9 fourier=0.352 | time=128.0s
Step 23600 | train_loss=0.2668 test_loss=0.3706 | train_acc=0.9885 test_acc=0.9709 | ‖W‖=43.69 rank=28.2 fourier=0.272 | time=128.5s
Step 23700 | train_loss=0.0119 test_loss=0.0164 | train_acc=1.0000 test_acc=1.0000 | ‖W‖=42.77 rank=29.5 fourier=0.294 | time=129.1s
Step 23800 | train_loss=0.0176 test_loss=0.0215 | train_acc=1.0000 test_acc=1.0000 | ‖W‖=40.90 rank=27.7 fourier=0.307 | time=129.7s
Step 23900 | train_loss=0.0207 test_loss=0.0243 | train_acc=1.0000 test_acc=1.0000 | ‖W‖=39.07 rank=24.6 fourier=0.320 | time=130.2s
Step 24000 | train_loss=0.0240 test_loss=0.0282 | train_acc=1.0000 test_acc=1.0000 | ‖W‖=37.92 rank=23.0 fourier=0.327 | time=130.7s
Step 24100 | train_loss=0.0247 test_loss=0.0294 | train_acc=1.0000 test_acc=1.0000 | ‖W‖=37.41 rank=22.9 fourier=0.330 | time=131.3s
Step 24200 | train_loss=0.0263 test_loss=0.0317 | train_acc=1.0000 test_acc=1.0000 | ‖W‖=37.32 rank=23.1 fourier=0.335 | time=131.9s
Step 24300 | train_loss=0.0155 test_loss=0.0184 | train_acc=1.0000 test_acc=1.0000 | ‖W‖=37.36 rank=22.9 fourier=0.341 | time=132.4s
Step 24400 | train_loss=0.0246 test_loss=0.0295 | train_acc=1.0000 test_acc=1.0000 | ‖W‖=36.70 rank=23.0 fourier=0.340 | time=132.9s
Step 24500 | train_loss=0.0206 test_loss=0.0251 | train_acc=1.0000 test_acc=1.0000 | ‖W‖=37.03 rank=23.2 fourier=0.337 | time=133.5s
Step 24600 | train_loss=0.0413 test_loss=0.0506 | train_acc=1.0000 test_acc=1.0000 | ‖W‖=36.82 rank=23.0 fourier=0.337 | time=134.0s
Step 24700 | train_loss=0.0119 test_loss=0.0184 | train_acc=1.0000 test_acc=1.0000 | ‖W‖=43.99 rank=30.9 fourier=0.291 | time=134.5s
Step 24800 | train_loss=0.0173 test_loss=0.0219 | train_acc=1.0000 test_acc=1.0000 | ‖W‖=42.55 rank=29.9 fourier=0.303 | time=135.0s
Step 24900 | train_loss=0.0216 test_loss=0.0250 | train_acc=1.0000 test_acc=1.0000 | ‖W‖=41.00 rank=27.1 fourier=0.322 | time=135.6s
Step 25000 | train_loss=0.0254 test_loss=0.0290 | train_acc=1.0000 test_acc=1.0000 | ‖W‖=39.34 rank=23.9 fourier=0.336 | time=136.2s
Step 25100 | train_loss=0.0298 test_loss=0.0338 | train_acc=1.0000 test_acc=1.0000 | ‖W‖=38.25 rank=23.1 fourier=0.341 | time=136.7s
Step 25200 | train_loss=0.0352 test_loss=0.0425 | train_acc=1.0000 test_acc=1.0000 | ‖W‖=40.23 rank=24.5 fourier=0.334 | time=137.2s
Step 25300 | train_loss=0.0222 test_loss=0.0251 | train_acc=1.0000 test_acc=1.0000 | ‖W‖=38.48 rank=22.7 fourier=0.349 | time=137.8s
Step 25400 | train_loss=0.1205 test_loss=0.1452 | train_acc=1.0000 test_acc=1.0000 | ‖W‖=40.15 rank=25.3 fourier=0.324 | time=138.3s
Step 25500 | train_loss=0.0161 test_loss=0.0187 | train_acc=1.0000 test_acc=1.0000 | ‖W‖=39.55 rank=23.7 fourier=0.345 | time=138.9s
Step 25600 | train_loss=0.0228 test_loss=0.0258 | train_acc=1.0000 test_acc=1.0000 | ‖W‖=37.72 rank=22.5 fourier=0.353 | time=139.4s
Step 25700 | train_loss=0.0283 test_loss=0.0320 | train_acc=1.0000 test_acc=1.0000 | ‖W‖=37.19 rank=22.8 fourier=0.352 | time=140.0s
Step 25800 | train_loss=0.0303 test_loss=0.0348 | train_acc=1.0000 test_acc=1.0000 | ‖W‖=37.80 rank=23.3 fourier=0.346 | time=140.5s
Step 25900 | train_loss=0.0185 test_loss=0.0216 | train_acc=1.0000 test_acc=1.0000 | ‖W‖=37.39 rank=22.6 fourier=0.349 | time=141.1s
Step 26000 | train_loss=0.0715 test_loss=0.1187 | train_acc=1.0000 test_acc=0.9951 | ‖W‖=45.67 rank=30.2 fourier=0.294 | time=141.6s
Step 26100 | train_loss=0.0138 test_loss=0.0185 | train_acc=1.0000 test_acc=1.0000 | ‖W‖=43.56 rank=30.2 fourier=0.311 | time=142.1s
Step 26200 | train_loss=0.0199 test_loss=0.0238 | train_acc=1.0000 test_acc=1.0000 | ‖W‖=41.88 rank=28.6 fourier=0.324 | time=142.7s
Step 26300 | train_loss=0.0236 test_loss=0.0271 | train_acc=1.0000 test_acc=1.0000 | ‖W‖=40.05 rank=25.5 fourier=0.342 | time=143.2s
Step 26400 | train_loss=0.0272 test_loss=0.0306 | train_acc=1.0000 test_acc=1.0000 | ‖W‖=38.47 rank=23.5 fourier=0.350 | time=143.7s
Step 26500 | train_loss=0.0447 test_loss=0.0502 | train_acc=1.0000 test_acc=1.0000 | ‖W‖=37.93 rank=23.3 fourier=0.352 | time=144.2s
Step 26600 | train_loss=0.0242 test_loss=0.0277 | train_acc=1.0000 test_acc=1.0000 | ‖W‖=37.98 rank=23.1 fourier=0.352 | time=144.8s
Step 26700 | train_loss=0.0251 test_loss=0.0307 | train_acc=1.0000 test_acc=1.0000 | ‖W‖=40.06 rank=25.2 fourier=0.331 | time=145.4s
Step 26800 | train_loss=0.0196 test_loss=0.0225 | train_acc=1.0000 test_acc=1.0000 | ‖W‖=38.26 rank=23.2 fourier=0.351 | time=145.9s
Step 26900 | train_loss=0.0270 test_loss=0.0308 | train_acc=1.0000 test_acc=1.0000 | ‖W‖=37.07 rank=23.0 fourier=0.351 | time=146.4s
Step 27000 | train_loss=0.0359 test_loss=0.0462 | train_acc=1.0000 test_acc=1.0000 | ‖W‖=39.81 rank=26.5 fourier=0.313 | time=147.1s
Step 27100 | train_loss=0.0151 test_loss=0.0181 | train_acc=1.0000 test_acc=1.0000 | ‖W‖=38.44 rank=23.9 fourier=0.340 | time=147.6s
Step 27200 | train_loss=0.0208 test_loss=0.0240 | train_acc=1.0000 test_acc=1.0000 | ‖W‖=37.23 rank=23.3 fourier=0.345 | time=148.1s
Step 27300 | train_loss=0.0254 test_loss=0.0315 | train_acc=1.0000 test_acc=1.0000 | ‖W‖=37.57 rank=23.5 fourier=0.341 | time=148.6s
Step 27400 | train_loss=0.0404 test_loss=0.0486 | train_acc=1.0000 test_acc=1.0000 | ‖W‖=37.93 rank=23.9 fourier=0.333 | time=149.2s
Step 27500 | train_loss=0.0145 test_loss=0.0175 | train_acc=1.0000 test_acc=1.0000 | ‖W‖=37.82 rank=23.1 fourier=0.342 | time=149.8s
Step 27600 | train_loss=0.0162 test_loss=0.0201 | train_acc=1.0000 test_acc=1.0000 | ‖W‖=37.74 rank=23.3 fourier=0.336 | time=150.3s
Step 27700 | train_loss=0.1582 test_loss=0.1878 | train_acc=0.9990 test_acc=0.9947 | ‖W‖=37.47 rank=23.6 fourier=0.325 | time=150.8s
Step 27800 | train_loss=0.0116 test_loss=0.0181 | train_acc=1.0000 test_acc=1.0000 | ‖W‖=45.19 rank=30.3 fourier=0.295 | time=151.4s
Step 27900 | train_loss=0.0176 test_loss=0.0227 | train_acc=1.0000 test_acc=1.0000 | ‖W‖=43.19 rank=29.3 fourier=0.307 | time=151.9s
Step 28000 | train_loss=0.0224 test_loss=0.0267 | train_acc=1.0000 test_acc=1.0000 | ‖W‖=41.35 rank=26.9 fourier=0.325 | time=152.4s
Step 28100 | train_loss=0.0260 test_loss=0.0302 | train_acc=1.0000 test_acc=1.0000 | ‖W‖=39.44 rank=23.9 fourier=0.340 | time=152.9s
Step 28200 | train_loss=0.0306 test_loss=0.0356 | train_acc=1.0000 test_acc=1.0000 | ‖W‖=38.28 rank=23.3 fourier=0.344 | time=153.5s
Step 28300 | train_loss=0.0268 test_loss=0.0312 | train_acc=1.0000 test_acc=1.0000 | ‖W‖=38.12 rank=23.1 fourier=0.345 | time=154.1s
Step 28400 | train_loss=0.0948 test_loss=0.1220 | train_acc=1.0000 test_acc=0.9996 | ‖W‖=41.02 rank=25.7 fourier=0.314 | time=154.6s
Step 28500 | train_loss=0.0164 test_loss=0.0193 | train_acc=1.0000 test_acc=1.0000 | ‖W‖=39.76 rank=24.0 fourier=0.339 | time=155.2s
Step 28600 | train_loss=0.0231 test_loss=0.0264 | train_acc=1.0000 test_acc=1.0000 | ‖W‖=37.88 rank=22.7 fourier=0.347 | time=155.7s
Step 28700 | train_loss=0.0266 test_loss=0.0305 | train_acc=1.0000 test_acc=1.0000 | ‖W‖=37.29 rank=22.7 fourier=0.345 | time=156.3s
Step 28800 | train_loss=0.0354 test_loss=0.0443 | train_acc=1.0000 test_acc=1.0000 | ‖W‖=39.09 rank=24.1 fourier=0.327 | time=156.8s
Step 28900 | train_loss=0.0197 test_loss=0.0228 | train_acc=1.0000 test_acc=1.0000 | ‖W‖=37.77 rank=22.2 fourier=0.346 | time=157.3s
Step 29000 | train_loss=0.0526 test_loss=0.0622 | train_acc=1.0000 test_acc=1.0000 | ‖W‖=37.07 rank=22.7 fourier=0.340 | time=157.8s
Step 29100 | train_loss=0.0143 test_loss=0.0169 | train_acc=1.0000 test_acc=1.0000 | ‖W‖=39.36 rank=23.5 fourier=0.341 | time=158.4s
Step 29200 | train_loss=0.0212 test_loss=0.0245 | train_acc=1.0000 test_acc=1.0000 | ‖W‖=37.56 rank=22.4 fourier=0.348 | time=158.9s
Step 29300 | train_loss=0.0696 test_loss=0.0809 | train_acc=1.0000 test_acc=1.0000 | ‖W‖=37.12 rank=22.9 fourier=0.343 | time=159.5s
Step 29400 | train_loss=0.0124 test_loss=0.0153 | train_acc=1.0000 test_acc=1.0000 | ‖W‖=40.43 rank=26.0 fourier=0.319 | time=160.0s
Step 29500 | train_loss=0.0188 test_loss=0.0219 | train_acc=1.0000 test_acc=1.0000 | ‖W‖=38.68 rank=23.6 fourier=0.335 | time=160.6s
Step 29600 | train_loss=0.0243 test_loss=0.0278 | train_acc=1.0000 test_acc=1.0000 | ‖W‖=37.31 rank=23.0 fourier=0.342 | time=161.1s
Step 29700 | train_loss=0.0518 test_loss=0.0598 | train_acc=1.0000 test_acc=1.0000 | ‖W‖=37.38 rank=23.2 fourier=0.342 | time=161.7s
Step 29800 | train_loss=0.0192 test_loss=0.0225 | train_acc=1.0000 test_acc=1.0000 | ‖W‖=38.64 rank=23.4 fourier=0.340 | time=162.2s
Step 29900 | train_loss=0.0217 test_loss=0.0252 | train_acc=1.0000 test_acc=1.0000 | ‖W‖=37.90 rank=22.9 fourier=0.343 | time=162.8s
Step 30000 | train_loss=0.0193 test_loss=0.0231 | train_acc=1.0000 test_acc=1.0000 | ‖W‖=38.56 rank=23.3 fourier=0.341 | time=163.3s
Step 30100 | train_loss=0.9966 test_loss=1.3032 | train_acc=0.8400 test_acc=0.7124 | ‖W‖=49.84 rank=31.4 fourier=0.266 | time=163.8s
Step 30200 | train_loss=0.0282 test_loss=0.0484 | train_acc=1.0000 test_acc=1.0000 | ‖W‖=46.64 rank=32.5 fourier=0.278 | time=164.4s
Step 30300 | train_loss=0.0278 test_loss=0.0388 | train_acc=1.0000 test_acc=1.0000 | ‖W‖=43.77 rank=32.5 fourier=0.279 | time=165.0s
Step 30400 | train_loss=0.0318 test_loss=0.0397 | train_acc=1.0000 test_acc=1.0000 | ‖W‖=41.56 rank=31.5 fourier=0.289 | time=165.5s
Step 30500 | train_loss=0.0340 test_loss=0.0408 | train_acc=1.0000 test_acc=1.0000 | ‖W‖=39.85 rank=29.6 fourier=0.303 | time=166.0s
Step 30600 | train_loss=0.0350 test_loss=0.0407 | train_acc=1.0000 test_acc=1.0000 | ‖W‖=38.50 rank=27.0 fourier=0.321 | time=166.5s
Step 30700 | train_loss=0.0381 test_loss=0.0438 | train_acc=1.0000 test_acc=1.0000 | ‖W‖=37.43 rank=24.9 fourier=0.335 | time=167.1s
Step 30800 | train_loss=0.0461 test_loss=0.0575 | train_acc=1.0000 test_acc=1.0000 | ‖W‖=37.59 rank=24.8 fourier=0.336 | time=167.6s
Step 30900 | train_loss=0.0274 test_loss=0.0317 | train_acc=1.0000 test_acc=1.0000 | ‖W‖=36.68 rank=24.2 fourier=0.339 | time=168.1s
Step 31000 | train_loss=0.0379 test_loss=0.0431 | train_acc=1.0000 test_acc=1.0000 | ‖W‖=36.38 rank=24.4 fourier=0.338 | time=168.7s
Step 31100 | train_loss=0.0279 test_loss=0.0322 | train_acc=1.0000 test_acc=1.0000 | ‖W‖=35.66 rank=24.1 fourier=0.338 | time=169.3s
Step 31200 | train_loss=0.0522 test_loss=0.0592 | train_acc=1.0000 test_acc=1.0000 | ‖W‖=36.02 rank=24.9 fourier=0.329 | time=169.8s
Step 31300 | train_loss=0.0230 test_loss=0.0263 | train_acc=1.0000 test_acc=1.0000 | ‖W‖=35.40 rank=24.0 fourier=0.336 | time=170.3s
Step 31400 | train_loss=0.0285 test_loss=0.0332 | train_acc=1.0000 test_acc=1.0000 | ‖W‖=35.50 rank=24.4 fourier=0.331 | time=170.9s
Step 31500 | train_loss=0.0202 test_loss=0.0233 | train_acc=1.0000 test_acc=1.0000 | ‖W‖=35.34 rank=23.9 fourier=0.333 | time=171.5s
Step 31600 | train_loss=0.0319 test_loss=0.0373 | train_acc=1.0000 test_acc=1.0000 | ‖W‖=35.32 rank=24.9 fourier=0.322 | time=172.0s
Step 31700 | train_loss=0.0179 test_loss=0.0205 | train_acc=1.0000 test_acc=1.0000 | ‖W‖=35.08 rank=23.9 fourier=0.330 | time=172.5s
Step 31800 | train_loss=0.0287 test_loss=0.0328 | train_acc=1.0000 test_acc=1.0000 | ‖W‖=34.71 rank=24.2 fourier=0.327 | time=173.0s
Step 31900 | train_loss=0.0164 test_loss=0.0191 | train_acc=1.0000 test_acc=1.0000 | ‖W‖=34.81 rank=23.8 fourier=0.329 | time=173.6s
Step 32000 | train_loss=0.1100 test_loss=0.1311 | train_acc=1.0000 test_acc=1.0000 | ‖W‖=35.07 rank=24.8 fourier=0.317 | time=174.1s
Step 32100 | train_loss=0.0093 test_loss=0.0123 | train_acc=1.0000 test_acc=1.0000 | ‖W‖=37.66 rank=27.9 fourier=0.298 | time=174.7s
Step 32200 | train_loss=0.0135 test_loss=0.0159 | train_acc=1.0000 test_acc=1.0000 | ‖W‖=36.33 rank=25.8 fourier=0.313 | time=175.2s
Step 32300 | train_loss=0.0171 test_loss=0.0197 | train_acc=1.0000 test_acc=1.0000 | ‖W‖=34.98 rank=24.1 fourier=0.322 | time=175.8s
Step 32400 | train_loss=0.0179 test_loss=0.0206 | train_acc=1.0000 test_acc=1.0000 | ‖W‖=34.46 rank=23.8 fourier=0.325 | time=176.3s
Step 32500 | train_loss=0.0178 test_loss=0.0208 | train_acc=1.0000 test_acc=1.0000 | ‖W‖=34.64 rank=23.8 fourier=0.328 | time=176.9s
Step 32600 | train_loss=0.0196 test_loss=0.0235 | train_acc=1.0000 test_acc=1.0000 | ‖W‖=34.68 rank=23.8 fourier=0.326 | time=177.4s
Step 32700 | train_loss=0.0184 test_loss=0.0339 | train_acc=1.0000 test_acc=1.0000 | ‖W‖=43.49 rank=32.7 fourier=0.275 | time=178.0s
Step 32800 | train_loss=0.0205 test_loss=0.0279 | train_acc=1.0000 test_acc=1.0000 | ‖W‖=40.78 rank=32.4 fourier=0.281 | time=178.5s
Step 32900 | train_loss=0.0253 test_loss=0.0305 | train_acc=1.0000 test_acc=1.0000 | ‖W‖=38.85 rank=30.8 fourier=0.294 | time=179.0s
Step 33000 | train_loss=0.0279 test_loss=0.0322 | train_acc=1.0000 test_acc=1.0000 | ‖W‖=37.07 rank=27.8 fourier=0.312 | time=179.5s
Step 33100 | train_loss=0.0312 test_loss=0.0349 | train_acc=1.0000 test_acc=1.0000 | ‖W‖=35.47 rank=25.4 fourier=0.324 | time=180.1s
Step 33200 | train_loss=0.0631 test_loss=0.0763 | train_acc=1.0000 test_acc=1.0000 | ‖W‖=36.05 rank=25.7 fourier=0.322 | time=180.7s
Step 33300 | train_loss=0.0262 test_loss=0.0297 | train_acc=1.0000 test_acc=1.0000 | ‖W‖=35.25 rank=24.5 fourier=0.334 | time=181.2s
Step 33400 | train_loss=0.0330 test_loss=0.0374 | train_acc=1.0000 test_acc=1.0000 | ‖W‖=34.18 rank=24.4 fourier=0.336 | time=181.7s
Step 33500 | train_loss=0.0304 test_loss=0.0342 | train_acc=1.0000 test_acc=1.0000 | ‖W‖=34.67 rank=24.3 fourier=0.336 | time=182.3s
Step 33600 | train_loss=0.2344 test_loss=0.2872 | train_acc=0.9971 test_acc=0.9938 | ‖W‖=35.04 rank=25.5 fourier=0.321 | time=182.9s
Step 33700 | train_loss=0.0178 test_loss=0.0209 | train_acc=1.0000 test_acc=1.0000 | ‖W‖=36.28 rank=25.6 fourier=0.326 | time=183.4s
Step 33800 | train_loss=0.0258 test_loss=0.0294 | train_acc=1.0000 test_acc=1.0000 | ‖W‖=34.63 rank=24.7 fourier=0.333 | time=183.9s
Step 33900 | train_loss=0.0275 test_loss=0.0312 | train_acc=1.0000 test_acc=1.0000 | ‖W‖=34.39 rank=24.3 fourier=0.335 | time=184.5s
Step 34000 | train_loss=0.0244 test_loss=0.0287 | train_acc=1.0000 test_acc=1.0000 | ‖W‖=34.00 rank=24.1 fourier=0.335 | time=185.0s
Step 34100 | train_loss=0.0195 test_loss=0.0251 | train_acc=1.0000 test_acc=1.0000 | ‖W‖=36.12 rank=26.3 fourier=0.311 | time=185.5s
Step 34200 | train_loss=0.0177 test_loss=0.0216 | train_acc=1.0000 test_acc=1.0000 | ‖W‖=34.62 rank=24.6 fourier=0.327 | time=186.0s
Step 34300 | train_loss=0.0249 test_loss=0.0301 | train_acc=1.0000 test_acc=1.0000 | ‖W‖=34.36 rank=24.5 fourier=0.328 | time=186.7s
Step 34400 | train_loss=0.0147 test_loss=0.0182 | train_acc=1.0000 test_acc=1.0000 | ‖W‖=34.68 rank=24.5 fourier=0.324 | time=187.2s
Step 34500 | train_loss=0.0165 test_loss=0.0203 | train_acc=1.0000 test_acc=1.0000 | ‖W‖=33.80 rank=24.2 fourier=0.323 | time=187.7s
Step 34600 | train_loss=0.0255 test_loss=0.0603 | train_acc=1.0000 test_acc=0.9975 | ‖W‖=43.57 rank=32.3 fourier=0.271 | time=188.2s
Step 34700 | train_loss=0.0184 test_loss=0.0308 | train_acc=1.0000 test_acc=0.9996 | ‖W‖=40.37 rank=32.2 fourier=0.279 | time=188.8s
Step 34800 | train_loss=0.0228 test_loss=0.0300 | train_acc=1.0000 test_acc=1.0000 | ‖W‖=38.44 rank=30.9 fourier=0.291 | time=189.4s
Step 34900 | train_loss=0.0254 test_loss=0.0305 | train_acc=1.0000 test_acc=1.0000 | ‖W‖=36.63 rank=28.2 fourier=0.310 | time=189.9s
Step 35000 | train_loss=0.0291 test_loss=0.0339 | train_acc=1.0000 test_acc=1.0000 | ‖W‖=34.97 rank=25.9 fourier=0.325 | time=190.4s
Step 35100 | train_loss=0.0301 test_loss=0.0348 | train_acc=1.0000 test_acc=1.0000 | ‖W‖=34.23 rank=25.3 fourier=0.332 | time=191.0s
Step 35200 | train_loss=0.0340 test_loss=0.0399 | train_acc=1.0000 test_acc=1.0000 | ‖W‖=33.86 rank=25.1 fourier=0.336 | time=191.5s
Step 35300 | train_loss=0.0339 test_loss=0.0399 | train_acc=1.0000 test_acc=1.0000 | ‖W‖=33.66 rank=24.8 fourier=0.336 | time=192.1s
Step 35400 | train_loss=0.0293 test_loss=0.0344 | train_acc=1.0000 test_acc=1.0000 | ‖W‖=34.40 rank=24.9 fourier=0.330 | time=192.6s
Step 35500 | train_loss=0.0268 test_loss=0.0311 | train_acc=1.0000 test_acc=1.0000 | ‖W‖=32.96 rank=24.1 fourier=0.335 | time=193.2s
Step 35600 | train_loss=0.0292 test_loss=0.0332 | train_acc=1.0000 test_acc=1.0000 | ‖W‖=33.07 rank=24.2 fourier=0.332 | time=193.7s
Step 35700 | train_loss=0.0186 test_loss=0.0219 | train_acc=1.0000 test_acc=1.0000 | ‖W‖=34.20 rank=25.1 fourier=0.318 | time=194.2s
Step 35800 | train_loss=0.0246 test_loss=0.0284 | train_acc=1.0000 test_acc=1.0000 | ‖W‖=32.63 rank=24.3 fourier=0.325 | time=194.7s
Step 35900 | train_loss=0.0933 test_loss=0.1269 | train_acc=1.0000 test_acc=1.0000 | ‖W‖=34.64 rank=26.8 fourier=0.299 | time=195.3s
Step 36000 | train_loss=0.0168 test_loss=0.0197 | train_acc=1.0000 test_acc=1.0000 | ‖W‖=33.94 rank=24.9 fourier=0.319 | time=195.9s
Step 36100 | train_loss=0.0241 test_loss=0.0276 | train_acc=1.0000 test_acc=1.0000 | ‖W‖=32.37 rank=24.1 fourier=0.327 | time=196.4s
Step 36200 | train_loss=0.0326 test_loss=0.0384 | train_acc=1.0000 test_acc=1.0000 | ‖W‖=32.25 rank=24.1 fourier=0.326 | time=196.9s
Step 36300 | train_loss=0.0347 test_loss=0.0401 | train_acc=1.0000 test_acc=1.0000 | ‖W‖=32.12 rank=24.2 fourier=0.324 | time=197.5s
Step 36400 | train_loss=0.0137 test_loss=0.0167 | train_acc=1.0000 test_acc=1.0000 | ‖W‖=34.52 rank=25.9 fourier=0.313 | time=198.1s
Step 36500 | train_loss=0.0197 test_loss=0.0224 | train_acc=1.0000 test_acc=1.0000 | ‖W‖=32.84 rank=24.4 fourier=0.325 | time=198.6s
Step 36600 | train_loss=0.0258 test_loss=0.0292 | train_acc=1.0000 test_acc=1.0000 | ‖W‖=31.91 rank=24.2 fourier=0.328 | time=199.1s
Step 36700 | train_loss=0.0354 test_loss=0.0420 | train_acc=1.0000 test_acc=1.0000 | ‖W‖=32.36 rank=24.3 fourier=0.325 | time=199.6s
Step 36800 | train_loss=0.0203 test_loss=0.0238 | train_acc=1.0000 test_acc=1.0000 | ‖W‖=32.64 rank=23.9 fourier=0.326 | time=200.2s
Step 36900 | train_loss=0.0202 test_loss=0.0239 | train_acc=1.0000 test_acc=1.0000 | ‖W‖=32.10 rank=23.9 fourier=0.323 | time=200.7s
Step 37000 | train_loss=0.0156 test_loss=0.0188 | train_acc=1.0000 test_acc=1.0000 | ‖W‖=32.34 rank=24.1 fourier=0.317 | time=201.2s
Step 37100 | train_loss=0.0197 test_loss=0.0235 | train_acc=1.0000 test_acc=1.0000 | ‖W‖=31.85 rank=24.3 fourier=0.315 | time=201.8s
Step 37200 | train_loss=0.0113 test_loss=0.0139 | train_acc=1.0000 test_acc=1.0000 | ‖W‖=32.45 rank=24.4 fourier=0.313 | time=202.4s
Step 37300 | train_loss=0.0178 test_loss=0.0213 | train_acc=1.0000 test_acc=1.0000 | ‖W‖=31.57 rank=24.1 fourier=0.315 | time=202.9s
Step 37400 | train_loss=0.0747 test_loss=0.1412 | train_acc=1.0000 test_acc=0.9897 | ‖W‖=42.35 rank=33.0 fourier=0.254 | time=203.4s
Step 37500 | train_loss=0.0166 test_loss=0.0275 | train_acc=1.0000 test_acc=1.0000 | ‖W‖=39.02 rank=33.4 fourier=0.261 | time=204.0s
Step 37600 | train_loss=0.0228 test_loss=0.0291 | train_acc=1.0000 test_acc=1.0000 | ‖W‖=37.24 rank=32.8 fourier=0.271 | time=204.6s
Step 37700 | train_loss=0.0269 test_loss=0.0318 | train_acc=1.0000 test_acc=1.0000 | ‖W‖=35.75 rank=30.9 fourier=0.287 | time=205.1s
Step 37800 | train_loss=0.0297 test_loss=0.0341 | train_acc=1.0000 test_acc=1.0000 | ‖W‖=34.27 rank=28.0 fourier=0.305 | time=205.6s
Step 37900 | train_loss=0.0331 test_loss=0.0374 | train_acc=1.0000 test_acc=1.0000 | ‖W‖=32.98 rank=26.5 fourier=0.314 | time=206.1s
Step 38000 | train_loss=0.0344 test_loss=0.0391 | train_acc=1.0000 test_acc=1.0000 | ‖W‖=32.97 rank=26.3 fourier=0.320 | time=206.7s
Step 38100 | train_loss=0.1066 test_loss=0.1205 | train_acc=1.0000 test_acc=0.9992 | ‖W‖=33.46 rank=26.4 fourier=0.320 | time=207.2s
Step 38200 | train_loss=0.0226 test_loss=0.0260 | train_acc=1.0000 test_acc=1.0000 | ‖W‖=33.61 rank=25.5 fourier=0.328 | time=207.8s
Step 38300 | train_loss=0.0261 test_loss=0.0300 | train_acc=1.0000 test_acc=1.0000 | ‖W‖=32.41 rank=25.1 fourier=0.330 | time=208.3s
Step 38400 | train_loss=2.0934 test_loss=2.2417 | train_acc=0.4933 test_acc=0.4358 | ‖W‖=35.01 rank=28.9 fourier=0.284 | time=208.9s
Step 38500 | train_loss=0.0216 test_loss=0.0325 | train_acc=1.0000 test_acc=1.0000 | ‖W‖=40.47 rank=33.6 fourier=0.264 | time=209.4s
Step 38600 | train_loss=0.0277 test_loss=0.0341 | train_acc=1.0000 test_acc=1.0000 | ‖W‖=37.80 rank=32.6 fourier=0.275 | time=209.9s
Step 38700 | train_loss=0.0311 test_loss=0.0361 | train_acc=1.0000 test_acc=1.0000 | ‖W‖=35.88 rank=30.3 fourier=0.293 | time=210.4s
Step 38800 | train_loss=0.0335 test_loss=0.0381 | train_acc=1.0000 test_acc=1.0000 | ‖W‖=34.17 rank=27.8 fourier=0.309 | time=211.0s
Step 38900 | train_loss=0.0349 test_loss=0.0392 | train_acc=1.0000 test_acc=1.0000 | ‖W‖=33.10 rank=26.7 fourier=0.318 | time=211.5s
Step 39000 | train_loss=0.0292 test_loss=0.0337 | train_acc=1.0000 test_acc=1.0000 | ‖W‖=34.36 rank=26.3 fourier=0.320 | time=212.1s
Step 39100 | train_loss=0.0315 test_loss=0.0355 | train_acc=1.0000 test_acc=1.0000 | ‖W‖=32.70 rank=25.5 fourier=0.326 | time=212.6s
Step 39200 | train_loss=0.0294 test_loss=0.0361 | train_acc=1.0000 test_acc=1.0000 | ‖W‖=35.43 rank=27.0 fourier=0.313 | time=213.2s
Step 39300 | train_loss=0.0239 test_loss=0.0271 | train_acc=1.0000 test_acc=1.0000 | ‖W‖=33.54 rank=24.9 fourier=0.330 | time=213.7s
Step 39400 | train_loss=0.0312 test_loss=0.0355 | train_acc=1.0000 test_acc=1.0000 | ‖W‖=32.32 rank=24.5 fourier=0.334 | time=214.3s
Step 39500 | train_loss=0.0372 test_loss=0.0486 | train_acc=1.0000 test_acc=1.0000 | ‖W‖=34.78 rank=26.4 fourier=0.306 | time=214.8s
Step 39600 | train_loss=0.0210 test_loss=0.0240 | train_acc=1.0000 test_acc=1.0000 | ‖W‖=33.19 rank=24.4 fourier=0.328 | time=215.3s
Step 39700 | train_loss=0.0290 test_loss=0.0331 | train_acc=1.0000 test_acc=1.0000 | ‖W‖=32.14 rank=24.1 fourier=0.331 | time=215.9s
Step 39800 | train_loss=0.0259 test_loss=0.0298 | train_acc=1.0000 test_acc=1.0000 | ‖W‖=32.90 rank=24.2 fourier=0.329 | time=216.4s
Step 39900 | train_loss=0.0362 test_loss=0.0422 | train_acc=1.0000 test_acc=1.0000 | ‖W‖=32.38 rank=24.0 fourier=0.327 | time=216.9s
Step 40000 | train_loss=0.0156 test_loss=0.0188 | train_acc=1.0000 test_acc=1.0000 | ‖W‖=34.50 rank=25.6 fourier=0.313 | time=217.5s
Step 40100 | train_loss=0.0222 test_loss=0.0254 | train_acc=1.0000 test_acc=1.0000 | ‖W‖=32.94 rank=24.4 fourier=0.325 | time=218.1s
Step 40200 | train_loss=0.0330 test_loss=0.0387 | train_acc=1.0000 test_acc=1.0000 | ‖W‖=32.49 rank=24.4 fourier=0.324 | time=218.6s
Step 40300 | train_loss=0.0238 test_loss=0.0272 | train_acc=1.0000 test_acc=1.0000 | ‖W‖=32.89 rank=23.9 fourier=0.325 | time=219.1s
Step 40400 | train_loss=0.0445 test_loss=0.0529 | train_acc=1.0000 test_acc=1.0000 | ‖W‖=32.64 rank=24.1 fourier=0.321 | time=219.7s
Step 40500 | train_loss=0.0146 test_loss=0.0172 | train_acc=1.0000 test_acc=1.0000 | ‖W‖=34.35 rank=25.1 fourier=0.312 | time=220.2s
Step 40600 | train_loss=0.0218 test_loss=0.0247 | train_acc=1.0000 test_acc=1.0000 | ‖W‖=32.77 rank=24.1 fourier=0.320 | time=220.7s
Step 40700 | train_loss=0.0252 test_loss=0.0290 | train_acc=1.0000 test_acc=1.0000 | ‖W‖=32.39 rank=23.9 fourier=0.322 | time=221.2s
Step 40800 | train_loss=0.0276 test_loss=0.0328 | train_acc=1.0000 test_acc=1.0000 | ‖W‖=32.52 rank=24.1 fourier=0.319 | time=221.8s
Step 40900 | train_loss=0.0173 test_loss=0.0204 | train_acc=1.0000 test_acc=1.0000 | ‖W‖=33.11 rank=24.1 fourier=0.318 | time=222.4s
Step 41000 | train_loss=0.0242 test_loss=0.0280 | train_acc=1.0000 test_acc=1.0000 | ‖W‖=32.34 rank=23.8 fourier=0.318 | time=222.9s
Step 41100 | train_loss=0.0128 test_loss=0.0160 | train_acc=1.0000 test_acc=1.0000 | ‖W‖=34.44 rank=25.5 fourier=0.309 | time=223.4s
Step 41200 | train_loss=0.0154 test_loss=0.0179 | train_acc=1.0000 test_acc=1.0000 | ‖W‖=32.94 rank=24.0 fourier=0.324 | time=224.0s
Step 41300 | train_loss=0.0202 test_loss=0.0233 | train_acc=1.0000 test_acc=1.0000 | ‖W‖=32.30 rank=23.9 fourier=0.325 | time=224.6s
Step 41400 | train_loss=0.0404 test_loss=0.0466 | train_acc=1.0000 test_acc=1.0000 | ‖W‖=32.40 rank=24.0 fourier=0.322 | time=225.1s
Step 41500 | train_loss=0.0127 test_loss=0.0193 | train_acc=1.0000 test_acc=1.0000 | ‖W‖=40.41 rank=31.3 fourier=0.276 | time=225.6s
Step 41600 | train_loss=0.0176 test_loss=0.0220 | train_acc=1.0000 test_acc=1.0000 | ‖W‖=38.38 rank=30.6 fourier=0.286 | time=226.1s
Step 41700 | train_loss=0.0209 test_loss=0.0245 | train_acc=1.0000 test_acc=1.0000 | ‖W‖=36.50 rank=28.6 fourier=0.299 | time=226.7s
Step 41800 | train_loss=0.0238 test_loss=0.0273 | train_acc=1.0000 test_acc=1.0000 | ‖W‖=34.81 rank=26.4 fourier=0.309 | time=227.2s
Step 41900 | train_loss=0.0266 test_loss=0.0305 | train_acc=1.0000 test_acc=1.0000 | ‖W‖=33.64 rank=25.8 fourier=0.311 | time=227.8s
Step 42000 | train_loss=0.0291 test_loss=0.0347 | train_acc=1.0000 test_acc=1.0000 | ‖W‖=33.17 rank=25.6 fourier=0.312 | time=228.3s
Step 42100 | train_loss=0.0159 test_loss=0.0189 | train_acc=1.0000 test_acc=1.0000 | ‖W‖=34.30 rank=26.3 fourier=0.308 | time=228.9s
Step 42200 | train_loss=0.0208 test_loss=0.0237 | train_acc=1.0000 test_acc=1.0000 | ‖W‖=32.49 rank=25.2 fourier=0.316 | time=229.4s
Step 42300 | train_loss=0.0526 test_loss=0.0617 | train_acc=1.0000 test_acc=1.0000 | ‖W‖=32.38 rank=25.4 fourier=0.314 | time=230.0s
Step 42400 | train_loss=0.0191 test_loss=0.0218 | train_acc=1.0000 test_acc=1.0000 | ‖W‖=31.97 rank=24.2 fourier=0.322 | time=230.5s
Step 42500 | train_loss=0.0265 test_loss=0.0313 | train_acc=1.0000 test_acc=1.0000 | ‖W‖=31.70 rank=24.3 fourier=0.319 | time=231.1s
Step 42600 | train_loss=0.0236 test_loss=0.0274 | train_acc=1.0000 test_acc=1.0000 | ‖W‖=31.77 rank=23.9 fourier=0.323 | time=231.6s
Step 42700 | train_loss=0.0247 test_loss=0.0293 | train_acc=1.0000 test_acc=1.0000 | ‖W‖=31.68 rank=23.9 fourier=0.321 | time=232.1s
Step 42800 | train_loss=0.0141 test_loss=0.0172 | train_acc=1.0000 test_acc=1.0000 | ‖W‖=32.27 rank=24.2 fourier=0.314 | time=232.6s
Step 42900 | train_loss=0.0165 test_loss=0.0198 | train_acc=1.0000 test_acc=1.0000 | ‖W‖=31.12 rank=23.6 fourier=0.320 | time=233.2s
Step 43000 | train_loss=0.0087 test_loss=0.0119 | train_acc=1.0000 test_acc=1.0000 | ‖W‖=33.63 rank=28.2 fourier=0.296 | time=233.7s
Step 43100 | train_loss=0.0118 test_loss=0.0146 | train_acc=1.0000 test_acc=1.0000 | ‖W‖=32.22 rank=25.9 fourier=0.315 | time=234.3s
Step 43200 | train_loss=0.0160 test_loss=0.0195 | train_acc=1.0000 test_acc=1.0000 | ‖W‖=31.17 rank=24.8 fourier=0.323 | time=234.8s
Step 43300 | train_loss=0.0127 test_loss=0.0157 | train_acc=1.0000 test_acc=1.0000 | ‖W‖=32.50 rank=25.8 fourier=0.312 | time=235.4s
Step 43400 | train_loss=0.0155 test_loss=0.0186 | train_acc=1.0000 test_acc=1.0000 | ‖W‖=31.07 rank=24.7 fourier=0.320 | time=235.9s
Step 43500 | train_loss=0.0191 test_loss=0.0231 | train_acc=1.0000 test_acc=1.0000 | ‖W‖=30.87 rank=24.7 fourier=0.318 | time=236.5s
Step 43600 | train_loss=0.0340 test_loss=0.0521 | train_acc=1.0000 test_acc=0.9996 | ‖W‖=33.58 rank=28.0 fourier=0.280 | time=237.0s
Step 43700 | train_loss=0.0090 test_loss=0.0113 | train_acc=1.0000 test_acc=1.0000 | ‖W‖=32.35 rank=26.2 fourier=0.302 | time=237.6s
Step 43800 | train_loss=0.0136 test_loss=0.0168 | train_acc=1.0000 test_acc=1.0000 | ‖W‖=31.02 rank=25.0 fourier=0.312 | time=238.1s
Step 43900 | train_loss=0.0154 test_loss=0.0186 | train_acc=1.0000 test_acc=1.0000 | ‖W‖=30.53 rank=24.8 fourier=0.315 | time=238.6s
Step 44000 | train_loss=0.0141 test_loss=0.0178 | train_acc=1.0000 test_acc=1.0000 | ‖W‖=31.01 rank=25.0 fourier=0.309 | time=239.1s
Step 44100 | train_loss=0.0125 test_loss=0.0155 | train_acc=1.0000 test_acc=1.0000 | ‖W‖=30.17 rank=24.3 fourier=0.315 | time=239.7s
Step 44200 | train_loss=0.0137 test_loss=0.0225 | train_acc=1.0000 test_acc=1.0000 | ‖W‖=35.79 rank=30.3 fourier=0.271 | time=240.3s
Step 44300 | train_loss=0.0103 test_loss=0.0144 | train_acc=1.0000 test_acc=1.0000 | ‖W‖=33.73 rank=29.6 fourier=0.284 | time=240.8s
Step 44400 | train_loss=0.0145 test_loss=0.0183 | train_acc=1.0000 test_acc=1.0000 | ‖W‖=32.30 rank=27.7 fourier=0.299 | time=241.3s
Step 44500 | train_loss=0.0180 test_loss=0.0215 | train_acc=1.0000 test_acc=1.0000 | ‖W‖=30.83 rank=25.4 fourier=0.312 | time=241.9s
Step 44600 | train_loss=0.0194 test_loss=0.0233 | train_acc=1.0000 test_acc=1.0000 | ‖W‖=30.23 rank=24.9 fourier=0.318 | time=242.5s
Step 44700 | train_loss=0.0204 test_loss=0.0241 | train_acc=1.0000 test_acc=1.0000 | ‖W‖=29.94 rank=24.6 fourier=0.319 | time=243.0s
Step 44800 | train_loss=0.0219 test_loss=0.0262 | train_acc=1.0000 test_acc=1.0000 | ‖W‖=30.51 rank=24.6 fourier=0.313 | time=243.5s
Step 44900 | train_loss=0.0180 test_loss=0.0216 | train_acc=1.0000 test_acc=1.0000 | ‖W‖=29.65 rank=24.1 fourier=0.318 | time=244.0s
Step 45000 | train_loss=0.0195 test_loss=0.0229 | train_acc=1.0000 test_acc=1.0000 | ‖W‖=29.81 rank=24.5 fourier=0.311 | time=244.6s
Step 45100 | train_loss=0.0090 test_loss=0.0112 | train_acc=1.0000 test_acc=1.0000 | ‖W‖=30.37 rank=25.1 fourier=0.302 | time=245.1s
Step 45200 | train_loss=0.0130 test_loss=0.0157 | train_acc=1.0000 test_acc=1.0000 | ‖W‖=29.06 rank=24.4 fourier=0.310 | time=245.7s
Step 45300 | train_loss=0.0126 test_loss=0.0160 | train_acc=1.0000 test_acc=1.0000 | ‖W‖=29.67 rank=24.8 fourier=0.303 | time=246.2s
Step 45400 | train_loss=0.0147 test_loss=0.0178 | train_acc=1.0000 test_acc=1.0000 | ‖W‖=28.94 rank=24.2 fourier=0.307 | time=246.8s
Step 45500 | train_loss=0.0564 test_loss=0.1306 | train_acc=1.0000 test_acc=0.9889 | ‖W‖=37.27 rank=34.3 fourier=0.247 | time=247.3s
Step 45600 | train_loss=0.0173 test_loss=0.0330 | train_acc=1.0000 test_acc=0.9996 | ‖W‖=34.12 rank=34.7 fourier=0.250 | time=247.8s
Step 45700 | train_loss=0.0236 test_loss=0.0327 | train_acc=1.0000 test_acc=1.0000 | ‖W‖=32.08 rank=34.2 fourier=0.258 | time=248.4s
Step 45800 | train_loss=0.0272 test_loss=0.0332 | train_acc=1.0000 test_acc=1.0000 | ‖W‖=30.55 rank=32.2 fourier=0.272 | time=248.9s
Step 45900 | train_loss=0.0296 test_loss=0.0351 | train_acc=1.0000 test_acc=1.0000 | ‖W‖=29.16 rank=29.3 fourier=0.289 | time=249.5s
Step 46000 | train_loss=0.0337 test_loss=0.0385 | train_acc=1.0000 test_acc=1.0000 | ‖W‖=28.03 rank=27.8 fourier=0.296 | time=250.0s
Step 46100 | train_loss=0.0358 test_loss=0.0410 | train_acc=1.0000 test_acc=1.0000 | ‖W‖=27.68 rank=27.1 fourier=0.302 | time=250.5s
Step 46200 | train_loss=0.0317 test_loss=0.0363 | train_acc=1.0000 test_acc=1.0000 | ‖W‖=27.51 rank=26.6 fourier=0.304 | time=251.1s
Step 46300 | train_loss=0.0420 test_loss=0.0496 | train_acc=1.0000 test_acc=1.0000 | ‖W‖=27.95 rank=26.5 fourier=0.307 | time=251.7s
Step 46400 | train_loss=0.0286 test_loss=0.0325 | train_acc=1.0000 test_acc=1.0000 | ‖W‖=27.30 rank=25.6 fourier=0.312 | time=252.2s
Step 46500 | train_loss=0.0640 test_loss=0.0828 | train_acc=1.0000 test_acc=1.0000 | ‖W‖=29.77 rank=28.5 fourier=0.283 | time=252.7s
Step 46600 | train_loss=0.0173 test_loss=0.0205 | train_acc=1.0000 test_acc=1.0000 | ‖W‖=28.80 rank=26.7 fourier=0.299 | time=253.3s
Step 46700 | train_loss=0.0235 test_loss=0.0273 | train_acc=1.0000 test_acc=1.0000 | ‖W‖=27.60 rank=26.0 fourier=0.306 | time=253.8s
Step 46800 | train_loss=0.0277 test_loss=0.0327 | train_acc=1.0000 test_acc=1.0000 | ‖W‖=27.59 rank=25.9 fourier=0.305 | time=254.3s
Step 46900 | train_loss=0.0245 test_loss=0.0297 | train_acc=1.0000 test_acc=1.0000 | ‖W‖=28.35 rank=25.9 fourier=0.302 | time=254.9s
Step 47000 | train_loss=0.0160 test_loss=0.0196 | train_acc=1.0000 test_acc=1.0000 | ‖W‖=28.13 rank=25.3 fourier=0.304 | time=255.5s
Step 47100 | train_loss=0.1500 test_loss=0.2004 | train_acc=0.9990 test_acc=0.9951 | ‖W‖=30.93 rank=28.8 fourier=0.269 | time=256.0s
Step 47200 | train_loss=0.0099 test_loss=0.0130 | train_acc=1.0000 test_acc=1.0000 | ‖W‖=30.36 rank=27.8 fourier=0.282 | time=256.5s
Step 47300 | train_loss=0.0151 test_loss=0.0183 | train_acc=1.0000 test_acc=1.0000 | ‖W‖=29.12 rank=26.3 fourier=0.295 | time=257.0s
Step 47400 | train_loss=0.0216 test_loss=0.0262 | train_acc=1.0000 test_acc=1.0000 | ‖W‖=28.63 rank=26.0 fourier=0.302 | time=257.7s
Step 47500 | train_loss=0.0219 test_loss=0.0264 | train_acc=1.0000 test_acc=1.0000 | ‖W‖=29.34 rank=25.7 fourier=0.304 | time=258.2s
Step 47600 | train_loss=0.0174 test_loss=0.0213 | train_acc=1.0000 test_acc=1.0000 | ‖W‖=29.51 rank=25.4 fourier=0.305 | time=258.7s
Step 47700 | train_loss=0.0837 test_loss=0.1618 | train_acc=0.9990 test_acc=0.9893 | ‖W‖=39.56 rank=34.5 fourier=0.232 | time=259.2s
Step 47800 | train_loss=0.0166 test_loss=0.0262 | train_acc=1.0000 test_acc=1.0000 | ‖W‖=36.79 rank=34.7 fourier=0.245 | time=259.8s
Step 47900 | train_loss=0.0236 test_loss=0.0304 | train_acc=1.0000 test_acc=1.0000 | ‖W‖=34.57 rank=33.6 fourier=0.258 | time=260.3s
Step 48000 | train_loss=0.0269 test_loss=0.0325 | train_acc=1.0000 test_acc=1.0000 | ‖W‖=32.77 rank=31.3 fourier=0.277 | time=260.8s
Step 48100 | train_loss=0.0295 test_loss=0.0343 | train_acc=1.0000 test_acc=1.0000 | ‖W‖=31.13 rank=28.8 fourier=0.294 | time=261.3s
Step 48200 | train_loss=0.0328 test_loss=0.0380 | train_acc=1.0000 test_acc=1.0000 | ‖W‖=30.14 rank=28.0 fourier=0.302 | time=262.0s
Step 48300 | train_loss=0.0305 test_loss=0.0370 | train_acc=1.0000 test_acc=1.0000 | ‖W‖=30.91 rank=27.4 fourier=0.306 | time=262.5s
Step 48400 | train_loss=0.0279 test_loss=0.0320 | train_acc=1.0000 test_acc=1.0000 | ‖W‖=29.45 rank=26.5 fourier=0.313 | time=263.0s
Step 48500 | train_loss=0.0372 test_loss=0.0440 | train_acc=1.0000 test_acc=1.0000 | ‖W‖=29.33 rank=26.1 fourier=0.316 | time=263.5s
Step 48600 | train_loss=0.0265 test_loss=0.0310 | train_acc=1.0000 test_acc=1.0000 | ‖W‖=29.08 rank=25.7 fourier=0.318 | time=264.1s
Step 48700 | train_loss=0.0324 test_loss=0.0471 | train_acc=1.0000 test_acc=1.0000 | ‖W‖=32.91 rank=30.3 fourier=0.268 | time=264.7s
Step 48800 | train_loss=0.0155 test_loss=0.0191 | train_acc=1.0000 test_acc=1.0000 | ‖W‖=30.92 rank=28.4 fourier=0.292 | time=265.2s
Step 48900 | train_loss=0.0202 test_loss=0.0238 | train_acc=1.0000 test_acc=1.0000 | ‖W‖=29.31 rank=26.8 fourier=0.305 | time=265.7s
Step 49000 | train_loss=0.0246 test_loss=0.0286 | train_acc=1.0000 test_acc=1.0000 | ‖W‖=28.41 rank=26.2 fourier=0.310 | time=266.3s
Step 49100 | train_loss=0.0221 test_loss=0.0264 | train_acc=1.0000 test_acc=1.0000 | ‖W‖=28.74 rank=25.8 fourier=0.313 | time=266.8s
Step 49200 | train_loss=0.0211 test_loss=0.0249 | train_acc=1.0000 test_acc=1.0000 | ‖W‖=28.37 rank=25.4 fourier=0.314 | time=267.3s
Step 49300 | train_loss=0.0245 test_loss=0.0343 | train_acc=1.0000 test_acc=1.0000 | ‖W‖=30.76 rank=27.5 fourier=0.296 | time=267.9s
Step 49400 | train_loss=0.0123 test_loss=0.0152 | train_acc=1.0000 test_acc=1.0000 | ‖W‖=29.28 rank=25.7 fourier=0.317 | time=268.4s
Step 49500 | train_loss=0.0165 test_loss=0.0202 | train_acc=1.0000 test_acc=1.0000 | ‖W‖=28.29 rank=25.3 fourier=0.321 | time=269.0s
Step 49600 | train_loss=0.0161 test_loss=0.0206 | train_acc=1.0000 test_acc=1.0000 | ‖W‖=29.16 rank=25.6 fourier=0.313 | time=269.5s
Step 49700 | train_loss=0.0144 test_loss=0.0187 | train_acc=1.0000 test_acc=1.0000 | ‖W‖=28.54 rank=24.9 fourier=0.315 | time=270.1s
Step 49800 | train_loss=0.0435 test_loss=0.0567 | train_acc=1.0000 test_acc=1.0000 | ‖W‖=29.36 rank=25.4 fourier=0.304 | time=270.6s
Step 49900 | train_loss=0.0086 test_loss=0.0135 | train_acc=1.0000 test_acc=1.0000 | ‖W‖=30.28 rank=27.3 fourier=0.288 | time=271.2s
Step 50000 | train_loss=0.0088 test_loss=0.0112 | train_acc=1.0000 test_acc=1.0000 | ‖W‖=28.91 rank=25.7 fourier=0.305 | time=271.7s

Results saved to results/pure/results.json
Grokked: True at step 1400

============================================================
Running condition: low_collapse
============================================================
Training on cuda
Condition: low_collapse, collapse_level=0.05
Model parameters: 213,947
Step   100 | train_loss=3.5590 test_loss=4.5236 | train_acc=0.1600 test_acc=0.0131 | ‖W‖=25.32 rank=52.1 fourier=0.100 | time=0.5s
Step   200 | train_loss=3.3308 test_loss=4.8464 | train_acc=0.1772 test_acc=0.0098 | ‖W‖=34.69 rank=49.5 fourier=0.100 | time=1.1s
Step   300 | train_loss=3.1555 test_loss=5.0740 | train_acc=0.2107 test_acc=0.0057 | ‖W‖=43.65 rank=48.1 fourier=0.100 | time=1.6s
Step   400 | train_loss=2.9188 test_loss=5.2553 | train_acc=0.2730 test_acc=0.0057 | ‖W‖=47.72 rank=47.1 fourier=0.100 | time=2.2s
Step   500 | train_loss=2.5016 test_loss=5.2906 | train_acc=0.4013 test_acc=0.0135 | ‖W‖=50.76 rank=46.4 fourier=0.109 | time=2.7s
Step   600 | train_loss=1.8018 test_loss=5.0048 | train_acc=0.5881 test_acc=0.0554 | ‖W‖=53.38 rank=45.6 fourier=0.129 | time=3.2s
Step   700 | train_loss=1.0337 test_loss=4.3783 | train_acc=0.8161 test_acc=0.1149 | ‖W‖=54.71 rank=44.4 fourier=0.149 | time=3.8s
Step   800 | train_loss=0.5729 test_loss=3.6657 | train_acc=0.9454 test_acc=0.1982 | ‖W‖=55.36 rank=43.4 fourier=0.160 | time=4.4s
Step   900 | train_loss=0.3108 test_loss=3.0590 | train_acc=0.9885 test_acc=0.2721 | ‖W‖=55.04 rank=42.3 fourier=0.164 | time=4.9s
Step  1000 | train_loss=0.2172 test_loss=2.6671 | train_acc=0.9962 test_acc=0.3123 | ‖W‖=54.44 rank=41.1 fourier=0.167 | time=5.5s
Step  1100 | train_loss=0.2076 test_loss=2.3550 | train_acc=0.9962 test_acc=0.3517 | ‖W‖=53.87 rank=39.7 fourier=0.169 | time=6.0s
Step  1200 | train_loss=0.1600 test_loss=2.0504 | train_acc=0.9962 test_acc=0.4210 | ‖W‖=53.33 rank=38.8 fourier=0.172 | time=6.5s
Step  1300 | train_loss=0.2453 test_loss=1.9294 | train_acc=0.9904 test_acc=0.4547 | ‖W‖=53.31 rank=37.8 fourier=0.175 | time=7.0s
Step  1400 | train_loss=0.1269 test_loss=1.4665 | train_acc=0.9990 test_acc=0.5634 | ‖W‖=53.04 rank=37.4 fourier=0.179 | time=7.6s
Step  1500 | train_loss=0.1836 test_loss=1.4167 | train_acc=0.9933 test_acc=0.5897 | ‖W‖=52.99 rank=36.8 fourier=0.181 | time=8.2s
Step  1600 | train_loss=0.1605 test_loss=1.1983 | train_acc=0.9875 test_acc=0.6684 | ‖W‖=53.27 rank=37.2 fourier=0.184 | time=8.7s
Step  1700 | train_loss=0.0935 test_loss=0.9703 | train_acc=1.0000 test_acc=0.7468 | ‖W‖=52.16 rank=36.0 fourier=0.184 | time=9.2s
Step  1800 | train_loss=0.3303 test_loss=1.3367 | train_acc=0.9665 test_acc=0.6258 | ‖W‖=54.32 rank=36.7 fourier=0.193 | time=9.8s
Step  1900 | train_loss=0.0870 test_loss=0.8177 | train_acc=1.0000 test_acc=0.8026 | ‖W‖=52.79 rank=35.8 fourier=0.193 | time=10.4s
Step  2000 | train_loss=0.1957 test_loss=1.0588 | train_acc=0.9904 test_acc=0.7382 | ‖W‖=52.55 rank=35.2 fourier=0.194 | time=10.9s
Step  2100 | train_loss=0.2033 test_loss=0.9548 | train_acc=0.9904 test_acc=0.7624 | ‖W‖=53.60 rank=35.5 fourier=0.199 | time=11.4s
Step  2200 | train_loss=0.2431 test_loss=0.9134 | train_acc=0.9837 test_acc=0.7838 | ‖W‖=55.04 rank=36.2 fourier=0.208 | time=11.9s
Step  2300 | train_loss=0.1129 test_loss=0.6376 | train_acc=0.9904 test_acc=0.8609 | ‖W‖=53.07 rank=35.2 fourier=0.204 | time=12.5s
Step  2400 | train_loss=0.1250 test_loss=0.6544 | train_acc=0.9990 test_acc=0.8769 | ‖W‖=52.94 rank=34.7 fourier=0.206 | time=13.0s
Step  2500 | train_loss=0.3283 test_loss=0.9486 | train_acc=0.9617 test_acc=0.7595 | ‖W‖=54.60 rank=35.1 fourier=0.209 | time=13.5s
Step  2600 | train_loss=0.0713 test_loss=0.4485 | train_acc=0.9990 test_acc=0.9233 | ‖W‖=54.40 rank=35.8 fourier=0.209 | time=14.1s
Step  2700 | train_loss=0.2327 test_loss=0.7565 | train_acc=0.9875 test_acc=0.8305 | ‖W‖=53.76 rank=35.1 fourier=0.213 | time=14.7s
Step  2800 | train_loss=0.0914 test_loss=0.4560 | train_acc=0.9981 test_acc=0.9241 | ‖W‖=55.46 rank=36.3 fourier=0.211 | time=15.2s
Step  2900 | train_loss=0.2858 test_loss=0.7158 | train_acc=0.9636 test_acc=0.8461 | ‖W‖=54.15 rank=35.4 fourier=0.217 | time=15.7s
Step  3000 | train_loss=0.0745 test_loss=0.3720 | train_acc=0.9981 test_acc=0.9458 | ‖W‖=54.15 rank=35.6 fourier=0.220 | time=16.2s
🎉 GROKKING at step 3100! Test acc: 0.9594
Step  3100 | train_loss=0.0898 test_loss=0.3467 | train_acc=0.9990 test_acc=0.9594 | ‖W‖=52.51 rank=34.7 fourier=0.221 | time=16.9s
Step  3200 | train_loss=0.0755 test_loss=0.2991 | train_acc=1.0000 test_acc=0.9647 | ‖W‖=54.56 rank=35.6 fourier=0.219 | time=17.4s
Step  3300 | train_loss=0.1376 test_loss=0.4500 | train_acc=0.9981 test_acc=0.9311 | ‖W‖=54.23 rank=35.3 fourier=0.223 | time=17.9s
Step  3400 | train_loss=0.0768 test_loss=0.2943 | train_acc=1.0000 test_acc=0.9618 | ‖W‖=52.82 rank=34.7 fourier=0.223 | time=18.4s
Step  3500 | train_loss=0.1703 test_loss=0.4875 | train_acc=0.9837 test_acc=0.9073 | ‖W‖=54.99 rank=35.6 fourier=0.221 | time=19.0s
Step  3600 | train_loss=0.1396 test_loss=0.3620 | train_acc=0.9895 test_acc=0.9516 | ‖W‖=54.57 rank=35.4 fourier=0.221 | time=19.5s
Step  3700 | train_loss=0.0826 test_loss=0.2456 | train_acc=0.9952 test_acc=0.9733 | ‖W‖=54.91 rank=35.9 fourier=0.219 | time=20.0s
Step  3800 | train_loss=0.0897 test_loss=0.2542 | train_acc=0.9962 test_acc=0.9750 | ‖W‖=54.05 rank=35.3 fourier=0.222 | time=20.6s
Step  3900 | train_loss=0.0790 test_loss=0.2400 | train_acc=1.0000 test_acc=0.9733 | ‖W‖=52.23 rank=34.6 fourier=0.226 | time=21.2s
Step  4000 | train_loss=0.1306 test_loss=0.3367 | train_acc=0.9866 test_acc=0.9446 | ‖W‖=55.60 rank=35.9 fourier=0.221 | time=21.7s
Step  4100 | train_loss=0.0639 test_loss=0.1981 | train_acc=0.9990 test_acc=0.9803 | ‖W‖=53.43 rank=35.6 fourier=0.221 | time=22.2s
Step  4200 | train_loss=0.0829 test_loss=0.1949 | train_acc=0.9971 test_acc=0.9836 | ‖W‖=52.64 rank=34.8 fourier=0.226 | time=22.8s
Step  4300 | train_loss=0.0619 test_loss=0.1641 | train_acc=1.0000 test_acc=0.9848 | ‖W‖=54.02 rank=34.9 fourier=0.224 | time=23.4s
Step  4400 | train_loss=0.1242 test_loss=0.2205 | train_acc=0.9895 test_acc=0.9860 | ‖W‖=55.06 rank=35.2 fourier=0.224 | time=23.9s
Step  4500 | train_loss=0.1177 test_loss=0.2496 | train_acc=0.9923 test_acc=0.9733 | ‖W‖=54.38 rank=35.3 fourier=0.222 | time=24.4s
Step  4600 | train_loss=0.1671 test_loss=0.3760 | train_acc=0.9732 test_acc=0.9348 | ‖W‖=53.53 rank=35.2 fourier=0.222 | time=24.9s
Step  4700 | train_loss=0.1515 test_loss=0.3564 | train_acc=0.9885 test_acc=0.9413 | ‖W‖=53.68 rank=34.8 fourier=0.224 | time=25.5s
Step  4800 | train_loss=0.0755 test_loss=0.1854 | train_acc=0.9990 test_acc=0.9869 | ‖W‖=54.46 rank=35.5 fourier=0.223 | time=26.0s
Step  4900 | train_loss=0.2476 test_loss=0.4068 | train_acc=0.9761 test_acc=0.9343 | ‖W‖=53.64 rank=34.8 fourier=0.225 | time=26.6s
Step  5000 | train_loss=0.0940 test_loss=0.2220 | train_acc=0.9962 test_acc=0.9705 | ‖W‖=54.62 rank=35.8 fourier=0.219 | time=27.1s
Step  5100 | train_loss=0.1885 test_loss=0.3960 | train_acc=0.9828 test_acc=0.9339 | ‖W‖=55.40 rank=35.5 fourier=0.223 | time=27.7s
Step  5200 | train_loss=0.0512 test_loss=0.1573 | train_acc=1.0000 test_acc=0.9832 | ‖W‖=52.83 rank=35.2 fourier=0.220 | time=28.2s
Step  5300 | train_loss=0.1450 test_loss=0.2765 | train_acc=0.9895 test_acc=0.9676 | ‖W‖=54.25 rank=34.7 fourier=0.224 | time=28.7s
Step  5400 | train_loss=0.0519 test_loss=0.1403 | train_acc=0.9990 test_acc=0.9889 | ‖W‖=53.74 rank=35.5 fourier=0.221 | time=29.2s
Step  5500 | train_loss=0.0734 test_loss=0.1840 | train_acc=1.0000 test_acc=0.9873 | ‖W‖=52.41 rank=34.8 fourier=0.224 | time=29.9s
Step  5600 | train_loss=0.0832 test_loss=0.2047 | train_acc=0.9962 test_acc=0.9787 | ‖W‖=53.94 rank=35.8 fourier=0.219 | time=30.4s
Step  5700 | train_loss=0.0687 test_loss=0.1761 | train_acc=0.9962 test_acc=0.9803 | ‖W‖=52.76 rank=35.5 fourier=0.218 | time=30.9s
Step  5800 | train_loss=0.0920 test_loss=0.1843 | train_acc=0.9952 test_acc=0.9844 | ‖W‖=53.35 rank=35.0 fourier=0.221 | time=31.4s
Step  5900 | train_loss=0.1279 test_loss=0.2866 | train_acc=0.9923 test_acc=0.9655 | ‖W‖=54.03 rank=35.7 fourier=0.217 | time=32.1s
Step  6000 | train_loss=0.0496 test_loss=0.1375 | train_acc=0.9990 test_acc=0.9881 | ‖W‖=52.30 rank=35.7 fourier=0.218 | time=32.6s
Step  6100 | train_loss=0.0851 test_loss=0.2132 | train_acc=0.9971 test_acc=0.9696 | ‖W‖=50.87 rank=34.6 fourier=0.221 | time=33.1s
Step  6200 | train_loss=0.0626 test_loss=0.1449 | train_acc=0.9990 test_acc=0.9906 | ‖W‖=53.95 rank=35.9 fourier=0.219 | time=33.6s
Step  6300 | train_loss=0.0643 test_loss=0.1705 | train_acc=0.9971 test_acc=0.9803 | ‖W‖=50.44 rank=35.4 fourier=0.219 | time=34.2s
Step  6400 | train_loss=0.0539 test_loss=0.1192 | train_acc=1.0000 test_acc=0.9943 | ‖W‖=49.52 rank=34.0 fourier=0.225 | time=34.7s
Step  6500 | train_loss=0.1816 test_loss=0.2977 | train_acc=0.9770 test_acc=0.9532 | ‖W‖=53.77 rank=36.0 fourier=0.217 | time=35.2s
Step  6600 | train_loss=0.0639 test_loss=0.1496 | train_acc=0.9990 test_acc=0.9869 | ‖W‖=50.43 rank=35.8 fourier=0.217 | time=35.8s
Step  6700 | train_loss=0.0650 test_loss=0.1655 | train_acc=0.9971 test_acc=0.9865 | ‖W‖=49.90 rank=35.2 fourier=0.219 | time=36.4s
Step  6800 | train_loss=0.1198 test_loss=0.2480 | train_acc=0.9914 test_acc=0.9676 | ‖W‖=52.71 rank=36.3 fourier=0.218 | time=36.9s
Step  6900 | train_loss=0.1083 test_loss=0.2087 | train_acc=0.9943 test_acc=0.9758 | ‖W‖=49.64 rank=35.7 fourier=0.217 | time=37.4s
Step  7000 | train_loss=0.0645 test_loss=0.1718 | train_acc=0.9981 test_acc=0.9807 | ‖W‖=50.83 rank=35.8 fourier=0.216 | time=38.0s
Step  7100 | train_loss=0.0643 test_loss=0.1648 | train_acc=0.9990 test_acc=0.9860 | ‖W‖=48.71 rank=34.8 fourier=0.221 | time=38.6s
Step  7200 | train_loss=0.0401 test_loss=0.1041 | train_acc=1.0000 test_acc=0.9947 | ‖W‖=50.48 rank=35.8 fourier=0.217 | time=39.1s
Step  7300 | train_loss=0.1755 test_loss=0.3210 | train_acc=0.9837 test_acc=0.9631 | ‖W‖=51.19 rank=36.0 fourier=0.215 | time=39.6s
Step  7400 | train_loss=0.0471 test_loss=0.1347 | train_acc=1.0000 test_acc=0.9852 | ‖W‖=50.29 rank=36.6 fourier=0.213 | time=40.1s
Step  7500 | train_loss=0.0526 test_loss=0.1272 | train_acc=1.0000 test_acc=0.9906 | ‖W‖=47.98 rank=35.4 fourier=0.218 | time=40.7s
Step  7600 | train_loss=0.0482 test_loss=0.1089 | train_acc=1.0000 test_acc=0.9951 | ‖W‖=46.97 rank=34.4 fourier=0.223 | time=41.2s
Step  7700 | train_loss=0.1150 test_loss=0.2119 | train_acc=0.9904 test_acc=0.9746 | ‖W‖=47.75 rank=35.1 fourier=0.220 | time=41.7s
Step  7800 | train_loss=0.0870 test_loss=0.2378 | train_acc=0.9971 test_acc=0.9684 | ‖W‖=47.92 rank=36.1 fourier=0.214 | time=42.3s
Step  7900 | train_loss=0.0474 test_loss=0.1292 | train_acc=1.0000 test_acc=0.9918 | ‖W‖=46.64 rank=35.7 fourier=0.216 | time=42.9s
Step  8000 | train_loss=0.0640 test_loss=0.1392 | train_acc=0.9990 test_acc=0.9914 | ‖W‖=46.89 rank=36.0 fourier=0.217 | time=43.4s
Step  8100 | train_loss=0.1466 test_loss=0.2128 | train_acc=0.9770 test_acc=0.9815 | ‖W‖=47.36 rank=35.9 fourier=0.219 | time=43.9s
Step  8200 | train_loss=0.0526 test_loss=0.1564 | train_acc=0.9990 test_acc=0.9819 | ‖W‖=45.73 rank=36.1 fourier=0.217 | time=44.5s
Step  8300 | train_loss=0.1314 test_loss=0.2928 | train_acc=0.9818 test_acc=0.9503 | ‖W‖=45.49 rank=35.9 fourier=0.218 | time=45.1s
Step  8400 | train_loss=0.0548 test_loss=0.1297 | train_acc=0.9990 test_acc=0.9922 | ‖W‖=44.81 rank=35.9 fourier=0.219 | time=45.6s
Step  8500 | train_loss=0.0919 test_loss=0.1833 | train_acc=0.9952 test_acc=0.9860 | ‖W‖=44.20 rank=35.6 fourier=0.219 | time=46.1s
Step  8600 | train_loss=0.0695 test_loss=0.1809 | train_acc=0.9990 test_acc=0.9828 | ‖W‖=44.22 rank=35.9 fourier=0.218 | time=46.6s
Step  8700 | train_loss=0.0825 test_loss=0.1886 | train_acc=0.9933 test_acc=0.9741 | ‖W‖=42.22 rank=35.1 fourier=0.221 | time=47.2s
Step  8800 | train_loss=0.1004 test_loss=0.2131 | train_acc=0.9943 test_acc=0.9778 | ‖W‖=44.14 rank=36.4 fourier=0.219 | time=47.7s
Step  8900 | train_loss=0.0582 test_loss=0.1586 | train_acc=0.9981 test_acc=0.9807 | ‖W‖=42.15 rank=36.2 fourier=0.218 | time=48.3s
Step  9000 | train_loss=0.0815 test_loss=0.1717 | train_acc=0.9971 test_acc=0.9819 | ‖W‖=43.45 rank=36.3 fourier=0.219 | time=48.8s
Step  9100 | train_loss=0.1231 test_loss=0.2888 | train_acc=0.9866 test_acc=0.9508 | ‖W‖=41.99 rank=36.1 fourier=0.218 | time=49.4s
Step  9200 | train_loss=0.0429 test_loss=0.1188 | train_acc=1.0000 test_acc=0.9902 | ‖W‖=42.65 rank=36.6 fourier=0.215 | time=49.9s
Step  9300 | train_loss=0.1069 test_loss=0.2202 | train_acc=0.9923 test_acc=0.9680 | ‖W‖=41.20 rank=35.7 fourier=0.220 | time=50.5s
Step  9400 | train_loss=0.1081 test_loss=0.2150 | train_acc=0.9962 test_acc=0.9762 | ‖W‖=42.27 rank=36.2 fourier=0.218 | time=51.0s
Step  9500 | train_loss=0.1199 test_loss=0.2499 | train_acc=0.9885 test_acc=0.9680 | ‖W‖=41.29 rank=36.3 fourier=0.216 | time=51.6s
Step  9600 | train_loss=0.0464 test_loss=0.1229 | train_acc=0.9981 test_acc=0.9877 | ‖W‖=40.62 rank=36.3 fourier=0.218 | time=52.1s
Step  9700 | train_loss=0.1341 test_loss=0.2100 | train_acc=0.9847 test_acc=0.9819 | ‖W‖=40.72 rank=35.9 fourier=0.219 | time=52.6s
Step  9800 | train_loss=0.0804 test_loss=0.1695 | train_acc=0.9962 test_acc=0.9836 | ‖W‖=40.48 rank=36.6 fourier=0.217 | time=53.1s
Step  9900 | train_loss=0.0611 test_loss=0.1655 | train_acc=1.0000 test_acc=0.9844 | ‖W‖=39.96 rank=36.3 fourier=0.217 | time=53.7s
Step 10000 | train_loss=0.1124 test_loss=0.2429 | train_acc=0.9923 test_acc=0.9717 | ‖W‖=40.26 rank=36.3 fourier=0.217 | time=54.3s
Step 10100 | train_loss=0.0371 test_loss=0.1074 | train_acc=0.9990 test_acc=0.9906 | ‖W‖=40.15 rank=37.1 fourier=0.217 | time=54.8s
Step 10200 | train_loss=0.0536 test_loss=0.1355 | train_acc=0.9981 test_acc=0.9889 | ‖W‖=38.25 rank=35.9 fourier=0.221 | time=55.4s
Step 10300 | train_loss=0.0953 test_loss=0.2349 | train_acc=0.9923 test_acc=0.9622 | ‖W‖=39.43 rank=36.2 fourier=0.219 | time=55.9s
Step 10400 | train_loss=0.0494 test_loss=0.1142 | train_acc=0.9990 test_acc=0.9922 | ‖W‖=38.93 rank=36.1 fourier=0.219 | time=56.4s
Step 10500 | train_loss=0.0403 test_loss=0.0941 | train_acc=1.0000 test_acc=0.9971 | ‖W‖=37.75 rank=35.7 fourier=0.220 | time=56.9s
Step 10600 | train_loss=0.0439 test_loss=0.1056 | train_acc=1.0000 test_acc=0.9930 | ‖W‖=38.16 rank=36.1 fourier=0.220 | time=57.5s
Step 10700 | train_loss=0.0628 test_loss=0.1324 | train_acc=0.9990 test_acc=0.9922 | ‖W‖=38.98 rank=37.0 fourier=0.217 | time=58.1s
Step 10800 | train_loss=0.0379 test_loss=0.1024 | train_acc=1.0000 test_acc=0.9947 | ‖W‖=37.40 rank=36.0 fourier=0.220 | time=58.6s
Step 10900 | train_loss=0.1030 test_loss=0.2089 | train_acc=0.9952 test_acc=0.9778 | ‖W‖=38.06 rank=36.8 fourier=0.218 | time=59.1s
Step 11000 | train_loss=0.0327 test_loss=0.0911 | train_acc=1.0000 test_acc=0.9943 | ‖W‖=37.44 rank=36.6 fourier=0.218 | time=59.7s
Step 11100 | train_loss=0.1486 test_loss=0.3091 | train_acc=0.9818 test_acc=0.9503 | ‖W‖=38.86 rank=36.8 fourier=0.214 | time=60.3s
Step 11200 | train_loss=0.0342 test_loss=0.1065 | train_acc=1.0000 test_acc=0.9885 | ‖W‖=37.74 rank=36.9 fourier=0.216 | time=60.8s
Step 11300 | train_loss=0.0903 test_loss=0.1946 | train_acc=0.9943 test_acc=0.9783 | ‖W‖=38.59 rank=37.1 fourier=0.214 | time=61.3s
Step 11400 | train_loss=0.0304 test_loss=0.0953 | train_acc=1.0000 test_acc=0.9914 | ‖W‖=37.55 rank=37.4 fourier=0.214 | time=61.9s
Step 11500 | train_loss=0.0500 test_loss=0.1218 | train_acc=0.9990 test_acc=0.9910 | ‖W‖=36.50 rank=36.4 fourier=0.215 | time=62.4s
Step 11600 | train_loss=0.0721 test_loss=0.1443 | train_acc=0.9962 test_acc=0.9914 | ‖W‖=36.56 rank=36.5 fourier=0.215 | time=62.9s
Step 11700 | train_loss=0.0542 test_loss=0.1320 | train_acc=0.9990 test_acc=0.9856 | ‖W‖=36.49 rank=36.8 fourier=0.214 | time=63.4s
Step 11800 | train_loss=0.0574 test_loss=0.1454 | train_acc=1.0000 test_acc=0.9885 | ‖W‖=35.70 rank=35.9 fourier=0.214 | time=64.0s
Step 11900 | train_loss=0.1301 test_loss=0.2697 | train_acc=0.9895 test_acc=0.9651 | ‖W‖=37.28 rank=37.3 fourier=0.211 | time=64.6s
Step 12000 | train_loss=0.0522 test_loss=0.1198 | train_acc=0.9981 test_acc=0.9897 | ‖W‖=35.94 rank=37.1 fourier=0.213 | time=65.1s
Step 12100 | train_loss=0.0507 test_loss=0.1216 | train_acc=0.9990 test_acc=0.9922 | ‖W‖=36.04 rank=36.5 fourier=0.214 | time=65.6s
Step 12200 | train_loss=0.0886 test_loss=0.1733 | train_acc=0.9952 test_acc=0.9815 | ‖W‖=35.80 rank=36.5 fourier=0.212 | time=66.2s
Step 12300 | train_loss=0.0625 test_loss=0.1294 | train_acc=0.9990 test_acc=0.9897 | ‖W‖=34.79 rank=36.2 fourier=0.215 | time=66.8s
Step 12400 | train_loss=0.0404 test_loss=0.1080 | train_acc=1.0000 test_acc=0.9914 | ‖W‖=34.24 rank=35.9 fourier=0.216 | time=67.3s
Step 12500 | train_loss=0.1902 test_loss=0.2865 | train_acc=0.9732 test_acc=0.9659 | ‖W‖=36.55 rank=37.7 fourier=0.211 | time=67.8s
Step 12600 | train_loss=0.0360 test_loss=0.1058 | train_acc=1.0000 test_acc=0.9897 | ‖W‖=35.99 rank=37.7 fourier=0.211 | time=68.4s
Step 12700 | train_loss=0.0451 test_loss=0.1227 | train_acc=1.0000 test_acc=0.9881 | ‖W‖=34.46 rank=36.8 fourier=0.215 | time=68.9s
Step 12800 | train_loss=0.0753 test_loss=0.1811 | train_acc=1.0000 test_acc=0.9840 | ‖W‖=33.94 rank=35.9 fourier=0.216 | time=69.4s
Step 12900 | train_loss=0.0662 test_loss=0.1724 | train_acc=1.0000 test_acc=0.9844 | ‖W‖=35.82 rank=37.6 fourier=0.211 | time=69.9s
Step 13000 | train_loss=0.0383 test_loss=0.1052 | train_acc=1.0000 test_acc=0.9930 | ‖W‖=34.58 rank=37.1 fourier=0.214 | time=70.5s
Step 13100 | train_loss=0.0898 test_loss=0.1866 | train_acc=0.9923 test_acc=0.9762 | ‖W‖=33.90 rank=36.4 fourier=0.215 | time=71.1s
Step 13200 | train_loss=0.0381 test_loss=0.1092 | train_acc=1.0000 test_acc=0.9930 | ‖W‖=34.16 rank=36.6 fourier=0.214 | time=71.6s
Step 13300 | train_loss=0.0884 test_loss=0.1882 | train_acc=0.9962 test_acc=0.9828 | ‖W‖=33.88 rank=36.3 fourier=0.214 | time=72.1s
Step 13400 | train_loss=0.0543 test_loss=0.1248 | train_acc=0.9981 test_acc=0.9922 | ‖W‖=33.44 rank=36.4 fourier=0.215 | time=72.7s
Step 13500 | train_loss=0.1745 test_loss=0.2810 | train_acc=0.9856 test_acc=0.9733 | ‖W‖=33.89 rank=36.4 fourier=0.212 | time=73.3s
Step 13600 | train_loss=0.0947 test_loss=0.2334 | train_acc=0.9962 test_acc=0.9692 | ‖W‖=34.44 rank=37.7 fourier=0.208 | time=73.8s
Step 13700 | train_loss=0.1112 test_loss=0.2392 | train_acc=0.9990 test_acc=0.9700 | ‖W‖=34.51 rank=37.0 fourier=0.208 | time=74.3s
Step 13800 | train_loss=0.1021 test_loss=0.1722 | train_acc=0.9914 test_acc=0.9848 | ‖W‖=33.68 rank=36.5 fourier=0.213 | time=74.8s
Step 13900 | train_loss=0.0459 test_loss=0.1262 | train_acc=1.0000 test_acc=0.9897 | ‖W‖=33.37 rank=36.6 fourier=0.213 | time=75.4s
Step 14000 | train_loss=0.1177 test_loss=0.2125 | train_acc=0.9904 test_acc=0.9828 | ‖W‖=33.70 rank=36.8 fourier=0.210 | time=75.9s
Step 14100 | train_loss=0.0385 test_loss=0.1067 | train_acc=1.0000 test_acc=0.9914 | ‖W‖=32.77 rank=36.7 fourier=0.213 | time=76.5s
Step 14200 | train_loss=0.0459 test_loss=0.1125 | train_acc=1.0000 test_acc=0.9926 | ‖W‖=32.05 rank=35.8 fourier=0.214 | time=77.0s
Step 14300 | train_loss=0.1542 test_loss=0.2735 | train_acc=0.9914 test_acc=0.9737 | ‖W‖=31.94 rank=36.0 fourier=0.214 | time=77.6s
Step 14400 | train_loss=0.0338 test_loss=0.1031 | train_acc=1.0000 test_acc=0.9902 | ‖W‖=33.19 rank=36.9 fourier=0.213 | time=78.1s
Step 14500 | train_loss=0.0461 test_loss=0.1087 | train_acc=1.0000 test_acc=0.9947 | ‖W‖=32.09 rank=36.0 fourier=0.214 | time=78.7s
Step 14600 | train_loss=0.0441 test_loss=0.0988 | train_acc=1.0000 test_acc=0.9943 | ‖W‖=31.52 rank=35.4 fourier=0.215 | time=79.2s
Step 14700 | train_loss=0.0997 test_loss=0.2152 | train_acc=0.9943 test_acc=0.9762 | ‖W‖=33.46 rank=36.8 fourier=0.210 | time=79.8s
Step 14800 | train_loss=0.0500 test_loss=0.1259 | train_acc=1.0000 test_acc=0.9934 | ‖W‖=32.34 rank=36.4 fourier=0.212 | time=80.3s
Step 14900 | train_loss=0.1140 test_loss=0.2321 | train_acc=0.9962 test_acc=0.9811 | ‖W‖=31.89 rank=36.1 fourier=0.209 | time=80.8s
Step 15000 | train_loss=0.0603 test_loss=0.1652 | train_acc=0.9990 test_acc=0.9824 | ‖W‖=32.05 rank=36.6 fourier=0.210 | time=81.3s
Step 15100 | train_loss=0.0372 test_loss=0.0967 | train_acc=1.0000 test_acc=0.9938 | ‖W‖=30.91 rank=35.7 fourier=0.213 | time=82.0s
Step 15200 | train_loss=0.1608 test_loss=0.2971 | train_acc=0.9856 test_acc=0.9614 | ‖W‖=31.57 rank=36.6 fourier=0.209 | time=82.5s
Step 15300 | train_loss=0.0435 test_loss=0.1067 | train_acc=1.0000 test_acc=0.9914 | ‖W‖=31.20 rank=36.3 fourier=0.212 | time=83.0s
Step 15400 | train_loss=0.1011 test_loss=0.1758 | train_acc=0.9923 test_acc=0.9893 | ‖W‖=31.99 rank=36.6 fourier=0.212 | time=83.5s
Step 15500 | train_loss=0.0539 test_loss=0.1402 | train_acc=0.9990 test_acc=0.9889 | ‖W‖=30.94 rank=36.3 fourier=0.213 | time=84.2s
Step 15600 | train_loss=0.0603 test_loss=0.1419 | train_acc=0.9981 test_acc=0.9893 | ‖W‖=30.80 rank=36.1 fourier=0.210 | time=84.7s
Step 15700 | train_loss=0.1219 test_loss=0.2396 | train_acc=0.9943 test_acc=0.9770 | ‖W‖=31.10 rank=36.4 fourier=0.208 | time=85.2s
Step 15800 | train_loss=0.0345 test_loss=0.1074 | train_acc=1.0000 test_acc=0.9910 | ‖W‖=31.43 rank=36.9 fourier=0.210 | time=85.7s
Step 15900 | train_loss=0.0728 test_loss=0.1401 | train_acc=0.9971 test_acc=0.9943 | ‖W‖=30.49 rank=36.0 fourier=0.212 | time=86.3s
Step 16000 | train_loss=0.0461 test_loss=0.1409 | train_acc=0.9990 test_acc=0.9877 | ‖W‖=30.92 rank=36.8 fourier=0.211 | time=86.8s
Step 16100 | train_loss=0.0407 test_loss=0.1053 | train_acc=1.0000 test_acc=0.9930 | ‖W‖=30.24 rank=36.0 fourier=0.213 | time=87.3s
Step 16200 | train_loss=0.0829 test_loss=0.1901 | train_acc=0.9981 test_acc=0.9824 | ‖W‖=30.88 rank=36.9 fourier=0.210 | time=87.8s
Step 16300 | train_loss=0.0397 test_loss=0.1181 | train_acc=1.0000 test_acc=0.9910 | ‖W‖=30.04 rank=36.2 fourier=0.212 | time=88.5s
Step 16400 | train_loss=0.0738 test_loss=0.1622 | train_acc=0.9981 test_acc=0.9865 | ‖W‖=30.73 rank=36.4 fourier=0.213 | time=89.0s
Step 16500 | train_loss=0.0447 test_loss=0.1205 | train_acc=1.0000 test_acc=0.9877 | ‖W‖=29.83 rank=35.9 fourier=0.214 | time=89.5s
Step 16600 | train_loss=0.1092 test_loss=0.2360 | train_acc=0.9943 test_acc=0.9680 | ‖W‖=31.11 rank=36.8 fourier=0.209 | time=90.1s
Step 16700 | train_loss=0.0398 test_loss=0.1150 | train_acc=1.0000 test_acc=0.9906 | ‖W‖=30.86 rank=36.6 fourier=0.210 | time=90.7s
Step 16800 | train_loss=0.0740 test_loss=0.1391 | train_acc=0.9962 test_acc=0.9918 | ‖W‖=30.75 rank=35.9 fourier=0.211 | time=91.2s
Step 16900 | train_loss=0.0799 test_loss=0.1801 | train_acc=0.9962 test_acc=0.9828 | ‖W‖=31.59 rank=36.9 fourier=0.208 | time=91.7s
Step 17000 | train_loss=0.0491 test_loss=0.1202 | train_acc=1.0000 test_acc=0.9897 | ‖W‖=30.68 rank=36.3 fourier=0.209 | time=92.3s
Step 17100 | train_loss=0.0777 test_loss=0.1823 | train_acc=1.0000 test_acc=0.9848 | ‖W‖=30.14 rank=35.9 fourier=0.210 | time=92.8s
Step 17200 | train_loss=0.0476 test_loss=0.1476 | train_acc=1.0000 test_acc=0.9877 | ‖W‖=30.05 rank=35.7 fourier=0.210 | time=93.4s
Step 17300 | train_loss=0.0470 test_loss=0.1279 | train_acc=1.0000 test_acc=0.9914 | ‖W‖=29.84 rank=35.5 fourier=0.210 | time=93.9s
Step 17400 | train_loss=0.1230 test_loss=0.2652 | train_acc=0.9923 test_acc=0.9676 | ‖W‖=30.17 rank=35.8 fourier=0.207 | time=94.4s
Step 17500 | train_loss=0.0413 test_loss=0.1146 | train_acc=1.0000 test_acc=0.9885 | ‖W‖=30.57 rank=36.3 fourier=0.211 | time=95.0s
Step 17600 | train_loss=0.0439 test_loss=0.1151 | train_acc=1.0000 test_acc=0.9910 | ‖W‖=30.55 rank=36.4 fourier=0.210 | time=95.5s
Step 17700 | train_loss=0.0923 test_loss=0.2373 | train_acc=0.9990 test_acc=0.9700 | ‖W‖=29.69 rank=35.8 fourier=0.210 | time=96.0s
Step 17800 | train_loss=0.0353 test_loss=0.0941 | train_acc=1.0000 test_acc=0.9943 | ‖W‖=29.76 rank=35.8 fourier=0.213 | time=96.6s
Step 17900 | train_loss=0.1863 test_loss=0.2868 | train_acc=0.9828 test_acc=0.9778 | ‖W‖=29.91 rank=36.0 fourier=0.210 | time=97.1s
Step 18000 | train_loss=0.0477 test_loss=0.1447 | train_acc=0.9990 test_acc=0.9803 | ‖W‖=30.78 rank=36.7 fourier=0.209 | time=97.7s
Step 18100 | train_loss=0.0413 test_loss=0.1313 | train_acc=1.0000 test_acc=0.9869 | ‖W‖=29.66 rank=35.9 fourier=0.211 | time=98.3s
Step 18200 | train_loss=0.0679 test_loss=0.1649 | train_acc=0.9990 test_acc=0.9848 | ‖W‖=30.37 rank=36.0 fourier=0.210 | time=98.8s
Step 18300 | train_loss=0.0810 test_loss=0.2083 | train_acc=0.9962 test_acc=0.9762 | ‖W‖=30.27 rank=36.0 fourier=0.210 | time=99.3s
Step 18400 | train_loss=0.0559 test_loss=0.1446 | train_acc=1.0000 test_acc=0.9877 | ‖W‖=30.10 rank=36.0 fourier=0.210 | time=99.9s
Step 18500 | train_loss=0.0362 test_loss=0.1128 | train_acc=1.0000 test_acc=0.9902 | ‖W‖=29.47 rank=35.5 fourier=0.212 | time=100.5s
Step 18600 | train_loss=0.0844 test_loss=0.2056 | train_acc=0.9990 test_acc=0.9770 | ‖W‖=28.78 rank=34.9 fourier=0.212 | time=101.0s
Step 18700 | train_loss=0.0943 test_loss=0.2145 | train_acc=0.9971 test_acc=0.9737 | ‖W‖=31.59 rank=37.1 fourier=0.206 | time=101.5s
Step 18800 | train_loss=0.0415 test_loss=0.1219 | train_acc=0.9981 test_acc=0.9893 | ‖W‖=30.22 rank=36.9 fourier=0.208 | time=102.1s
Step 18900 | train_loss=0.0521 test_loss=0.1418 | train_acc=0.9990 test_acc=0.9848 | ‖W‖=29.38 rank=35.8 fourier=0.210 | time=102.6s
Step 19000 | train_loss=0.0809 test_loss=0.1774 | train_acc=0.9971 test_acc=0.9860 | ‖W‖=30.38 rank=36.1 fourier=0.209 | time=103.1s
Step 19100 | train_loss=0.0424 test_loss=0.1160 | train_acc=1.0000 test_acc=0.9918 | ‖W‖=29.48 rank=35.5 fourier=0.208 | time=103.6s
Step 19200 | train_loss=0.0726 test_loss=0.1758 | train_acc=0.9990 test_acc=0.9848 | ‖W‖=29.91 rank=35.7 fourier=0.208 | time=104.2s
Step 19300 | train_loss=0.0362 test_loss=0.1157 | train_acc=1.0000 test_acc=0.9893 | ‖W‖=29.88 rank=35.9 fourier=0.209 | time=104.8s
Step 19400 | train_loss=0.0478 test_loss=0.1289 | train_acc=1.0000 test_acc=0.9893 | ‖W‖=29.38 rank=35.0 fourier=0.210 | time=105.3s
Step 19500 | train_loss=0.0450 test_loss=0.1398 | train_acc=1.0000 test_acc=0.9885 | ‖W‖=30.34 rank=35.9 fourier=0.209 | time=105.8s
Step 19600 | train_loss=0.0386 test_loss=0.1245 | train_acc=1.0000 test_acc=0.9873 | ‖W‖=29.91 rank=35.5 fourier=0.208 | time=106.5s
Step 19700 | train_loss=0.0516 test_loss=0.1296 | train_acc=0.9981 test_acc=0.9889 | ‖W‖=28.91 rank=34.7 fourier=0.210 | time=107.0s
Step 19800 | train_loss=0.1841 test_loss=0.3653 | train_acc=0.9761 test_acc=0.9409 | ‖W‖=30.93 rank=36.9 fourier=0.202 | time=107.5s
Step 19900 | train_loss=0.0316 test_loss=0.1165 | train_acc=1.0000 test_acc=0.9869 | ‖W‖=30.80 rank=36.8 fourier=0.208 | time=108.0s
Step 20000 | train_loss=0.0522 test_loss=0.1386 | train_acc=1.0000 test_acc=0.9856 | ‖W‖=29.83 rank=35.8 fourier=0.210 | time=108.7s
Step 20100 | train_loss=0.0713 test_loss=0.1823 | train_acc=1.0000 test_acc=0.9828 | ‖W‖=29.72 rank=35.3 fourier=0.209 | time=109.2s
Step 20200 | train_loss=0.0578 test_loss=0.1498 | train_acc=1.0000 test_acc=0.9881 | ‖W‖=29.41 rank=35.1 fourier=0.210 | time=109.7s
Step 20300 | train_loss=0.1041 test_loss=0.2601 | train_acc=0.9962 test_acc=0.9561 | ‖W‖=30.14 rank=35.6 fourier=0.205 | time=110.3s
Step 20400 | train_loss=0.0378 test_loss=0.1311 | train_acc=1.0000 test_acc=0.9860 | ‖W‖=31.15 rank=36.4 fourier=0.208 | time=110.9s
Step 20500 | train_loss=0.0328 test_loss=0.1165 | train_acc=1.0000 test_acc=0.9881 | ‖W‖=29.67 rank=35.7 fourier=0.210 | time=111.4s
Step 20600 | train_loss=0.0355 test_loss=0.1022 | train_acc=1.0000 test_acc=0.9922 | ‖W‖=29.06 rank=34.7 fourier=0.211 | time=111.9s
Step 20700 | train_loss=0.0450 test_loss=0.1386 | train_acc=1.0000 test_acc=0.9869 | ‖W‖=29.67 rank=35.3 fourier=0.208 | time=112.4s
Step 20800 | train_loss=0.0667 test_loss=0.1681 | train_acc=0.9981 test_acc=0.9865 | ‖W‖=30.02 rank=35.0 fourier=0.209 | time=113.0s
Step 20900 | train_loss=0.0350 test_loss=0.1266 | train_acc=1.0000 test_acc=0.9860 | ‖W‖=29.33 rank=34.9 fourier=0.210 | time=113.5s
Step 21000 | train_loss=0.0366 test_loss=0.1126 | train_acc=1.0000 test_acc=0.9877 | ‖W‖=28.84 rank=34.3 fourier=0.210 | time=114.0s
Step 21100 | train_loss=0.1849 test_loss=0.3082 | train_acc=0.9799 test_acc=0.9536 | ‖W‖=30.80 rank=36.0 fourier=0.207 | time=114.6s
Step 21200 | train_loss=0.0548 test_loss=0.1916 | train_acc=0.9981 test_acc=0.9750 | ‖W‖=31.48 rank=37.0 fourier=0.203 | time=115.2s
Step 21300 | train_loss=0.0312 test_loss=0.1153 | train_acc=1.0000 test_acc=0.9873 | ‖W‖=29.75 rank=36.3 fourier=0.207 | time=115.7s
Step 21400 | train_loss=0.0571 test_loss=0.1420 | train_acc=1.0000 test_acc=0.9893 | ‖W‖=29.54 rank=35.2 fourier=0.209 | time=116.2s
Step 21500 | train_loss=0.0362 test_loss=0.1093 | train_acc=1.0000 test_acc=0.9910 | ‖W‖=28.81 rank=34.5 fourier=0.211 | time=116.8s
Step 21600 | train_loss=0.0521 test_loss=0.1398 | train_acc=0.9990 test_acc=0.9881 | ‖W‖=30.22 rank=35.7 fourier=0.207 | time=117.4s
Step 21700 | train_loss=0.0752 test_loss=0.1921 | train_acc=0.9952 test_acc=0.9807 | ‖W‖=29.39 rank=35.2 fourier=0.209 | time=117.9s
Step 21800 | train_loss=0.0441 test_loss=0.1191 | train_acc=1.0000 test_acc=0.9893 | ‖W‖=28.94 rank=34.5 fourier=0.210 | time=118.4s
Step 21900 | train_loss=0.0619 test_loss=0.1608 | train_acc=0.9990 test_acc=0.9819 | ‖W‖=29.98 rank=35.1 fourier=0.211 | time=118.9s
Step 22000 | train_loss=0.0304 test_loss=0.0963 | train_acc=1.0000 test_acc=0.9938 | ‖W‖=29.28 rank=34.8 fourier=0.211 | time=119.5s
Step 22100 | train_loss=0.1304 test_loss=0.2394 | train_acc=0.9904 test_acc=0.9737 | ‖W‖=30.37 rank=35.3 fourier=0.212 | time=120.0s
Step 22200 | train_loss=0.0442 test_loss=0.1186 | train_acc=0.9990 test_acc=0.9889 | ‖W‖=29.84 rank=35.0 fourier=0.212 | time=120.5s
Step 22300 | train_loss=0.0985 test_loss=0.1778 | train_acc=0.9943 test_acc=0.9910 | ‖W‖=30.67 rank=35.3 fourier=0.211 | time=121.1s
Step 22400 | train_loss=0.0347 test_loss=0.1064 | train_acc=1.0000 test_acc=0.9926 | ‖W‖=29.93 rank=35.3 fourier=0.210 | time=121.7s
Step 22500 | train_loss=0.0542 test_loss=0.1588 | train_acc=0.9990 test_acc=0.9852 | ‖W‖=29.90 rank=35.2 fourier=0.208 | time=122.2s
Step 22600 | train_loss=0.0367 test_loss=0.0945 | train_acc=1.0000 test_acc=0.9943 | ‖W‖=28.91 rank=34.2 fourier=0.211 | time=122.7s
Step 22700 | train_loss=0.0432 test_loss=0.1209 | train_acc=1.0000 test_acc=0.9869 | ‖W‖=29.44 rank=34.8 fourier=0.210 | time=123.3s
Step 22800 | train_loss=0.0949 test_loss=0.2074 | train_acc=0.9962 test_acc=0.9787 | ‖W‖=30.38 rank=35.2 fourier=0.208 | time=123.9s
Step 22900 | train_loss=0.0319 test_loss=0.1073 | train_acc=1.0000 test_acc=0.9930 | ‖W‖=30.11 rank=35.3 fourier=0.208 | time=124.4s
Step 23000 | train_loss=0.0676 test_loss=0.1991 | train_acc=0.9990 test_acc=0.9713 | ‖W‖=30.20 rank=35.3 fourier=0.207 | time=124.9s
Step 23100 | train_loss=0.0456 test_loss=0.1468 | train_acc=1.0000 test_acc=0.9852 | ‖W‖=30.13 rank=34.9 fourier=0.208 | time=125.4s
Step 23200 | train_loss=0.0515 test_loss=0.1310 | train_acc=1.0000 test_acc=0.9914 | ‖W‖=29.19 rank=33.8 fourier=0.210 | time=126.0s
Step 23300 | train_loss=0.0524 test_loss=0.1319 | train_acc=1.0000 test_acc=0.9918 | ‖W‖=28.91 rank=33.6 fourier=0.210 | time=126.5s
Step 23400 | train_loss=0.0843 test_loss=0.1810 | train_acc=0.9981 test_acc=0.9869 | ‖W‖=30.95 rank=35.1 fourier=0.208 | time=127.1s
Step 23500 | train_loss=0.0314 test_loss=0.0944 | train_acc=1.0000 test_acc=0.9922 | ‖W‖=29.91 rank=34.6 fourier=0.211 | time=127.6s
Step 23600 | train_loss=0.0456 test_loss=0.1391 | train_acc=0.9990 test_acc=0.9873 | ‖W‖=30.69 rank=34.7 fourier=0.210 | time=128.2s
Step 23700 | train_loss=0.0415 test_loss=0.1218 | train_acc=1.0000 test_acc=0.9902 | ‖W‖=30.03 rank=34.2 fourier=0.209 | time=128.7s
Step 23800 | train_loss=0.1473 test_loss=0.2405 | train_acc=0.9923 test_acc=0.9828 | ‖W‖=29.97 rank=34.3 fourier=0.209 | time=129.3s
Step 23900 | train_loss=0.0295 test_loss=0.0860 | train_acc=1.0000 test_acc=0.9943 | ‖W‖=30.33 rank=35.1 fourier=0.208 | time=129.8s
Step 24000 | train_loss=0.0751 test_loss=0.1805 | train_acc=1.0000 test_acc=0.9860 | ‖W‖=30.36 rank=34.2 fourier=0.209 | time=130.3s
Step 24100 | train_loss=0.0438 test_loss=0.1327 | train_acc=1.0000 test_acc=0.9865 | ‖W‖=30.39 rank=34.3 fourier=0.207 | time=130.9s
Step 24200 | train_loss=0.0635 test_loss=0.1733 | train_acc=0.9990 test_acc=0.9807 | ‖W‖=32.13 rank=36.1 fourier=0.205 | time=131.4s
Step 24300 | train_loss=0.0286 test_loss=0.0905 | train_acc=1.0000 test_acc=0.9934 | ‖W‖=30.88 rank=35.4 fourier=0.209 | time=131.9s
Step 24400 | train_loss=0.1455 test_loss=0.2739 | train_acc=0.9914 test_acc=0.9729 | ‖W‖=31.30 rank=34.4 fourier=0.208 | time=132.5s
Step 24500 | train_loss=0.0342 test_loss=0.1174 | train_acc=1.0000 test_acc=0.9881 | ‖W‖=30.98 rank=34.3 fourier=0.210 | time=133.1s
Step 24600 | train_loss=0.0371 test_loss=0.1271 | train_acc=1.0000 test_acc=0.9860 | ‖W‖=30.37 rank=33.7 fourier=0.210 | time=133.6s
Step 24700 | train_loss=0.0508 test_loss=0.1718 | train_acc=0.9990 test_acc=0.9750 | ‖W‖=31.80 rank=35.0 fourier=0.207 | time=134.1s
Step 24800 | train_loss=0.0264 test_loss=0.1124 | train_acc=1.0000 test_acc=0.9860 | ‖W‖=32.46 rank=35.5 fourier=0.207 | time=134.7s
Step 24900 | train_loss=0.1167 test_loss=0.2259 | train_acc=0.9962 test_acc=0.9754 | ‖W‖=31.44 rank=34.8 fourier=0.207 | time=135.3s
Step 25000 | train_loss=0.0283 test_loss=0.1112 | train_acc=1.0000 test_acc=0.9881 | ‖W‖=32.58 rank=35.5 fourier=0.206 | time=135.8s
Step 25100 | train_loss=0.0269 test_loss=0.1099 | train_acc=1.0000 test_acc=0.9869 | ‖W‖=31.27 rank=34.5 fourier=0.208 | time=136.3s
Step 25200 | train_loss=0.0381 test_loss=0.1308 | train_acc=1.0000 test_acc=0.9848 | ‖W‖=31.08 rank=33.9 fourier=0.206 | time=136.9s
Step 25300 | train_loss=0.0386 test_loss=0.1308 | train_acc=1.0000 test_acc=0.9840 | ‖W‖=31.65 rank=34.6 fourier=0.204 | time=137.5s
Step 25400 | train_loss=0.0258 test_loss=0.0953 | train_acc=1.0000 test_acc=0.9889 | ‖W‖=31.42 rank=34.2 fourier=0.207 | time=138.0s
Step 25500 | train_loss=0.0263 test_loss=0.1145 | train_acc=1.0000 test_acc=0.9832 | ‖W‖=31.51 rank=33.9 fourier=0.206 | time=138.5s
Step 25600 | train_loss=0.0551 test_loss=0.1769 | train_acc=0.9952 test_acc=0.9713 | ‖W‖=32.90 rank=36.3 fourier=0.205 | time=139.1s
Step 25700 | train_loss=0.0198 test_loss=0.1119 | train_acc=1.0000 test_acc=0.9815 | ‖W‖=31.68 rank=35.6 fourier=0.207 | time=139.6s
Step 25800 | train_loss=0.0405 test_loss=0.1383 | train_acc=1.0000 test_acc=0.9852 | ‖W‖=31.12 rank=34.5 fourier=0.208 | time=140.1s
Step 25900 | train_loss=0.1338 test_loss=0.2444 | train_acc=0.9904 test_acc=0.9733 | ‖W‖=31.80 rank=34.7 fourier=0.208 | time=140.6s
Step 26000 | train_loss=0.0760 test_loss=0.2321 | train_acc=0.9943 test_acc=0.9573 | ‖W‖=33.69 rank=36.1 fourier=0.205 | time=141.2s
Step 26100 | train_loss=0.0179 test_loss=0.1058 | train_acc=1.0000 test_acc=0.9844 | ‖W‖=32.07 rank=35.8 fourier=0.210 | time=141.8s
Step 26200 | train_loss=0.0648 test_loss=0.1762 | train_acc=0.9981 test_acc=0.9783 | ‖W‖=31.38 rank=34.6 fourier=0.212 | time=142.3s
Step 26300 | train_loss=0.0478 test_loss=0.1822 | train_acc=0.9990 test_acc=0.9696 | ‖W‖=32.96 rank=35.4 fourier=0.207 | time=142.8s
Step 26400 | train_loss=0.0232 test_loss=0.1143 | train_acc=1.0000 test_acc=0.9832 | ‖W‖=31.68 rank=34.9 fourier=0.212 | time=143.4s
Step 26500 | train_loss=0.0243 test_loss=0.0937 | train_acc=1.0000 test_acc=0.9881 | ‖W‖=30.94 rank=34.0 fourier=0.213 | time=144.0s
Step 26600 | train_loss=0.1096 test_loss=0.2555 | train_acc=0.9933 test_acc=0.9651 | ‖W‖=31.05 rank=34.1 fourier=0.210 | time=144.5s
Step 26700 | train_loss=0.0255 test_loss=0.1134 | train_acc=1.0000 test_acc=0.9840 | ‖W‖=32.27 rank=35.2 fourier=0.210 | time=145.0s
Step 26800 | train_loss=0.0291 test_loss=0.1168 | train_acc=1.0000 test_acc=0.9824 | ‖W‖=30.94 rank=34.3 fourier=0.212 | time=145.5s
Step 26900 | train_loss=0.0212 test_loss=0.0902 | train_acc=1.0000 test_acc=0.9889 | ‖W‖=30.81 rank=33.7 fourier=0.212 | time=146.1s
Step 27000 | train_loss=0.4433 test_loss=0.6872 | train_acc=0.9358 test_acc=0.8597 | ‖W‖=32.97 rank=35.1 fourier=0.213 | time=146.6s
Step 27100 | train_loss=0.0205 test_loss=0.1208 | train_acc=1.0000 test_acc=0.9787 | ‖W‖=33.61 rank=36.7 fourier=0.211 | time=147.1s
Step 27200 | train_loss=0.0232 test_loss=0.1053 | train_acc=1.0000 test_acc=0.9881 | ‖W‖=31.87 rank=36.0 fourier=0.214 | time=147.7s
Step 27300 | train_loss=0.0349 test_loss=0.1146 | train_acc=1.0000 test_acc=0.9889 | ‖W‖=31.11 rank=34.6 fourier=0.216 | time=148.3s
Step 27400 | train_loss=0.0260 test_loss=0.1213 | train_acc=1.0000 test_acc=0.9819 | ‖W‖=32.51 rank=35.0 fourier=0.215 | time=148.8s
Step 27500 | train_loss=0.0309 test_loss=0.1224 | train_acc=1.0000 test_acc=0.9869 | ‖W‖=32.14 rank=34.5 fourier=0.214 | time=149.3s
Step 27600 | train_loss=0.0512 test_loss=0.1605 | train_acc=0.9990 test_acc=0.9787 | ‖W‖=31.44 rank=33.5 fourier=0.215 | time=149.9s
Step 27700 | train_loss=0.0717 test_loss=0.1694 | train_acc=0.9981 test_acc=0.9787 | ‖W‖=33.52 rank=34.8 fourier=0.211 | time=150.5s
Step 27800 | train_loss=0.0212 test_loss=0.0912 | train_acc=1.0000 test_acc=0.9889 | ‖W‖=32.21 rank=34.5 fourier=0.211 | time=151.0s
Step 27900 | train_loss=0.0298 test_loss=0.1017 | train_acc=1.0000 test_acc=0.9897 | ‖W‖=32.96 rank=34.9 fourier=0.212 | time=151.5s
Step 28000 | train_loss=0.0326 test_loss=0.1112 | train_acc=1.0000 test_acc=0.9856 | ‖W‖=31.81 rank=33.9 fourier=0.213 | time=152.0s
Step 28100 | train_loss=0.1320 test_loss=0.2819 | train_acc=0.9943 test_acc=0.9664 | ‖W‖=32.85 rank=34.5 fourier=0.211 | time=152.6s
Step 28200 | train_loss=0.0325 test_loss=0.1313 | train_acc=0.9990 test_acc=0.9815 | ‖W‖=32.85 rank=34.5 fourier=0.210 | time=153.1s
Step 28300 | train_loss=0.0686 test_loss=0.1798 | train_acc=0.9981 test_acc=0.9815 | ‖W‖=31.73 rank=33.4 fourier=0.213 | time=153.7s
Step 28400 | train_loss=0.0241 test_loss=0.1164 | train_acc=1.0000 test_acc=0.9828 | ‖W‖=33.44 rank=35.0 fourier=0.211 | time=154.2s
Step 28500 | train_loss=0.0270 test_loss=0.1017 | train_acc=1.0000 test_acc=0.9885 | ‖W‖=32.25 rank=34.1 fourier=0.211 | time=154.8s
Step 28600 | train_loss=0.0500 test_loss=0.1677 | train_acc=0.9981 test_acc=0.9795 | ‖W‖=32.64 rank=33.8 fourier=0.210 | time=155.3s
Step 28700 | train_loss=0.0579 test_loss=0.1753 | train_acc=0.9981 test_acc=0.9774 | ‖W‖=33.73 rank=34.7 fourier=0.207 | time=155.9s
Step 28800 | train_loss=0.0205 test_loss=0.0843 | train_acc=1.0000 test_acc=0.9938 | ‖W‖=32.29 rank=34.1 fourier=0.211 | time=156.4s
Step 28900 | train_loss=0.0842 test_loss=0.2005 | train_acc=0.9943 test_acc=0.9741 | ‖W‖=34.30 rank=34.8 fourier=0.208 | time=157.0s
Step 29000 | train_loss=0.0197 test_loss=0.0991 | train_acc=1.0000 test_acc=0.9902 | ‖W‖=33.56 rank=34.7 fourier=0.210 | time=157.5s
Step 29100 | train_loss=0.0330 test_loss=0.1229 | train_acc=1.0000 test_acc=0.9893 | ‖W‖=32.15 rank=33.7 fourier=0.212 | time=158.0s
Step 29200 | train_loss=0.0397 test_loss=0.1218 | train_acc=1.0000 test_acc=0.9893 | ‖W‖=32.11 rank=33.0 fourier=0.213 | time=158.5s
Step 29300 | train_loss=0.0316 test_loss=0.1106 | train_acc=1.0000 test_acc=0.9869 | ‖W‖=32.51 rank=33.3 fourier=0.211 | time=159.1s
Step 29400 | train_loss=0.0265 test_loss=0.0859 | train_acc=1.0000 test_acc=0.9930 | ‖W‖=31.97 rank=32.8 fourier=0.211 | time=159.6s
Step 29500 | train_loss=0.0370 test_loss=0.1357 | train_acc=1.0000 test_acc=0.9848 | ‖W‖=33.24 rank=33.7 fourier=0.209 | time=160.2s
Step 29600 | train_loss=0.0271 test_loss=0.1027 | train_acc=1.0000 test_acc=0.9910 | ‖W‖=31.98 rank=32.8 fourier=0.211 | time=160.8s
Step 29700 | train_loss=0.1751 test_loss=0.3513 | train_acc=0.9847 test_acc=0.9438 | ‖W‖=34.41 rank=34.8 fourier=0.210 | time=161.3s
Step 29800 | train_loss=0.0242 test_loss=0.1229 | train_acc=1.0000 test_acc=0.9836 | ‖W‖=34.89 rank=35.6 fourier=0.208 | time=161.9s
Step 29900 | train_loss=0.0264 test_loss=0.0950 | train_acc=1.0000 test_acc=0.9930 | ‖W‖=33.14 rank=34.7 fourier=0.211 | time=162.4s
Step 30000 | train_loss=0.0409 test_loss=0.1286 | train_acc=0.9990 test_acc=0.9885 | ‖W‖=32.74 rank=33.6 fourier=0.212 | time=162.9s
Step 30100 | train_loss=0.0301 test_loss=0.1145 | train_acc=1.0000 test_acc=0.9897 | ‖W‖=34.25 rank=34.4 fourier=0.209 | time=163.5s
Step 30200 | train_loss=0.0420 test_loss=0.1482 | train_acc=1.0000 test_acc=0.9832 | ‖W‖=32.88 rank=33.7 fourier=0.210 | time=164.0s
Step 30300 | train_loss=0.0482 test_loss=0.1449 | train_acc=0.9990 test_acc=0.9865 | ‖W‖=32.36 rank=33.1 fourier=0.211 | time=164.5s
Step 30400 | train_loss=0.0404 test_loss=0.1317 | train_acc=0.9990 test_acc=0.9889 | ‖W‖=32.35 rank=33.0 fourier=0.212 | time=165.2s
Step 30500 | train_loss=0.0510 test_loss=0.1861 | train_acc=1.0000 test_acc=0.9713 | ‖W‖=34.16 rank=34.5 fourier=0.206 | time=165.7s
Step 30600 | train_loss=0.0290 test_loss=0.1245 | train_acc=1.0000 test_acc=0.9873 | ‖W‖=32.77 rank=34.0 fourier=0.208 | time=166.2s
Step 30700 | train_loss=0.1608 test_loss=0.3637 | train_acc=0.9895 test_acc=0.9413 | ‖W‖=33.85 rank=34.2 fourier=0.205 | time=166.7s
Step 30800 | train_loss=0.0209 test_loss=0.0970 | train_acc=1.0000 test_acc=0.9902 | ‖W‖=33.50 rank=34.6 fourier=0.209 | time=167.4s
Step 30900 | train_loss=0.0390 test_loss=0.1168 | train_acc=1.0000 test_acc=0.9922 | ‖W‖=32.23 rank=33.3 fourier=0.212 | time=167.9s
Step 31000 | train_loss=0.0589 test_loss=0.1712 | train_acc=0.9990 test_acc=0.9795 | ‖W‖=31.81 rank=32.8 fourier=0.212 | time=168.4s
Step 31100 | train_loss=0.1407 test_loss=0.3195 | train_acc=0.9875 test_acc=0.9532 | ‖W‖=33.06 rank=34.1 fourier=0.208 | time=168.9s
Step 31200 | train_loss=0.0279 test_loss=0.1154 | train_acc=1.0000 test_acc=0.9852 | ‖W‖=32.90 rank=33.8 fourier=0.210 | time=169.5s
Step 31300 | train_loss=0.0328 test_loss=0.1164 | train_acc=1.0000 test_acc=0.9889 | ‖W‖=31.93 rank=32.9 fourier=0.211 | time=170.0s
Step 31400 | train_loss=0.0596 test_loss=0.1880 | train_acc=0.9981 test_acc=0.9746 | ‖W‖=34.37 rank=34.5 fourier=0.209 | time=170.5s
Step 31500 | train_loss=0.0291 test_loss=0.1191 | train_acc=1.0000 test_acc=0.9848 | ‖W‖=32.83 rank=34.1 fourier=0.210 | time=171.1s
Step 31600 | train_loss=0.0577 test_loss=0.1493 | train_acc=0.9990 test_acc=0.9893 | ‖W‖=32.06 rank=33.2 fourier=0.213 | time=171.7s
Step 31700 | train_loss=0.0449 test_loss=0.1332 | train_acc=1.0000 test_acc=0.9856 | ‖W‖=33.67 rank=34.0 fourier=0.212 | time=172.2s
Step 31800 | train_loss=0.0287 test_loss=0.1110 | train_acc=1.0000 test_acc=0.9906 | ‖W‖=32.51 rank=33.5 fourier=0.212 | time=172.7s
Step 31900 | train_loss=0.0899 test_loss=0.2338 | train_acc=0.9981 test_acc=0.9705 | ‖W‖=33.09 rank=34.3 fourier=0.209 | time=173.3s
Step 32000 | train_loss=0.0234 test_loss=0.1128 | train_acc=1.0000 test_acc=0.9852 | ‖W‖=33.16 rank=34.7 fourier=0.206 | time=173.9s
Step 32100 | train_loss=0.0821 test_loss=0.2276 | train_acc=0.9933 test_acc=0.9598 | ‖W‖=32.29 rank=33.9 fourier=0.207 | time=174.4s
Step 32200 | train_loss=0.0259 test_loss=0.1075 | train_acc=1.0000 test_acc=0.9893 | ‖W‖=32.16 rank=33.9 fourier=0.207 | time=174.9s
Step 32300 | train_loss=0.0447 test_loss=0.1573 | train_acc=0.9990 test_acc=0.9803 | ‖W‖=32.03 rank=33.6 fourier=0.206 | time=175.4s
Step 32400 | train_loss=0.0275 test_loss=0.0961 | train_acc=1.0000 test_acc=0.9902 | ‖W‖=31.84 rank=33.3 fourier=0.208 | time=176.0s
Step 32500 | train_loss=0.0643 test_loss=0.1677 | train_acc=0.9990 test_acc=0.9787 | ‖W‖=33.76 rank=34.6 fourier=0.208 | time=176.5s
Step 32600 | train_loss=0.0343 test_loss=0.1277 | train_acc=1.0000 test_acc=0.9832 | ‖W‖=33.59 rank=35.1 fourier=0.208 | time=177.1s
Step 32700 | train_loss=0.0434 test_loss=0.1180 | train_acc=0.9981 test_acc=0.9885 | ‖W‖=32.55 rank=34.3 fourier=0.209 | time=177.6s
Step 32800 | train_loss=0.1483 test_loss=0.2729 | train_acc=0.9914 test_acc=0.9741 | ‖W‖=31.93 rank=33.3 fourier=0.212 | time=178.2s
Step 32900 | train_loss=0.0257 test_loss=0.1115 | train_acc=1.0000 test_acc=0.9852 | ‖W‖=32.78 rank=34.3 fourier=0.208 | time=178.7s
Step 33000 | train_loss=0.0463 test_loss=0.1402 | train_acc=1.0000 test_acc=0.9828 | ‖W‖=32.16 rank=33.6 fourier=0.210 | time=179.3s
Step 33100 | train_loss=0.0335 test_loss=0.1615 | train_acc=1.0000 test_acc=0.9762 | ‖W‖=32.84 rank=34.3 fourier=0.206 | time=179.8s
Step 33200 | train_loss=0.0246 test_loss=0.1123 | train_acc=1.0000 test_acc=0.9836 | ‖W‖=32.72 rank=34.0 fourier=0.209 | time=180.4s
Step 33300 | train_loss=0.0525 test_loss=0.1425 | train_acc=1.0000 test_acc=0.9893 | ‖W‖=32.09 rank=33.3 fourier=0.210 | time=180.9s
Step 33400 | train_loss=0.1002 test_loss=0.3244 | train_acc=0.9971 test_acc=0.9405 | ‖W‖=33.08 rank=33.9 fourier=0.203 | time=181.4s
Step 33500 | train_loss=0.0553 test_loss=0.2004 | train_acc=0.9981 test_acc=0.9664 | ‖W‖=34.80 rank=35.5 fourier=0.205 | time=181.9s
Step 33600 | train_loss=0.0181 test_loss=0.0944 | train_acc=1.0000 test_acc=0.9860 | ‖W‖=33.06 rank=35.0 fourier=0.206 | time=182.5s
Step 33700 | train_loss=0.0244 test_loss=0.1069 | train_acc=1.0000 test_acc=0.9856 | ‖W‖=32.03 rank=33.7 fourier=0.209 | time=183.1s
Step 33800 | train_loss=0.0646 test_loss=0.1823 | train_acc=0.9990 test_acc=0.9807 | ‖W‖=32.45 rank=33.8 fourier=0.208 | time=183.6s
Step 33900 | train_loss=0.0326 test_loss=0.1388 | train_acc=1.0000 test_acc=0.9836 | ‖W‖=33.36 rank=34.6 fourier=0.206 | time=184.1s
Step 34000 | train_loss=0.1364 test_loss=0.2580 | train_acc=0.9923 test_acc=0.9754 | ‖W‖=32.63 rank=33.5 fourier=0.208 | time=184.7s
Step 34100 | train_loss=0.0189 test_loss=0.1124 | train_acc=1.0000 test_acc=0.9824 | ‖W‖=34.58 rank=35.5 fourier=0.203 | time=185.2s
Step 34200 | train_loss=0.0229 test_loss=0.0946 | train_acc=1.0000 test_acc=0.9906 | ‖W‖=32.66 rank=34.7 fourier=0.206 | time=185.7s
Step 34300 | train_loss=0.0911 test_loss=0.2318 | train_acc=0.9981 test_acc=0.9700 | ‖W‖=33.91 rank=35.0 fourier=0.207 | time=186.2s
Step 34400 | train_loss=0.0242 test_loss=0.1080 | train_acc=1.0000 test_acc=0.9852 | ‖W‖=32.99 rank=34.7 fourier=0.207 | time=186.8s
Step 34500 | train_loss=0.0509 test_loss=0.1432 | train_acc=0.9971 test_acc=0.9865 | ‖W‖=32.09 rank=33.6 fourier=0.209 | time=187.4s
Step 34600 | train_loss=0.0355 test_loss=0.1156 | train_acc=1.0000 test_acc=0.9865 | ‖W‖=32.36 rank=33.7 fourier=0.207 | time=187.9s
Step 34700 | train_loss=0.0357 test_loss=0.1320 | train_acc=1.0000 test_acc=0.9832 | ‖W‖=31.96 rank=33.2 fourier=0.208 | time=188.4s
Step 34800 | train_loss=0.0531 test_loss=0.1742 | train_acc=0.9990 test_acc=0.9762 | ‖W‖=33.61 rank=34.7 fourier=0.202 | time=189.0s
Step 34900 | train_loss=0.0323 test_loss=0.1596 | train_acc=1.0000 test_acc=0.9705 | ‖W‖=32.79 rank=34.2 fourier=0.204 | time=189.6s
Step 35000 | train_loss=0.0400 test_loss=0.1430 | train_acc=1.0000 test_acc=0.9828 | ‖W‖=31.93 rank=32.9 fourier=0.207 | time=190.1s
Step 35100 | train_loss=0.0807 test_loss=0.2072 | train_acc=0.9971 test_acc=0.9725 | ‖W‖=33.53 rank=34.3 fourier=0.204 | time=190.6s
Step 35200 | train_loss=0.0214 test_loss=0.0988 | train_acc=1.0000 test_acc=0.9881 | ‖W‖=32.69 rank=34.0 fourier=0.204 | time=191.2s
Step 35300 | train_loss=0.0675 test_loss=0.1746 | train_acc=0.9981 test_acc=0.9774 | ‖W‖=33.13 rank=33.9 fourier=0.204 | time=191.8s
Step 35400 | train_loss=0.0315 test_loss=0.1189 | train_acc=1.0000 test_acc=0.9860 | ‖W‖=32.50 rank=33.6 fourier=0.206 | time=192.3s
Step 35500 | train_loss=0.0251 test_loss=0.1043 | train_acc=1.0000 test_acc=0.9860 | ‖W‖=32.83 rank=33.8 fourier=0.205 | time=192.8s
Step 35600 | train_loss=0.0592 test_loss=0.1800 | train_acc=0.9971 test_acc=0.9770 | ‖W‖=32.25 rank=33.2 fourier=0.207 | time=193.4s
Step 35700 | train_loss=0.0247 test_loss=0.1389 | train_acc=1.0000 test_acc=0.9754 | ‖W‖=35.18 rank=35.7 fourier=0.201 | time=193.9s
Step 35800 | train_loss=0.0270 test_loss=0.1240 | train_acc=1.0000 test_acc=0.9836 | ‖W‖=33.24 rank=35.0 fourier=0.204 | time=194.4s
Step 35900 | train_loss=0.0746 test_loss=0.2242 | train_acc=0.9971 test_acc=0.9725 | ‖W‖=32.86 rank=33.9 fourier=0.204 | time=194.9s
Step 36000 | train_loss=0.0263 test_loss=0.1069 | train_acc=1.0000 test_acc=0.9865 | ‖W‖=33.07 rank=33.7 fourier=0.205 | time=195.5s
Step 36100 | train_loss=0.0268 test_loss=0.0999 | train_acc=1.0000 test_acc=0.9897 | ‖W‖=32.34 rank=32.9 fourier=0.207 | time=196.1s
Step 36200 | train_loss=0.2368 test_loss=0.4138 | train_acc=0.9837 test_acc=0.9545 | ‖W‖=32.65 rank=33.9 fourier=0.205 | time=196.6s
Step 36300 | train_loss=0.0192 test_loss=0.0891 | train_acc=1.0000 test_acc=0.9893 | ‖W‖=34.26 rank=35.2 fourier=0.203 | time=197.1s
Step 36400 | train_loss=0.0398 test_loss=0.1622 | train_acc=0.9990 test_acc=0.9778 | ‖W‖=33.09 rank=34.2 fourier=0.204 | time=197.7s
Step 36500 | train_loss=0.0711 test_loss=0.1937 | train_acc=0.9990 test_acc=0.9741 | ‖W‖=32.85 rank=33.4 fourier=0.205 | time=198.3s
Step 36600 | train_loss=0.0209 test_loss=0.1082 | train_acc=1.0000 test_acc=0.9836 | ‖W‖=34.98 rank=35.5 fourier=0.203 | time=198.8s
Step 36700 | train_loss=0.0492 test_loss=0.1409 | train_acc=0.9981 test_acc=0.9836 | ‖W‖=33.21 rank=34.6 fourier=0.206 | time=199.3s
Step 36800 | train_loss=0.0221 test_loss=0.0964 | train_acc=1.0000 test_acc=0.9881 | ‖W‖=33.28 rank=34.0 fourier=0.205 | time=199.9s
Step 36900 | train_loss=0.0330 test_loss=0.1139 | train_acc=1.0000 test_acc=0.9889 | ‖W‖=32.60 rank=33.3 fourier=0.206 | time=200.4s
Step 37000 | train_loss=0.0239 test_loss=0.1047 | train_acc=1.0000 test_acc=0.9860 | ‖W‖=33.25 rank=33.6 fourier=0.203 | time=200.9s
Step 37100 | train_loss=0.0291 test_loss=0.1116 | train_acc=0.9990 test_acc=0.9897 | ‖W‖=32.30 rank=32.7 fourier=0.205 | time=201.4s
Step 37200 | train_loss=0.0522 test_loss=0.1725 | train_acc=0.9990 test_acc=0.9737 | ‖W‖=35.40 rank=35.7 fourier=0.204 | time=202.0s
Step 37300 | train_loss=0.0220 test_loss=0.1023 | train_acc=1.0000 test_acc=0.9889 | ‖W‖=33.91 rank=35.2 fourier=0.205 | time=202.6s
Step 37400 | train_loss=0.0738 test_loss=0.1586 | train_acc=0.9952 test_acc=0.9881 | ‖W‖=33.17 rank=34.1 fourier=0.207 | time=203.1s
Step 37500 | train_loss=0.0360 test_loss=0.1633 | train_acc=1.0000 test_acc=0.9688 | ‖W‖=35.88 rank=35.7 fourier=0.204 | time=203.6s
Step 37600 | train_loss=0.0237 test_loss=0.1010 | train_acc=1.0000 test_acc=0.9881 | ‖W‖=33.95 rank=35.2 fourier=0.207 | time=204.2s
Step 37700 | train_loss=0.0680 test_loss=0.1730 | train_acc=0.9981 test_acc=0.9832 | ‖W‖=33.58 rank=33.9 fourier=0.207 | time=204.8s
Step 37800 | train_loss=0.0516 test_loss=0.1835 | train_acc=1.0000 test_acc=0.9733 | ‖W‖=33.66 rank=33.9 fourier=0.205 | time=205.3s
Step 37900 | train_loss=0.0297 test_loss=0.1111 | train_acc=1.0000 test_acc=0.9860 | ‖W‖=32.89 rank=33.5 fourier=0.206 | time=205.8s
Step 38000 | train_loss=0.0454 test_loss=0.1503 | train_acc=1.0000 test_acc=0.9865 | ‖W‖=32.68 rank=32.8 fourier=0.207 | time=206.4s
Step 38100 | train_loss=0.0806 test_loss=0.2256 | train_acc=0.9971 test_acc=0.9713 | ‖W‖=34.29 rank=34.2 fourier=0.204 | time=206.9s
Step 38200 | train_loss=0.0255 test_loss=0.1118 | train_acc=1.0000 test_acc=0.9860 | ‖W‖=33.34 rank=34.0 fourier=0.203 | time=207.4s
Step 38300 | train_loss=0.0461 test_loss=0.1460 | train_acc=0.9990 test_acc=0.9844 | ‖W‖=32.35 rank=32.7 fourier=0.207 | time=208.0s
Step 38400 | train_loss=0.0313 test_loss=0.1145 | train_acc=1.0000 test_acc=0.9869 | ‖W‖=33.73 rank=34.1 fourier=0.202 | time=208.5s
Step 38500 | train_loss=0.0293 test_loss=0.1031 | train_acc=1.0000 test_acc=0.9918 | ‖W‖=32.66 rank=33.3 fourier=0.204 | time=209.1s
Step 38600 | train_loss=0.1671 test_loss=0.2852 | train_acc=0.9789 test_acc=0.9594 | ‖W‖=35.55 rank=35.5 fourier=0.205 | time=209.6s
Step 38700 | train_loss=0.0211 test_loss=0.1072 | train_acc=1.0000 test_acc=0.9824 | ‖W‖=35.20 rank=36.2 fourier=0.205 | time=210.2s
Step 38800 | train_loss=0.0286 test_loss=0.1121 | train_acc=1.0000 test_acc=0.9848 | ‖W‖=33.59 rank=35.2 fourier=0.205 | time=210.8s
Step 38900 | train_loss=0.0436 test_loss=0.1302 | train_acc=1.0000 test_acc=0.9865 | ‖W‖=34.58 rank=34.9 fourier=0.205 | time=211.3s
Step 39000 | train_loss=0.0354 test_loss=0.1168 | train_acc=1.0000 test_acc=0.9893 | ‖W‖=33.90 rank=34.6 fourier=0.204 | time=211.8s
Step 39100 | train_loss=0.0323 test_loss=0.1197 | train_acc=1.0000 test_acc=0.9865 | ‖W‖=33.43 rank=33.9 fourier=0.204 | time=212.3s
Step 39200 | train_loss=0.0412 test_loss=0.1404 | train_acc=0.9990 test_acc=0.9844 | ‖W‖=34.75 rank=34.9 fourier=0.204 | time=212.9s
Step 39300 | train_loss=0.0290 test_loss=0.1081 | train_acc=1.0000 test_acc=0.9873 | ‖W‖=34.12 rank=34.4 fourier=0.205 | time=213.4s
Step 39400 | train_loss=0.1140 test_loss=0.2512 | train_acc=0.9943 test_acc=0.9762 | ‖W‖=33.81 rank=33.5 fourier=0.206 | time=214.0s
Step 39500 | train_loss=0.0771 test_loss=0.2043 | train_acc=0.9952 test_acc=0.9680 | ‖W‖=35.29 rank=35.2 fourier=0.200 | time=214.5s
Step 39600 | train_loss=0.0185 test_loss=0.0826 | train_acc=1.0000 test_acc=0.9889 | ‖W‖=34.36 rank=34.9 fourier=0.204 | time=215.1s
Step 39700 | train_loss=0.0476 test_loss=0.1484 | train_acc=1.0000 test_acc=0.9852 | ‖W‖=33.35 rank=33.8 fourier=0.205 | time=215.6s
Step 39800 | train_loss=0.1262 test_loss=0.3081 | train_acc=0.9933 test_acc=0.9516 | ‖W‖=33.98 rank=34.2 fourier=0.203 | time=216.1s
Step 39900 | train_loss=0.0194 test_loss=0.1191 | train_acc=1.0000 test_acc=0.9758 | ‖W‖=35.92 rank=36.5 fourier=0.203 | time=216.6s
Step 40000 | train_loss=0.0226 test_loss=0.0967 | train_acc=1.0000 test_acc=0.9897 | ‖W‖=34.02 rank=35.5 fourier=0.205 | time=217.2s
Step 40100 | train_loss=0.0484 test_loss=0.1354 | train_acc=0.9981 test_acc=0.9852 | ‖W‖=33.73 rank=34.1 fourier=0.208 | time=217.8s
Step 40200 | train_loss=0.1840 test_loss=0.3502 | train_acc=0.9837 test_acc=0.9397 | ‖W‖=36.85 rank=36.0 fourier=0.200 | time=218.3s
Step 40300 | train_loss=0.0173 test_loss=0.0998 | train_acc=1.0000 test_acc=0.9848 | ‖W‖=36.02 rank=36.4 fourier=0.203 | time=218.8s
Step 40400 | train_loss=0.0639 test_loss=0.1473 | train_acc=0.9981 test_acc=0.9852 | ‖W‖=34.61 rank=35.4 fourier=0.207 | time=219.4s
Step 40500 | train_loss=0.0399 test_loss=0.1263 | train_acc=0.9990 test_acc=0.9865 | ‖W‖=34.20 rank=34.6 fourier=0.207 | time=219.9s
Step 40600 | train_loss=0.0335 test_loss=0.1192 | train_acc=1.0000 test_acc=0.9865 | ‖W‖=33.85 rank=33.7 fourier=0.207 | time=220.4s
Step 40700 | train_loss=0.0362 test_loss=0.1203 | train_acc=1.0000 test_acc=0.9844 | ‖W‖=33.32 rank=33.2 fourier=0.208 | time=220.9s
Step 40800 | train_loss=0.0343 test_loss=0.1241 | train_acc=1.0000 test_acc=0.9840 | ‖W‖=33.97 rank=33.7 fourier=0.205 | time=221.5s
Step 40900 | train_loss=0.0793 test_loss=0.2143 | train_acc=0.9981 test_acc=0.9721 | ‖W‖=33.81 rank=33.8 fourier=0.204 | time=222.1s
Step 41000 | train_loss=0.0507 test_loss=0.1734 | train_acc=1.0000 test_acc=0.9721 | ‖W‖=36.29 rank=35.5 fourier=0.203 | time=222.6s
Step 41100 | train_loss=0.0216 test_loss=0.0956 | train_acc=1.0000 test_acc=0.9885 | ‖W‖=34.77 rank=34.9 fourier=0.205 | time=223.1s
Step 41200 | train_loss=0.0540 test_loss=0.1400 | train_acc=0.9981 test_acc=0.9869 | ‖W‖=34.91 rank=34.6 fourier=0.206 | time=223.7s
Step 41300 | train_loss=0.0308 test_loss=0.1175 | train_acc=1.0000 test_acc=0.9852 | ‖W‖=34.18 rank=34.0 fourier=0.205 | time=224.3s
Step 41400 | train_loss=0.1061 test_loss=0.2523 | train_acc=0.9943 test_acc=0.9655 | ‖W‖=34.63 rank=34.2 fourier=0.204 | time=224.8s
Step 41500 | train_loss=0.0299 test_loss=0.1365 | train_acc=1.0000 test_acc=0.9783 | ‖W‖=37.11 rank=35.6 fourier=0.202 | time=225.3s
Step 41600 | train_loss=0.0291 test_loss=0.1304 | train_acc=1.0000 test_acc=0.9852 | ‖W‖=35.13 rank=35.1 fourier=0.204 | time=225.9s
Step 41700 | train_loss=0.0305 test_loss=0.1100 | train_acc=1.0000 test_acc=0.9902 | ‖W‖=34.11 rank=33.8 fourier=0.206 | time=226.5s
Step 41800 | train_loss=0.0702 test_loss=0.1677 | train_acc=1.0000 test_acc=0.9869 | ‖W‖=34.21 rank=33.2 fourier=0.206 | time=227.0s
Step 41900 | train_loss=0.0231 test_loss=0.1227 | train_acc=1.0000 test_acc=0.9799 | ‖W‖=36.10 rank=35.4 fourier=0.200 | time=227.5s
Step 42000 | train_loss=0.0440 test_loss=0.1624 | train_acc=0.9990 test_acc=0.9717 | ‖W‖=34.64 rank=34.7 fourier=0.202 | time=228.0s
Step 42100 | train_loss=0.0804 test_loss=0.2484 | train_acc=0.9952 test_acc=0.9610 | ‖W‖=35.28 rank=34.6 fourier=0.202 | time=228.6s
Step 42200 | train_loss=0.0234 test_loss=0.1083 | train_acc=1.0000 test_acc=0.9869 | ‖W‖=34.14 rank=34.0 fourier=0.204 | time=229.1s
Step 42300 | train_loss=0.0677 test_loss=0.1758 | train_acc=0.9990 test_acc=0.9791 | ‖W‖=34.32 rank=33.7 fourier=0.203 | time=229.6s
Step 42400 | train_loss=0.0834 test_loss=0.2017 | train_acc=0.9943 test_acc=0.9766 | ‖W‖=35.49 rank=34.4 fourier=0.201 | time=230.3s
Step 42500 | train_loss=0.0268 test_loss=0.1286 | train_acc=1.0000 test_acc=0.9807 | ‖W‖=35.22 rank=35.0 fourier=0.202 | time=230.8s
Step 42600 | train_loss=0.0216 test_loss=0.0913 | train_acc=1.0000 test_acc=0.9881 | ‖W‖=33.77 rank=34.0 fourier=0.204 | time=231.3s
Step 42700 | train_loss=0.0352 test_loss=0.1243 | train_acc=0.9990 test_acc=0.9844 | ‖W‖=34.47 rank=34.0 fourier=0.203 | time=231.9s
Step 42800 | train_loss=0.0222 test_loss=0.0908 | train_acc=1.0000 test_acc=0.9881 | ‖W‖=33.94 rank=33.7 fourier=0.203 | time=232.4s
Step 42900 | train_loss=0.0245 test_loss=0.1121 | train_acc=1.0000 test_acc=0.9840 | ‖W‖=34.70 rank=34.2 fourier=0.202 | time=233.0s
Step 43000 | train_loss=0.0439 test_loss=0.1443 | train_acc=1.0000 test_acc=0.9836 | ‖W‖=33.89 rank=33.8 fourier=0.202 | time=233.5s
Step 43100 | train_loss=0.0442 test_loss=0.1608 | train_acc=0.9971 test_acc=0.9762 | ‖W‖=35.59 rank=35.4 fourier=0.203 | time=234.1s
Step 43200 | train_loss=0.0199 test_loss=0.0872 | train_acc=1.0000 test_acc=0.9889 | ‖W‖=34.15 rank=34.6 fourier=0.205 | time=234.6s
Step 43300 | train_loss=0.0828 test_loss=0.2099 | train_acc=0.9971 test_acc=0.9754 | ‖W‖=34.21 rank=34.1 fourier=0.205 | time=235.2s
Step 43400 | train_loss=0.0193 test_loss=0.0876 | train_acc=1.0000 test_acc=0.9902 | ‖W‖=33.75 rank=34.1 fourier=0.203 | time=235.7s
Step 43500 | train_loss=0.0632 test_loss=0.1644 | train_acc=0.9990 test_acc=0.9799 | ‖W‖=34.69 rank=34.3 fourier=0.201 | time=236.2s
Step 43600 | train_loss=0.0467 test_loss=0.1577 | train_acc=0.9981 test_acc=0.9778 | ‖W‖=36.59 rank=35.6 fourier=0.200 | time=236.8s
Step 43700 | train_loss=0.0183 test_loss=0.0815 | train_acc=1.0000 test_acc=0.9914 | ‖W‖=34.53 rank=35.4 fourier=0.202 | time=237.3s
Step 43800 | train_loss=0.0411 test_loss=0.1402 | train_acc=1.0000 test_acc=0.9824 | ‖W‖=33.76 rank=34.1 fourier=0.203 | time=237.8s
Step 43900 | train_loss=0.0337 test_loss=0.1199 | train_acc=0.9990 test_acc=0.9865 | ‖W‖=35.31 rank=35.2 fourier=0.203 | time=238.4s
Step 44000 | train_loss=0.0216 test_loss=0.0835 | train_acc=1.0000 test_acc=0.9906 | ‖W‖=33.76 rank=34.5 fourier=0.205 | time=239.0s
Step 44100 | train_loss=0.0618 test_loss=0.1629 | train_acc=0.9981 test_acc=0.9828 | ‖W‖=35.10 rank=34.6 fourier=0.202 | time=239.5s
Step 44200 | train_loss=0.0237 test_loss=0.0996 | train_acc=1.0000 test_acc=0.9885 | ‖W‖=34.06 rank=34.4 fourier=0.202 | time=240.1s
Step 44300 | train_loss=0.0647 test_loss=0.1654 | train_acc=0.9981 test_acc=0.9824 | ‖W‖=33.49 rank=33.5 fourier=0.203 | time=240.6s
Step 44400 | train_loss=0.1558 test_loss=0.2891 | train_acc=0.9933 test_acc=0.9651 | ‖W‖=34.47 rank=34.2 fourier=0.202 | time=241.1s
Step 44500 | train_loss=0.0439 test_loss=0.1451 | train_acc=0.9990 test_acc=0.9811 | ‖W‖=35.27 rank=35.2 fourier=0.199 | time=241.7s
Step 44600 | train_loss=0.0291 test_loss=0.1298 | train_acc=1.0000 test_acc=0.9787 | ‖W‖=35.41 rank=35.9 fourier=0.199 | time=242.3s
Step 44700 | train_loss=0.0234 test_loss=0.1002 | train_acc=1.0000 test_acc=0.9889 | ‖W‖=34.55 rank=35.6 fourier=0.198 | time=242.8s
Step 44800 | train_loss=0.0379 test_loss=0.1288 | train_acc=1.0000 test_acc=0.9869 | ‖W‖=34.01 rank=34.6 fourier=0.199 | time=243.3s
Step 44900 | train_loss=0.0282 test_loss=0.1074 | train_acc=1.0000 test_acc=0.9885 | ‖W‖=33.38 rank=34.5 fourier=0.200 | time=243.9s
Step 45000 | train_loss=0.0718 test_loss=0.2081 | train_acc=0.9962 test_acc=0.9700 | ‖W‖=34.24 rank=34.6 fourier=0.197 | time=244.4s
Step 45100 | train_loss=0.0292 test_loss=0.1081 | train_acc=1.0000 test_acc=0.9885 | ‖W‖=33.18 rank=34.4 fourier=0.199 | time=244.9s
Step 45200 | train_loss=0.0678 test_loss=0.2145 | train_acc=0.9990 test_acc=0.9754 | ‖W‖=33.57 rank=34.3 fourier=0.198 | time=245.5s
Step 45300 | train_loss=0.0790 test_loss=0.2441 | train_acc=0.9943 test_acc=0.9614 | ‖W‖=34.10 rank=34.6 fourier=0.197 | time=246.1s
Step 45400 | train_loss=0.0190 test_loss=0.0998 | train_acc=1.0000 test_acc=0.9869 | ‖W‖=34.69 rank=35.4 fourier=0.199 | time=246.6s
Step 45500 | train_loss=0.0259 test_loss=0.1092 | train_acc=1.0000 test_acc=0.9893 | ‖W‖=33.40 rank=34.5 fourier=0.200 | time=247.1s
Step 45600 | train_loss=0.0429 test_loss=0.1373 | train_acc=1.0000 test_acc=0.9865 | ‖W‖=33.56 rank=34.0 fourier=0.199 | time=247.6s
Step 45700 | train_loss=0.0900 test_loss=0.2413 | train_acc=0.9990 test_acc=0.9647 | ‖W‖=33.08 rank=33.6 fourier=0.198 | time=248.2s
Step 45800 | train_loss=0.0186 test_loss=0.0986 | train_acc=1.0000 test_acc=0.9860 | ‖W‖=34.49 rank=34.8 fourier=0.198 | time=248.7s
Step 45900 | train_loss=0.0578 test_loss=0.2139 | train_acc=1.0000 test_acc=0.9705 | ‖W‖=33.37 rank=34.1 fourier=0.199 | time=249.3s
Step 46000 | train_loss=0.0634 test_loss=0.2038 | train_acc=0.9990 test_acc=0.9733 | ‖W‖=34.48 rank=34.6 fourier=0.198 | time=249.8s
Step 46100 | train_loss=0.0186 test_loss=0.0859 | train_acc=1.0000 test_acc=0.9897 | ‖W‖=33.48 rank=34.1 fourier=0.200 | time=250.4s
Step 46200 | train_loss=0.1125 test_loss=0.2379 | train_acc=0.9923 test_acc=0.9684 | ‖W‖=33.09 rank=33.8 fourier=0.199 | time=250.9s
Step 46300 | train_loss=0.0486 test_loss=0.1784 | train_acc=0.9981 test_acc=0.9655 | ‖W‖=35.39 rank=35.0 fourier=0.198 | time=251.4s
Step 46400 | train_loss=0.0163 test_loss=0.0936 | train_acc=1.0000 test_acc=0.9844 | ‖W‖=34.28 rank=35.0 fourier=0.201 | time=251.9s
Step 46500 | train_loss=0.0390 test_loss=0.1371 | train_acc=1.0000 test_acc=0.9815 | ‖W‖=33.39 rank=34.0 fourier=0.203 | time=252.5s
Step 46600 | train_loss=0.1565 test_loss=0.3087 | train_acc=0.9866 test_acc=0.9614 | ‖W‖=33.99 rank=33.9 fourier=0.202 | time=253.0s
Step 46700 | train_loss=0.0195 test_loss=0.1071 | train_acc=1.0000 test_acc=0.9803 | ‖W‖=35.65 rank=35.4 fourier=0.199 | time=253.6s
Step 46800 | train_loss=0.0228 test_loss=0.1007 | train_acc=1.0000 test_acc=0.9865 | ‖W‖=34.21 rank=34.6 fourier=0.200 | time=254.1s
Step 46900 | train_loss=0.2150 test_loss=0.3729 | train_acc=0.9761 test_acc=0.9376 | ‖W‖=36.23 rank=35.5 fourier=0.206 | time=254.7s
Step 47000 | train_loss=0.0186 test_loss=0.1052 | train_acc=1.0000 test_acc=0.9840 | ‖W‖=35.83 rank=35.4 fourier=0.204 | time=255.2s
Step 47100 | train_loss=0.0303 test_loss=0.1138 | train_acc=1.0000 test_acc=0.9865 | ‖W‖=34.05 rank=34.6 fourier=0.207 | time=255.8s
Step 47200 | train_loss=0.0468 test_loss=0.1394 | train_acc=1.0000 test_acc=0.9856 | ‖W‖=34.03 rank=33.8 fourier=0.205 | time=256.3s
Step 47300 | train_loss=0.0405 test_loss=0.1258 | train_acc=1.0000 test_acc=0.9848 | ‖W‖=33.25 rank=33.4 fourier=0.204 | time=256.9s
Step 47400 | train_loss=0.0588 test_loss=0.1833 | train_acc=1.0000 test_acc=0.9750 | ‖W‖=34.59 rank=33.9 fourier=0.199 | time=257.4s
Step 47500 | train_loss=0.0975 test_loss=0.2277 | train_acc=0.9962 test_acc=0.9688 | ‖W‖=35.49 rank=34.6 fourier=0.198 | time=257.9s
Step 47600 | train_loss=0.0211 test_loss=0.0980 | train_acc=1.0000 test_acc=0.9881 | ‖W‖=34.42 rank=34.5 fourier=0.201 | time=258.4s
Step 47700 | train_loss=0.0401 test_loss=0.1395 | train_acc=1.0000 test_acc=0.9844 | ‖W‖=33.40 rank=33.6 fourier=0.200 | time=259.0s
Step 47800 | train_loss=0.0262 test_loss=0.1000 | train_acc=1.0000 test_acc=0.9889 | ‖W‖=33.52 rank=33.3 fourier=0.200 | time=259.6s
Step 47900 | train_loss=0.0274 test_loss=0.1041 | train_acc=1.0000 test_acc=0.9897 | ‖W‖=33.03 rank=32.8 fourier=0.199 | time=260.1s
Step 48000 | train_loss=0.1650 test_loss=0.3281 | train_acc=0.9904 test_acc=0.9549 | ‖W‖=34.40 rank=34.1 fourier=0.196 | time=260.6s
Step 48100 | train_loss=0.0995 test_loss=0.2491 | train_acc=0.9914 test_acc=0.9577 | ‖W‖=35.24 rank=34.5 fourier=0.199 | time=261.2s
Step 48200 | train_loss=0.0218 test_loss=0.1127 | train_acc=1.0000 test_acc=0.9848 | ‖W‖=34.36 rank=34.4 fourier=0.199 | time=261.8s
Step 48300 | train_loss=0.0298 test_loss=0.1190 | train_acc=0.9990 test_acc=0.9852 | ‖W‖=35.42 rank=34.7 fourier=0.199 | time=262.3s
Step 48400 | train_loss=0.0317 test_loss=0.1307 | train_acc=1.0000 test_acc=0.9815 | ‖W‖=33.97 rank=34.0 fourier=0.199 | time=262.8s
Step 48500 | train_loss=0.0276 test_loss=0.1114 | train_acc=1.0000 test_acc=0.9860 | ‖W‖=34.69 rank=34.3 fourier=0.195 | time=263.4s
Step 48600 | train_loss=0.0285 test_loss=0.1148 | train_acc=1.0000 test_acc=0.9832 | ‖W‖=33.64 rank=33.5 fourier=0.197 | time=263.9s
Step 48700 | train_loss=0.1154 test_loss=0.2500 | train_acc=0.9923 test_acc=0.9700 | ‖W‖=35.11 rank=34.1 fourier=0.198 | time=264.4s
Step 48800 | train_loss=0.0276 test_loss=0.1353 | train_acc=1.0000 test_acc=0.9783 | ‖W‖=35.27 rank=34.8 fourier=0.195 | time=264.9s
Step 48900 | train_loss=0.0385 test_loss=0.1271 | train_acc=1.0000 test_acc=0.9877 | ‖W‖=33.91 rank=33.8 fourier=0.196 | time=265.6s
Step 49000 | train_loss=0.1156 test_loss=0.2366 | train_acc=0.9943 test_acc=0.9766 | ‖W‖=34.91 rank=34.8 fourier=0.196 | time=266.1s
Step 49100 | train_loss=0.0197 test_loss=0.1057 | train_acc=1.0000 test_acc=0.9832 | ‖W‖=34.79 rank=35.3 fourier=0.195 | time=266.6s
Step 49200 | train_loss=0.0364 test_loss=0.1444 | train_acc=1.0000 test_acc=0.9799 | ‖W‖=33.62 rank=34.2 fourier=0.196 | time=267.1s
Step 49300 | train_loss=0.0450 test_loss=0.1627 | train_acc=0.9990 test_acc=0.9733 | ‖W‖=33.37 rank=33.5 fourier=0.197 | time=267.7s
Step 49400 | train_loss=0.0323 test_loss=0.1503 | train_acc=1.0000 test_acc=0.9758 | ‖W‖=35.99 rank=36.1 fourier=0.201 | time=268.2s
Step 49500 | train_loss=0.0239 test_loss=0.1100 | train_acc=1.0000 test_acc=0.9852 | ‖W‖=34.34 rank=35.4 fourier=0.200 | time=268.7s
Step 49600 | train_loss=0.0252 test_loss=0.1143 | train_acc=1.0000 test_acc=0.9852 | ‖W‖=33.79 rank=34.8 fourier=0.200 | time=269.2s
Step 49700 | train_loss=0.0776 test_loss=0.2204 | train_acc=0.9981 test_acc=0.9717 | ‖W‖=34.71 rank=34.8 fourier=0.200 | time=269.9s
Step 49800 | train_loss=0.0228 test_loss=0.1270 | train_acc=1.0000 test_acc=0.9774 | ‖W‖=34.24 rank=34.9 fourier=0.199 | time=270.4s
Step 49900 | train_loss=0.0401 test_loss=0.1582 | train_acc=1.0000 test_acc=0.9741 | ‖W‖=34.40 rank=34.3 fourier=0.199 | time=270.9s
Step 50000 | train_loss=0.1351 test_loss=0.3590 | train_acc=0.9904 test_acc=0.9319 | ‖W‖=36.13 rank=35.5 fourier=0.194 | time=271.4s

Results saved to results/low_collapse/results.json
Grokked: True at step 3100

============================================================
Running condition: medium_collapse
============================================================
Training on cuda
Condition: medium_collapse, collapse_level=0.15
Model parameters: 213,947
Step   100 | train_loss=3.5020 test_loss=4.5126 | train_acc=0.1705 test_acc=0.0144 | ‖W‖=25.49 rank=51.8 fourier=0.098 | time=0.6s
Step   200 | train_loss=3.2679 test_loss=4.8487 | train_acc=0.2002 test_acc=0.0111 | ‖W‖=34.74 rank=49.1 fourier=0.098 | time=1.1s
Step   300 | train_loss=3.0807 test_loss=5.0682 | train_acc=0.2452 test_acc=0.0098 | ‖W‖=42.86 rank=47.6 fourier=0.099 | time=1.7s
Step   400 | train_loss=2.8541 test_loss=5.2551 | train_acc=0.2902 test_acc=0.0070 | ‖W‖=46.45 rank=47.0 fourier=0.098 | time=2.2s
Step   500 | train_loss=2.5139 test_loss=5.3915 | train_acc=0.3669 test_acc=0.0119 | ‖W‖=49.97 rank=46.5 fourier=0.104 | time=2.7s
Step   600 | train_loss=2.0432 test_loss=5.4439 | train_acc=0.4923 test_acc=0.0217 | ‖W‖=52.94 rank=45.8 fourier=0.111 | time=3.2s
Step   700 | train_loss=1.4676 test_loss=5.3303 | train_acc=0.6858 test_acc=0.0488 | ‖W‖=55.20 rank=45.3 fourier=0.118 | time=3.8s
Step   800 | train_loss=0.9543 test_loss=5.2731 | train_acc=0.8496 test_acc=0.0903 | ‖W‖=56.73 rank=44.9 fourier=0.125 | time=4.4s
Step   900 | train_loss=0.5887 test_loss=4.9869 | train_acc=0.9464 test_acc=0.1309 | ‖W‖=57.53 rank=44.2 fourier=0.129 | time=4.9s
Step  1000 | train_loss=0.4099 test_loss=4.7802 | train_acc=0.9703 test_acc=0.1625 | ‖W‖=57.20 rank=43.3 fourier=0.131 | time=5.4s
Step  1100 | train_loss=0.3070 test_loss=4.5014 | train_acc=0.9847 test_acc=0.1929 | ‖W‖=57.01 rank=42.2 fourier=0.133 | time=6.0s
Step  1200 | train_loss=0.2813 test_loss=4.3441 | train_acc=0.9885 test_acc=0.2035 | ‖W‖=56.97 rank=41.7 fourier=0.136 | time=6.6s
Step  1300 | train_loss=0.3564 test_loss=4.3673 | train_acc=0.9722 test_acc=0.1883 | ‖W‖=57.28 rank=41.3 fourier=0.135 | time=7.1s
Step  1400 | train_loss=0.2025 test_loss=4.0612 | train_acc=0.9952 test_acc=0.2253 | ‖W‖=56.50 rank=40.9 fourier=0.137 | time=7.6s
Step  1500 | train_loss=0.2633 test_loss=3.8689 | train_acc=0.9914 test_acc=0.2204 | ‖W‖=56.40 rank=40.0 fourier=0.140 | time=8.2s
Step  1600 | train_loss=0.3097 test_loss=3.8245 | train_acc=0.9722 test_acc=0.2195 | ‖W‖=56.78 rank=39.8 fourier=0.143 | time=8.7s
Step  1700 | train_loss=0.1777 test_loss=3.4745 | train_acc=0.9933 test_acc=0.2577 | ‖W‖=56.40 rank=39.4 fourier=0.143 | time=9.2s
Step  1800 | train_loss=0.3078 test_loss=3.5617 | train_acc=0.9693 test_acc=0.2396 | ‖W‖=57.13 rank=39.2 fourier=0.144 | time=9.7s
Step  1900 | train_loss=0.1496 test_loss=3.1573 | train_acc=0.9971 test_acc=0.2831 | ‖W‖=56.65 rank=38.9 fourier=0.146 | time=10.4s
Step  2000 | train_loss=0.2109 test_loss=3.1117 | train_acc=0.9933 test_acc=0.2815 | ‖W‖=56.32 rank=38.6 fourier=0.147 | time=10.9s
Step  2100 | train_loss=0.2951 test_loss=3.0350 | train_acc=0.9751 test_acc=0.2782 | ‖W‖=57.68 rank=39.3 fourier=0.151 | time=11.4s
Step  2200 | train_loss=0.2785 test_loss=2.9456 | train_acc=0.9722 test_acc=0.2918 | ‖W‖=56.59 rank=38.4 fourier=0.150 | time=11.9s
Step  2300 | train_loss=0.1660 test_loss=2.6653 | train_acc=0.9923 test_acc=0.3303 | ‖W‖=57.66 rank=38.6 fourier=0.155 | time=12.5s
Step  2400 | train_loss=0.2021 test_loss=2.6342 | train_acc=0.9914 test_acc=0.3307 | ‖W‖=58.27 rank=39.0 fourier=0.157 | time=13.1s
Step  2500 | train_loss=0.1751 test_loss=2.3628 | train_acc=0.9856 test_acc=0.3878 | ‖W‖=56.65 rank=37.9 fourier=0.156 | time=13.6s
Step  2600 | train_loss=0.1436 test_loss=2.2430 | train_acc=0.9971 test_acc=0.3923 | ‖W‖=58.34 rank=38.7 fourier=0.159 | time=14.1s
Step  2700 | train_loss=0.0852 test_loss=1.9596 | train_acc=0.9981 test_acc=0.4793 | ‖W‖=56.41 rank=37.8 fourier=0.157 | time=14.6s
Step  2800 | train_loss=0.2396 test_loss=2.0828 | train_acc=0.9818 test_acc=0.4284 | ‖W‖=59.38 rank=39.6 fourier=0.164 | time=15.2s
Step  2900 | train_loss=0.1274 test_loss=1.7899 | train_acc=0.9952 test_acc=0.5010 | ‖W‖=57.14 rank=38.4 fourier=0.161 | time=15.7s
Step  3000 | train_loss=0.1003 test_loss=1.7265 | train_acc=1.0000 test_acc=0.5371 | ‖W‖=56.39 rank=37.7 fourier=0.161 | time=16.3s
Step  3100 | train_loss=0.3211 test_loss=2.0273 | train_acc=0.9693 test_acc=0.4440 | ‖W‖=59.37 rank=39.4 fourier=0.166 | time=16.8s
Step  3200 | train_loss=0.1094 test_loss=1.6055 | train_acc=0.9971 test_acc=0.5581 | ‖W‖=57.87 rank=38.5 fourier=0.165 | time=17.4s
Step  3300 | train_loss=0.3698 test_loss=1.8719 | train_acc=0.9559 test_acc=0.4879 | ‖W‖=59.20 rank=39.0 fourier=0.171 | time=17.9s
Step  3400 | train_loss=0.0782 test_loss=1.5035 | train_acc=1.0000 test_acc=0.5934 | ‖W‖=58.94 rank=38.8 fourier=0.167 | time=18.4s
Step  3500 | train_loss=0.1708 test_loss=1.6321 | train_acc=0.9914 test_acc=0.5568 | ‖W‖=57.94 rank=38.1 fourier=0.169 | time=19.0s
Step  3600 | train_loss=0.1907 test_loss=1.3719 | train_acc=0.9895 test_acc=0.6003 | ‖W‖=61.11 rank=40.0 fourier=0.175 | time=19.5s
Step  3700 | train_loss=0.0793 test_loss=1.2012 | train_acc=0.9981 test_acc=0.6734 | ‖W‖=59.34 rank=39.1 fourier=0.171 | time=20.0s
Step  3800 | train_loss=0.0963 test_loss=1.2533 | train_acc=0.9971 test_acc=0.6652 | ‖W‖=57.95 rank=37.9 fourier=0.171 | time=20.6s
Step  3900 | train_loss=0.2147 test_loss=1.4459 | train_acc=0.9856 test_acc=0.6098 | ‖W‖=61.02 rank=38.7 fourier=0.173 | time=21.2s
Step  4000 | train_loss=0.1545 test_loss=1.4013 | train_acc=0.9952 test_acc=0.6020 | ‖W‖=61.02 rank=39.1 fourier=0.172 | time=21.7s
Step  4100 | train_loss=0.0793 test_loss=1.0887 | train_acc=1.0000 test_acc=0.7103 | ‖W‖=60.13 rank=38.8 fourier=0.173 | time=22.2s
Step  4200 | train_loss=0.0931 test_loss=1.1134 | train_acc=0.9990 test_acc=0.7136 | ‖W‖=59.60 rank=38.1 fourier=0.173 | time=22.8s
Step  4300 | train_loss=0.0716 test_loss=0.9206 | train_acc=1.0000 test_acc=0.7714 | ‖W‖=60.75 rank=38.5 fourier=0.175 | time=23.3s
Step  4400 | train_loss=0.0901 test_loss=0.9982 | train_acc=0.9962 test_acc=0.7435 | ‖W‖=60.63 rank=38.1 fourier=0.176 | time=23.9s
Step  4500 | train_loss=0.2720 test_loss=1.3503 | train_acc=0.9722 test_acc=0.6352 | ‖W‖=60.00 rank=37.7 fourier=0.177 | time=24.4s
Step  4600 | train_loss=0.1561 test_loss=1.1329 | train_acc=0.9933 test_acc=0.6894 | ‖W‖=63.18 rank=40.6 fourier=0.173 | time=24.9s
Step  4700 | train_loss=0.1072 test_loss=0.9898 | train_acc=0.9914 test_acc=0.7435 | ‖W‖=60.65 rank=39.5 fourier=0.174 | time=25.5s
Step  4800 | train_loss=0.3123 test_loss=1.4183 | train_acc=0.9607 test_acc=0.6130 | ‖W‖=61.63 rank=39.1 fourier=0.175 | time=26.0s
Step  4900 | train_loss=0.1164 test_loss=0.9937 | train_acc=0.9981 test_acc=0.7448 | ‖W‖=62.70 rank=39.5 fourier=0.174 | time=26.6s
Step  5000 | train_loss=0.1007 test_loss=0.8949 | train_acc=0.9943 test_acc=0.7858 | ‖W‖=60.57 rank=38.5 fourier=0.176 | time=27.1s
Step  5100 | train_loss=0.4658 test_loss=1.5495 | train_acc=0.9215 test_acc=0.5663 | ‖W‖=63.30 rank=39.6 fourier=0.179 | time=27.7s
Step  5200 | train_loss=0.0889 test_loss=0.8711 | train_acc=0.9990 test_acc=0.7739 | ‖W‖=63.01 rank=40.0 fourier=0.178 | time=28.2s
Step  5300 | train_loss=0.0663 test_loss=0.7340 | train_acc=1.0000 test_acc=0.8338 | ‖W‖=60.15 rank=38.6 fourier=0.179 | time=28.7s
Step  5400 | train_loss=0.3718 test_loss=1.3050 | train_acc=0.9483 test_acc=0.6266 | ‖W‖=63.17 rank=39.5 fourier=0.180 | time=29.3s
Step  5500 | train_loss=0.1144 test_loss=0.9624 | train_acc=0.9981 test_acc=0.7439 | ‖W‖=63.80 rank=40.2 fourier=0.175 | time=29.9s
Step  5600 | train_loss=0.2623 test_loss=1.3581 | train_acc=0.9722 test_acc=0.6303 | ‖W‖=62.63 rank=39.6 fourier=0.175 | time=30.4s
Step  5700 | train_loss=0.1473 test_loss=1.0585 | train_acc=0.9904 test_acc=0.7210 | ‖W‖=64.10 rank=40.4 fourier=0.174 | time=30.9s
Step  5800 | train_loss=0.0619 test_loss=0.7010 | train_acc=1.0000 test_acc=0.8461 | ‖W‖=60.81 rank=39.4 fourier=0.177 | time=31.4s
Step  5900 | train_loss=0.3806 test_loss=1.3998 | train_acc=0.9492 test_acc=0.6028 | ‖W‖=63.78 rank=39.8 fourier=0.177 | time=32.1s
Step  6000 | train_loss=0.0650 test_loss=0.7383 | train_acc=0.9990 test_acc=0.8281 | ‖W‖=62.46 rank=40.0 fourier=0.176 | time=32.6s
Step  6100 | train_loss=0.0999 test_loss=0.8128 | train_acc=0.9981 test_acc=0.8141 | ‖W‖=61.00 rank=38.9 fourier=0.179 | time=33.1s
Step  6200 | train_loss=0.1767 test_loss=0.9204 | train_acc=0.9837 test_acc=0.7686 | ‖W‖=63.95 rank=40.3 fourier=0.176 | time=33.6s
Step  6300 | train_loss=0.1231 test_loss=0.8848 | train_acc=0.9962 test_acc=0.7723 | ‖W‖=61.43 rank=39.6 fourier=0.177 | time=34.2s
Step  6400 | train_loss=0.1030 test_loss=0.7296 | train_acc=0.9990 test_acc=0.8457 | ‖W‖=61.12 rank=38.9 fourier=0.178 | time=34.7s
Step  6500 | train_loss=0.3371 test_loss=1.2209 | train_acc=0.9617 test_acc=0.6693 | ‖W‖=63.04 rank=39.8 fourier=0.175 | time=35.2s
Step  6600 | train_loss=0.1617 test_loss=0.9503 | train_acc=0.9914 test_acc=0.7403 | ‖W‖=63.44 rank=40.2 fourier=0.174 | time=35.7s
Step  6700 | train_loss=0.0829 test_loss=0.7668 | train_acc=1.0000 test_acc=0.8096 | ‖W‖=61.89 rank=39.7 fourier=0.173 | time=36.4s
Step  6800 | train_loss=0.2745 test_loss=1.0606 | train_acc=0.9693 test_acc=0.7128 | ‖W‖=64.92 rank=40.9 fourier=0.170 | time=36.9s
Step  6900 | train_loss=0.0721 test_loss=0.6728 | train_acc=0.9981 test_acc=0.8387 | ‖W‖=62.20 rank=40.4 fourier=0.172 | time=37.4s
Step  7000 | train_loss=0.0855 test_loss=0.6429 | train_acc=0.9990 test_acc=0.8609 | ‖W‖=60.22 rank=39.0 fourier=0.176 | time=38.0s
Step  7100 | train_loss=0.2418 test_loss=1.0553 | train_acc=0.9665 test_acc=0.7050 | ‖W‖=64.18 rank=40.4 fourier=0.170 | time=38.6s
Step  7200 | train_loss=0.0725 test_loss=0.6528 | train_acc=1.0000 test_acc=0.8469 | ‖W‖=62.50 rank=40.6 fourier=0.168 | time=39.1s
Step  7300 | train_loss=0.1102 test_loss=0.7321 | train_acc=0.9933 test_acc=0.8248 | ‖W‖=60.18 rank=39.4 fourier=0.172 | time=39.6s
Step  7400 | train_loss=0.2580 test_loss=1.0041 | train_acc=0.9674 test_acc=0.7370 | ‖W‖=62.60 rank=39.8 fourier=0.172 | time=40.2s
Step  7500 | train_loss=0.2474 test_loss=1.0022 | train_acc=0.9693 test_acc=0.7386 | ‖W‖=63.07 rank=40.5 fourier=0.169 | time=40.7s
Step  7600 | train_loss=0.0662 test_loss=0.6198 | train_acc=0.9971 test_acc=0.8531 | ‖W‖=62.12 rank=40.5 fourier=0.167 | time=41.3s
Step  7700 | train_loss=0.2615 test_loss=1.0629 | train_acc=0.9722 test_acc=0.7197 | ‖W‖=61.66 rank=40.1 fourier=0.170 | time=41.8s
Step  7800 | train_loss=0.1263 test_loss=0.7863 | train_acc=0.9952 test_acc=0.8030 | ‖W‖=62.63 rank=40.7 fourier=0.166 | time=42.3s
Step  7900 | train_loss=0.0682 test_loss=0.6243 | train_acc=1.0000 test_acc=0.8551 | ‖W‖=60.95 rank=40.3 fourier=0.167 | time=42.9s
Step  8000 | train_loss=0.1339 test_loss=0.7655 | train_acc=0.9952 test_acc=0.8096 | ‖W‖=60.87 rank=39.7 fourier=0.171 | time=43.4s
Step  8100 | train_loss=0.3311 test_loss=1.2243 | train_acc=0.9540 test_acc=0.6619 | ‖W‖=62.07 rank=40.6 fourier=0.165 | time=43.9s
Step  8200 | train_loss=0.1291 test_loss=0.8445 | train_acc=0.9904 test_acc=0.7739 | ‖W‖=62.65 rank=41.4 fourier=0.162 | time=44.5s
Step  8300 | train_loss=0.1420 test_loss=0.8436 | train_acc=0.9885 test_acc=0.7731 | ‖W‖=61.12 rank=41.1 fourier=0.164 | time=45.1s
Step  8400 | train_loss=0.1235 test_loss=0.7664 | train_acc=0.9952 test_acc=0.8051 | ‖W‖=60.81 rank=40.7 fourier=0.166 | time=45.6s
Step  8500 | train_loss=0.1201 test_loss=0.7874 | train_acc=0.9962 test_acc=0.8034 | ‖W‖=61.31 rank=40.8 fourier=0.164 | time=46.2s
Step  8600 | train_loss=0.0958 test_loss=0.6867 | train_acc=0.9990 test_acc=0.8363 | ‖W‖=60.07 rank=40.5 fourier=0.166 | time=46.7s
Step  8700 | train_loss=0.1008 test_loss=0.6319 | train_acc=0.9962 test_acc=0.8535 | ‖W‖=58.19 rank=39.7 fourier=0.168 | time=47.3s
Step  8800 | train_loss=0.5001 test_loss=1.3297 | train_acc=0.8927 test_acc=0.6126 | ‖W‖=62.06 rank=41.4 fourier=0.166 | time=47.8s
Step  8900 | train_loss=0.0772 test_loss=0.6457 | train_acc=0.9990 test_acc=0.8437 | ‖W‖=59.63 rank=41.3 fourier=0.161 | time=48.4s
Step  9000 | train_loss=0.0814 test_loss=0.5901 | train_acc=0.9990 test_acc=0.8736 | ‖W‖=57.78 rank=40.5 fourier=0.165 | time=48.9s
Step  9100 | train_loss=0.4322 test_loss=1.3151 | train_acc=0.9205 test_acc=0.6327 | ‖W‖=61.16 rank=41.5 fourier=0.164 | time=49.5s
Step  9200 | train_loss=0.1620 test_loss=0.8420 | train_acc=0.9856 test_acc=0.7751 | ‖W‖=59.63 rank=41.5 fourier=0.162 | time=50.0s
Step  9300 | train_loss=0.1354 test_loss=0.8131 | train_acc=0.9952 test_acc=0.7957 | ‖W‖=58.01 rank=41.2 fourier=0.162 | time=50.5s
Step  9400 | train_loss=0.2942 test_loss=1.0446 | train_acc=0.9598 test_acc=0.7148 | ‖W‖=61.09 rank=41.8 fourier=0.162 | time=51.0s
Step  9500 | train_loss=0.1524 test_loss=0.8901 | train_acc=0.9847 test_acc=0.7628 | ‖W‖=59.08 rank=41.7 fourier=0.160 | time=51.6s
Step  9600 | train_loss=0.0792 test_loss=0.5793 | train_acc=1.0000 test_acc=0.8748 | ‖W‖=57.97 rank=41.5 fourier=0.162 | time=52.1s
Step  9700 | train_loss=0.3694 test_loss=1.1238 | train_acc=0.9377 test_acc=0.7095 | ‖W‖=57.81 rank=40.9 fourier=0.167 | time=52.7s
Step  9800 | train_loss=0.1360 test_loss=0.7860 | train_acc=0.9914 test_acc=0.7936 | ‖W‖=59.28 rank=41.7 fourier=0.160 | time=53.2s
Step  9900 | train_loss=0.2236 test_loss=0.9604 | train_acc=0.9703 test_acc=0.7279 | ‖W‖=58.55 rank=41.7 fourier=0.163 | time=53.8s
Step 10000 | train_loss=0.1753 test_loss=0.8829 | train_acc=0.9875 test_acc=0.7534 | ‖W‖=59.77 rank=42.4 fourier=0.157 | time=54.4s
Step 10100 | train_loss=0.0752 test_loss=0.5981 | train_acc=0.9990 test_acc=0.8621 | ‖W‖=57.72 rank=42.1 fourier=0.159 | time=54.9s
Step 10200 | train_loss=0.1893 test_loss=0.8316 | train_acc=0.9885 test_acc=0.8026 | ‖W‖=57.23 rank=41.3 fourier=0.163 | time=55.4s
Step 10300 | train_loss=0.2260 test_loss=0.8800 | train_acc=0.9741 test_acc=0.7772 | ‖W‖=59.07 rank=41.8 fourier=0.161 | time=56.0s
Step 10400 | train_loss=0.1102 test_loss=0.6649 | train_acc=0.9971 test_acc=0.8400 | ‖W‖=57.77 rank=41.8 fourier=0.162 | time=56.5s
Step 10500 | train_loss=0.1868 test_loss=0.8229 | train_acc=0.9837 test_acc=0.7862 | ‖W‖=58.28 rank=41.9 fourier=0.160 | time=57.0s
Step 10600 | train_loss=0.1294 test_loss=0.6956 | train_acc=0.9962 test_acc=0.8359 | ‖W‖=57.90 rank=41.8 fourier=0.159 | time=57.6s
Step 10700 | train_loss=0.1061 test_loss=0.7097 | train_acc=0.9981 test_acc=0.8297 | ‖W‖=57.81 rank=42.0 fourier=0.160 | time=58.1s
Step 10800 | train_loss=0.1363 test_loss=0.7145 | train_acc=0.9943 test_acc=0.8342 | ‖W‖=57.91 rank=42.1 fourier=0.159 | time=58.7s
Step 10900 | train_loss=0.2249 test_loss=0.9759 | train_acc=0.9751 test_acc=0.7411 | ‖W‖=57.59 rank=42.2 fourier=0.160 | time=59.2s
Step 11000 | train_loss=0.1280 test_loss=0.7292 | train_acc=0.9943 test_acc=0.8211 | ‖W‖=58.95 rank=42.6 fourier=0.157 | time=59.7s
Step 11100 | train_loss=0.0789 test_loss=0.5692 | train_acc=0.9990 test_acc=0.8728 | ‖W‖=56.01 rank=42.4 fourier=0.159 | time=60.3s
Step 11200 | train_loss=0.2327 test_loss=0.8430 | train_acc=0.9847 test_acc=0.8039 | ‖W‖=56.97 rank=41.5 fourier=0.160 | time=60.9s
Step 11300 | train_loss=0.2218 test_loss=0.9619 | train_acc=0.9770 test_acc=0.7456 | ‖W‖=58.50 rank=42.3 fourier=0.154 | time=61.4s
Step 11400 | train_loss=0.1118 test_loss=0.6701 | train_acc=0.9971 test_acc=0.8350 | ‖W‖=56.71 rank=42.5 fourier=0.157 | time=61.9s
Step 11500 | train_loss=0.1114 test_loss=0.6290 | train_acc=0.9962 test_acc=0.8490 | ‖W‖=58.31 rank=42.4 fourier=0.159 | time=62.5s
Step 11600 | train_loss=0.2094 test_loss=0.8812 | train_acc=0.9751 test_acc=0.7649 | ‖W‖=57.56 rank=42.2 fourier=0.159 | time=63.0s
Step 11700 | train_loss=0.1667 test_loss=0.8244 | train_acc=0.9895 test_acc=0.7907 | ‖W‖=57.95 rank=42.5 fourier=0.158 | time=63.5s
Step 11800 | train_loss=0.2136 test_loss=0.8980 | train_acc=0.9770 test_acc=0.7673 | ‖W‖=58.82 rank=42.9 fourier=0.157 | time=64.0s
Step 11900 | train_loss=0.0784 test_loss=0.5943 | train_acc=1.0000 test_acc=0.8687 | ‖W‖=56.14 rank=42.7 fourier=0.157 | time=64.7s
Step 12000 | train_loss=0.2354 test_loss=0.9224 | train_acc=0.9674 test_acc=0.7673 | ‖W‖=57.14 rank=42.2 fourier=0.158 | time=65.2s
Step 12100 | train_loss=0.1104 test_loss=0.7095 | train_acc=0.9962 test_acc=0.8190 | ‖W‖=57.75 rank=42.5 fourier=0.157 | time=65.7s
Step 12200 | train_loss=0.1777 test_loss=0.7347 | train_acc=0.9856 test_acc=0.8272 | ‖W‖=57.10 rank=42.2 fourier=0.160 | time=66.2s
Step 12300 | train_loss=0.2503 test_loss=0.9881 | train_acc=0.9646 test_acc=0.7333 | ‖W‖=57.94 rank=42.5 fourier=0.157 | time=66.9s
Step 12400 | train_loss=0.1761 test_loss=0.7926 | train_acc=0.9856 test_acc=0.8010 | ‖W‖=57.06 rank=42.4 fourier=0.157 | time=67.4s
Step 12500 | train_loss=0.3265 test_loss=1.0630 | train_acc=0.9511 test_acc=0.7177 | ‖W‖=57.86 rank=42.7 fourier=0.159 | time=67.9s
Step 12600 | train_loss=0.1502 test_loss=0.7187 | train_acc=0.9904 test_acc=0.8297 | ‖W‖=59.23 rank=43.2 fourier=0.157 | time=68.4s
Step 12700 | train_loss=0.0674 test_loss=0.5246 | train_acc=1.0000 test_acc=0.8974 | ‖W‖=55.98 rank=42.9 fourier=0.159 | time=69.0s
Step 12800 | train_loss=0.3447 test_loss=1.0592 | train_acc=0.9464 test_acc=0.7275 | ‖W‖=56.77 rank=41.9 fourier=0.160 | time=69.5s
Step 12900 | train_loss=0.2203 test_loss=0.9004 | train_acc=0.9751 test_acc=0.7526 | ‖W‖=58.82 rank=42.8 fourier=0.157 | time=70.0s
Step 13000 | train_loss=0.0915 test_loss=0.5775 | train_acc=0.9971 test_acc=0.8695 | ‖W‖=57.25 rank=42.9 fourier=0.158 | time=70.6s
Step 13100 | train_loss=0.2150 test_loss=0.7922 | train_acc=0.9741 test_acc=0.8149 | ‖W‖=57.20 rank=42.7 fourier=0.160 | time=71.2s
Step 13200 | train_loss=0.1259 test_loss=0.7187 | train_acc=0.9981 test_acc=0.8297 | ‖W‖=57.70 rank=42.5 fourier=0.158 | time=71.7s
Step 13300 | train_loss=0.1666 test_loss=0.7936 | train_acc=0.9875 test_acc=0.8059 | ‖W‖=57.86 rank=42.5 fourier=0.159 | time=72.2s
Step 13400 | train_loss=0.1166 test_loss=0.6810 | train_acc=0.9981 test_acc=0.8404 | ‖W‖=57.39 rank=42.8 fourier=0.158 | time=72.8s
Step 13500 | train_loss=0.2033 test_loss=0.8220 | train_acc=0.9751 test_acc=0.8039 | ‖W‖=57.85 rank=42.8 fourier=0.159 | time=73.4s
Step 13600 | train_loss=0.2844 test_loss=1.0637 | train_acc=0.9655 test_acc=0.7119 | ‖W‖=59.94 rank=43.3 fourier=0.158 | time=73.9s
Step 13700 | train_loss=0.1035 test_loss=0.6375 | train_acc=0.9952 test_acc=0.8396 | ‖W‖=59.40 rank=43.5 fourier=0.156 | time=74.4s
Step 13800 | train_loss=0.1223 test_loss=0.6900 | train_acc=0.9914 test_acc=0.8367 | ‖W‖=57.43 rank=43.1 fourier=0.159 | time=74.9s
Step 13900 | train_loss=0.1463 test_loss=0.7786 | train_acc=0.9933 test_acc=0.8039 | ‖W‖=59.56 rank=43.3 fourier=0.160 | time=75.5s
Step 14000 | train_loss=0.0827 test_loss=0.5671 | train_acc=0.9981 test_acc=0.8716 | ‖W‖=56.60 rank=42.8 fourier=0.160 | time=76.0s
Step 14100 | train_loss=0.2510 test_loss=0.8743 | train_acc=0.9646 test_acc=0.7714 | ‖W‖=59.50 rank=42.7 fourier=0.162 | time=76.6s
Step 14200 | train_loss=0.0989 test_loss=0.6129 | train_acc=0.9990 test_acc=0.8515 | ‖W‖=58.89 rank=43.3 fourier=0.159 | time=77.1s
Step 14300 | train_loss=0.0718 test_loss=0.5087 | train_acc=0.9990 test_acc=0.9019 | ‖W‖=56.43 rank=43.0 fourier=0.161 | time=77.7s
Step 14400 | train_loss=0.1773 test_loss=0.7497 | train_acc=0.9904 test_acc=0.8190 | ‖W‖=59.45 rank=43.0 fourier=0.162 | time=78.2s
Step 14500 | train_loss=0.0841 test_loss=0.5432 | train_acc=0.9971 test_acc=0.8773 | ‖W‖=57.41 rank=43.1 fourier=0.163 | time=78.8s
Step 14600 | train_loss=0.1243 test_loss=0.6875 | train_acc=0.9962 test_acc=0.8248 | ‖W‖=58.13 rank=43.0 fourier=0.161 | time=79.3s
Step 14700 | train_loss=0.0886 test_loss=0.5470 | train_acc=0.9990 test_acc=0.8884 | ‖W‖=56.73 rank=42.9 fourier=0.163 | time=79.9s
Step 14800 | train_loss=0.3316 test_loss=0.9984 | train_acc=0.9569 test_acc=0.7308 | ‖W‖=59.46 rank=42.8 fourier=0.160 | time=80.4s
Step 14900 | train_loss=0.1521 test_loss=0.7264 | train_acc=0.9904 test_acc=0.8112 | ‖W‖=58.84 rank=43.3 fourier=0.158 | time=80.9s
Step 15000 | train_loss=0.1388 test_loss=0.7511 | train_acc=0.9952 test_acc=0.8133 | ‖W‖=57.47 rank=43.1 fourier=0.159 | time=81.4s
Step 15100 | train_loss=0.0791 test_loss=0.5062 | train_acc=0.9990 test_acc=0.9019 | ‖W‖=57.57 rank=43.1 fourier=0.160 | time=82.0s
Step 15200 | train_loss=0.2707 test_loss=0.9402 | train_acc=0.9665 test_acc=0.7448 | ‖W‖=59.86 rank=43.3 fourier=0.162 | time=82.6s
Step 15300 | train_loss=0.0848 test_loss=0.5764 | train_acc=0.9990 test_acc=0.8712 | ‖W‖=57.04 rank=43.4 fourier=0.159 | time=83.1s
Step 15400 | train_loss=0.2277 test_loss=0.8703 | train_acc=0.9761 test_acc=0.7747 | ‖W‖=58.76 rank=43.3 fourier=0.161 | time=83.6s
Step 15500 | train_loss=0.1872 test_loss=0.7706 | train_acc=0.9875 test_acc=0.8153 | ‖W‖=57.86 rank=43.3 fourier=0.158 | time=84.2s
Step 15600 | train_loss=0.1416 test_loss=0.7291 | train_acc=0.9943 test_acc=0.8199 | ‖W‖=57.37 rank=43.4 fourier=0.158 | time=84.7s
Step 15700 | train_loss=0.0806 test_loss=0.5556 | train_acc=1.0000 test_acc=0.8769 | ‖W‖=57.64 rank=43.5 fourier=0.158 | time=85.2s
Step 15800 | train_loss=0.1664 test_loss=0.7475 | train_acc=0.9904 test_acc=0.8256 | ‖W‖=57.49 rank=43.5 fourier=0.159 | time=85.8s
Step 15900 | train_loss=0.2752 test_loss=1.0464 | train_acc=0.9703 test_acc=0.7177 | ‖W‖=57.37 rank=43.7 fourier=0.156 | time=86.4s
Step 16000 | train_loss=0.1847 test_loss=0.8163 | train_acc=0.9856 test_acc=0.8059 | ‖W‖=56.76 rank=43.5 fourier=0.158 | time=86.9s
Step 16100 | train_loss=0.1030 test_loss=0.5892 | train_acc=0.9981 test_acc=0.8769 | ‖W‖=54.75 rank=43.0 fourier=0.162 | time=87.4s
Step 16200 | train_loss=0.2663 test_loss=0.9097 | train_acc=0.9674 test_acc=0.7743 | ‖W‖=56.56 rank=43.1 fourier=0.159 | time=88.0s
Step 16300 | train_loss=0.1144 test_loss=0.6400 | train_acc=0.9952 test_acc=0.8424 | ‖W‖=57.31 rank=43.6 fourier=0.157 | time=88.6s
Step 16400 | train_loss=0.0918 test_loss=0.5609 | train_acc=0.9981 test_acc=0.8806 | ‖W‖=55.17 rank=43.2 fourier=0.160 | time=89.1s
Step 16500 | train_loss=0.1183 test_loss=0.6094 | train_acc=0.9971 test_acc=0.8646 | ‖W‖=54.23 rank=42.7 fourier=0.162 | time=89.6s
Step 16600 | train_loss=0.1932 test_loss=0.7628 | train_acc=0.9770 test_acc=0.8112 | ‖W‖=57.69 rank=43.3 fourier=0.159 | time=90.2s
Step 16700 | train_loss=0.0805 test_loss=0.5446 | train_acc=0.9990 test_acc=0.8794 | ‖W‖=56.02 rank=43.6 fourier=0.159 | time=90.7s
Step 16800 | train_loss=0.1162 test_loss=0.5778 | train_acc=0.9962 test_acc=0.8748 | ‖W‖=54.87 rank=43.1 fourier=0.160 | time=91.2s
Step 16900 | train_loss=0.1832 test_loss=0.6852 | train_acc=0.9837 test_acc=0.8379 | ‖W‖=57.34 rank=43.4 fourier=0.160 | time=91.7s
Step 17000 | train_loss=0.0640 test_loss=0.4753 | train_acc=1.0000 test_acc=0.9015 | ‖W‖=54.59 rank=43.5 fourier=0.158 | time=92.3s
Step 17100 | train_loss=0.2877 test_loss=0.9257 | train_acc=0.9646 test_acc=0.7567 | ‖W‖=53.85 rank=42.9 fourier=0.161 | time=92.9s
Step 17200 | train_loss=0.1108 test_loss=0.6172 | train_acc=0.9933 test_acc=0.8461 | ‖W‖=55.26 rank=44.1 fourier=0.157 | time=93.4s
Step 17300 | train_loss=0.1226 test_loss=0.5915 | train_acc=0.9914 test_acc=0.8617 | ‖W‖=54.42 rank=43.7 fourier=0.159 | time=93.9s
Step 17400 | train_loss=0.1337 test_loss=0.6291 | train_acc=0.9885 test_acc=0.8597 | ‖W‖=52.75 rank=43.4 fourier=0.159 | time=94.6s
Step 17500 | train_loss=0.2051 test_loss=0.7102 | train_acc=0.9799 test_acc=0.8367 | ‖W‖=54.39 rank=43.5 fourier=0.161 | time=95.1s
Step 17600 | train_loss=0.1794 test_loss=0.7776 | train_acc=0.9808 test_acc=0.7969 | ‖W‖=54.86 rank=43.8 fourier=0.156 | time=95.6s
Step 17700 | train_loss=0.0660 test_loss=0.5146 | train_acc=0.9990 test_acc=0.8839 | ‖W‖=52.95 rank=43.6 fourier=0.158 | time=96.1s
Step 17800 | train_loss=0.3410 test_loss=0.9048 | train_acc=0.9464 test_acc=0.7673 | ‖W‖=53.97 rank=43.4 fourier=0.161 | time=96.7s
Step 17900 | train_loss=0.0899 test_loss=0.5096 | train_acc=0.9981 test_acc=0.8855 | ‖W‖=53.49 rank=43.8 fourier=0.159 | time=97.2s
Step 18000 | train_loss=0.0993 test_loss=0.5534 | train_acc=0.9981 test_acc=0.8781 | ‖W‖=53.86 rank=43.8 fourier=0.158 | time=97.7s
Step 18100 | train_loss=0.0794 test_loss=0.5218 | train_acc=1.0000 test_acc=0.8839 | ‖W‖=52.26 rank=43.8 fourier=0.158 | time=98.3s
Step 18200 | train_loss=0.3005 test_loss=0.9601 | train_acc=0.9626 test_acc=0.7435 | ‖W‖=52.77 rank=43.2 fourier=0.161 | time=98.9s
Step 18300 | train_loss=0.0668 test_loss=0.4933 | train_acc=1.0000 test_acc=0.8950 | ‖W‖=52.99 rank=43.9 fourier=0.158 | time=99.4s
Step 18400 | train_loss=0.1333 test_loss=0.5944 | train_acc=0.9962 test_acc=0.8703 | ‖W‖=51.45 rank=43.4 fourier=0.160 | time=99.9s
Step 18500 | train_loss=0.1231 test_loss=0.6749 | train_acc=0.9943 test_acc=0.8301 | ‖W‖=51.42 rank=43.4 fourier=0.159 | time=100.4s
Step 18600 | train_loss=0.1189 test_loss=0.5829 | train_acc=0.9914 test_acc=0.8765 | ‖W‖=51.44 rank=43.3 fourier=0.160 | time=101.0s
Step 18700 | train_loss=0.2115 test_loss=0.7614 | train_acc=0.9713 test_acc=0.8026 | ‖W‖=53.43 rank=43.9 fourier=0.158 | time=101.5s
Step 18800 | train_loss=0.0754 test_loss=0.5259 | train_acc=1.0000 test_acc=0.8826 | ‖W‖=50.84 rank=44.1 fourier=0.157 | time=102.0s
Step 18900 | train_loss=0.0939 test_loss=0.4870 | train_acc=0.9971 test_acc=0.9015 | ‖W‖=50.87 rank=43.6 fourier=0.160 | time=102.6s
Step 19000 | train_loss=0.0814 test_loss=0.4633 | train_acc=0.9981 test_acc=0.9011 | ‖W‖=51.48 rank=43.5 fourier=0.162 | time=103.2s
Step 19100 | train_loss=0.3196 test_loss=0.9145 | train_acc=0.9559 test_acc=0.7677 | ‖W‖=52.29 rank=43.5 fourier=0.162 | time=103.7s
Step 19200 | train_loss=0.2064 test_loss=0.6811 | train_acc=0.9780 test_acc=0.8453 | ‖W‖=52.49 rank=44.3 fourier=0.159 | time=104.2s
Step 19300 | train_loss=0.0712 test_loss=0.4713 | train_acc=1.0000 test_acc=0.9052 | ‖W‖=51.51 rank=44.2 fourier=0.160 | time=104.9s
Step 19400 | train_loss=0.0818 test_loss=0.4696 | train_acc=1.0000 test_acc=0.9167 | ‖W‖=49.55 rank=43.5 fourier=0.162 | time=105.4s
Step 19500 | train_loss=0.1494 test_loss=0.6377 | train_acc=0.9933 test_acc=0.8625 | ‖W‖=50.76 rank=43.6 fourier=0.161 | time=105.9s
Step 19600 | train_loss=0.1648 test_loss=0.6432 | train_acc=0.9875 test_acc=0.8515 | ‖W‖=50.95 rank=44.1 fourier=0.160 | time=106.5s
Step 19700 | train_loss=0.1859 test_loss=0.6349 | train_acc=0.9780 test_acc=0.8469 | ‖W‖=52.05 rank=44.5 fourier=0.158 | time=107.0s
Step 19800 | train_loss=0.1031 test_loss=0.4764 | train_acc=0.9962 test_acc=0.9036 | ‖W‖=50.60 rank=44.5 fourier=0.160 | time=107.5s
Step 19900 | train_loss=0.1270 test_loss=0.6103 | train_acc=0.9923 test_acc=0.8646 | ‖W‖=49.14 rank=44.0 fourier=0.161 | time=108.0s
Step 20000 | train_loss=0.2380 test_loss=0.7060 | train_acc=0.9780 test_acc=0.8416 | ‖W‖=49.71 rank=43.6 fourier=0.160 | time=108.7s
Step 20100 | train_loss=0.0863 test_loss=0.5221 | train_acc=0.9990 test_acc=0.8859 | ‖W‖=49.99 rank=44.3 fourier=0.158 | time=109.2s
Step 20200 | train_loss=0.0796 test_loss=0.4830 | train_acc=1.0000 test_acc=0.9052 | ‖W‖=47.58 rank=43.7 fourier=0.160 | time=109.7s
Step 20300 | train_loss=0.2526 test_loss=0.7921 | train_acc=0.9713 test_acc=0.8092 | ‖W‖=50.09 rank=44.0 fourier=0.159 | time=110.2s
Step 20400 | train_loss=0.0653 test_loss=0.4392 | train_acc=1.0000 test_acc=0.9110 | ‖W‖=48.20 rank=44.0 fourier=0.161 | time=110.8s
Step 20500 | train_loss=0.1578 test_loss=0.6291 | train_acc=0.9933 test_acc=0.8642 | ‖W‖=47.24 rank=43.6 fourier=0.161 | time=111.3s
Step 20600 | train_loss=0.1041 test_loss=0.4912 | train_acc=0.9962 test_acc=0.9027 | ‖W‖=47.12 rank=43.7 fourier=0.159 | time=111.8s
Step 20700 | train_loss=0.1794 test_loss=0.6550 | train_acc=0.9856 test_acc=0.8556 | ‖W‖=46.76 rank=43.6 fourier=0.161 | time=112.4s
Step 20800 | train_loss=0.1087 test_loss=0.5395 | train_acc=0.9981 test_acc=0.8867 | ‖W‖=47.21 rank=43.8 fourier=0.161 | time=113.0s
Step 20900 | train_loss=0.1638 test_loss=0.6169 | train_acc=0.9875 test_acc=0.8699 | ‖W‖=46.86 rank=44.0 fourier=0.161 | time=113.5s
Step 21000 | train_loss=0.1091 test_loss=0.5123 | train_acc=0.9971 test_acc=0.8933 | ‖W‖=47.07 rank=43.7 fourier=0.162 | time=114.0s
Step 21100 | train_loss=0.1260 test_loss=0.5778 | train_acc=0.9952 test_acc=0.8699 | ‖W‖=46.13 rank=43.8 fourier=0.161 | time=114.6s
Step 21200 | train_loss=0.1112 test_loss=0.5580 | train_acc=0.9962 test_acc=0.8798 | ‖W‖=45.45 rank=43.4 fourier=0.162 | time=115.2s
Step 21300 | train_loss=0.1326 test_loss=0.5705 | train_acc=0.9895 test_acc=0.8785 | ‖W‖=44.82 rank=43.1 fourier=0.163 | time=115.7s
Step 21400 | train_loss=0.1800 test_loss=0.7079 | train_acc=0.9885 test_acc=0.8195 | ‖W‖=46.75 rank=43.9 fourier=0.160 | time=116.2s
Step 21500 | train_loss=0.0669 test_loss=0.4424 | train_acc=1.0000 test_acc=0.9126 | ‖W‖=44.59 rank=43.8 fourier=0.161 | time=116.7s
Step 21600 | train_loss=0.2681 test_loss=0.8203 | train_acc=0.9751 test_acc=0.8043 | ‖W‖=44.86 rank=43.3 fourier=0.164 | time=117.3s
Step 21700 | train_loss=0.0703 test_loss=0.4484 | train_acc=0.9990 test_acc=0.9044 | ‖W‖=44.68 rank=43.8 fourier=0.162 | time=117.8s
Step 21800 | train_loss=0.1293 test_loss=0.6155 | train_acc=0.9952 test_acc=0.8625 | ‖W‖=44.46 rank=43.5 fourier=0.162 | time=118.3s
Step 21900 | train_loss=0.0874 test_loss=0.4822 | train_acc=0.9990 test_acc=0.9015 | ‖W‖=44.09 rank=43.8 fourier=0.162 | time=118.9s
Step 22000 | train_loss=0.1568 test_loss=0.6778 | train_acc=0.9847 test_acc=0.8301 | ‖W‖=44.06 rank=43.6 fourier=0.161 | time=119.5s
Step 22100 | train_loss=0.0823 test_loss=0.4519 | train_acc=0.9990 test_acc=0.9060 | ‖W‖=43.95 rank=43.9 fourier=0.160 | time=120.0s
Step 22200 | train_loss=0.0866 test_loss=0.5081 | train_acc=0.9981 test_acc=0.8933 | ‖W‖=42.20 rank=43.2 fourier=0.162 | time=120.6s
Step 22300 | train_loss=0.3337 test_loss=0.8612 | train_acc=0.9569 test_acc=0.7977 | ‖W‖=43.93 rank=43.6 fourier=0.161 | time=121.1s
Step 22400 | train_loss=0.0925 test_loss=0.5051 | train_acc=0.9943 test_acc=0.8892 | ‖W‖=44.14 rank=44.2 fourier=0.160 | time=121.7s
Step 22500 | train_loss=0.0629 test_loss=0.4073 | train_acc=1.0000 test_acc=0.9216 | ‖W‖=42.17 rank=43.7 fourier=0.162 | time=122.2s
Step 22600 | train_loss=0.0852 test_loss=0.4845 | train_acc=0.9990 test_acc=0.9019 | ‖W‖=41.07 rank=42.9 fourier=0.164 | time=122.7s
Step 22700 | train_loss=0.2076 test_loss=0.6942 | train_acc=0.9837 test_acc=0.8437 | ‖W‖=42.32 rank=43.3 fourier=0.162 | time=123.3s
Step 22800 | train_loss=0.1318 test_loss=0.6106 | train_acc=0.9943 test_acc=0.8576 | ‖W‖=42.52 rank=43.8 fourier=0.162 | time=123.8s
Step 22900 | train_loss=0.0593 test_loss=0.4381 | train_acc=1.0000 test_acc=0.9089 | ‖W‖=41.05 rank=43.5 fourier=0.163 | time=124.3s
Step 23000 | train_loss=0.1934 test_loss=0.5836 | train_acc=0.9875 test_acc=0.8908 | ‖W‖=41.67 rank=43.5 fourier=0.163 | time=124.9s
Step 23100 | train_loss=0.0983 test_loss=0.5703 | train_acc=0.9981 test_acc=0.8675 | ‖W‖=41.94 rank=43.8 fourier=0.161 | time=125.5s
Step 23200 | train_loss=0.0752 test_loss=0.4613 | train_acc=1.0000 test_acc=0.9146 | ‖W‖=40.01 rank=43.3 fourier=0.164 | time=126.0s
Step 23300 | train_loss=0.1225 test_loss=0.5303 | train_acc=0.9962 test_acc=0.8921 | ‖W‖=39.65 rank=42.9 fourier=0.165 | time=126.5s
Step 23400 | train_loss=0.1324 test_loss=0.5798 | train_acc=0.9895 test_acc=0.8720 | ‖W‖=41.14 rank=43.4 fourier=0.161 | time=127.1s
Step 23500 | train_loss=0.0520 test_loss=0.3872 | train_acc=1.0000 test_acc=0.9307 | ‖W‖=39.74 rank=43.2 fourier=0.164 | time=127.6s
Step 23600 | train_loss=0.1283 test_loss=0.5479 | train_acc=0.9971 test_acc=0.8835 | ‖W‖=39.95 rank=43.0 fourier=0.162 | time=128.2s
Step 23700 | train_loss=0.1003 test_loss=0.5807 | train_acc=0.9981 test_acc=0.8720 | ‖W‖=40.57 rank=43.3 fourier=0.161 | time=128.7s
Step 23800 | train_loss=0.0726 test_loss=0.4374 | train_acc=0.9990 test_acc=0.9146 | ‖W‖=39.14 rank=42.8 fourier=0.164 | time=129.2s
Step 23900 | train_loss=0.1071 test_loss=0.5145 | train_acc=0.9981 test_acc=0.8954 | ‖W‖=38.76 rank=42.6 fourier=0.165 | time=129.8s
Step 24000 | train_loss=0.1293 test_loss=0.6066 | train_acc=0.9933 test_acc=0.8519 | ‖W‖=41.03 rank=43.6 fourier=0.163 | time=130.3s
Step 24100 | train_loss=0.0653 test_loss=0.4615 | train_acc=1.0000 test_acc=0.9101 | ‖W‖=39.13 rank=43.1 fourier=0.164 | time=130.9s
Step 24200 | train_loss=0.0736 test_loss=0.4771 | train_acc=1.0000 test_acc=0.9069 | ‖W‖=38.60 rank=42.5 fourier=0.164 | time=131.4s
Step 24300 | train_loss=0.1059 test_loss=0.4975 | train_acc=0.9971 test_acc=0.8982 | ‖W‖=39.59 rank=42.8 fourier=0.165 | time=132.0s
Step 24400 | train_loss=0.1855 test_loss=0.5953 | train_acc=0.9866 test_acc=0.8814 | ‖W‖=39.25 rank=42.8 fourier=0.163 | time=132.5s
Step 24500 | train_loss=0.0899 test_loss=0.5812 | train_acc=1.0000 test_acc=0.8675 | ‖W‖=39.29 rank=43.0 fourier=0.161 | time=133.1s
Step 24600 | train_loss=0.0568 test_loss=0.3949 | train_acc=1.0000 test_acc=0.9290 | ‖W‖=37.88 rank=42.4 fourier=0.164 | time=133.6s
Step 24700 | train_loss=0.1462 test_loss=0.5843 | train_acc=0.9943 test_acc=0.8753 | ‖W‖=37.62 rank=42.0 fourier=0.166 | time=134.1s
Step 24800 | train_loss=0.2678 test_loss=0.7445 | train_acc=0.9636 test_acc=0.8318 | ‖W‖=40.01 rank=43.1 fourier=0.162 | time=134.7s
Step 24900 | train_loss=0.0682 test_loss=0.4443 | train_acc=0.9990 test_acc=0.9134 | ‖W‖=39.56 rank=43.2 fourier=0.162 | time=135.2s
Step 25000 | train_loss=0.0608 test_loss=0.4312 | train_acc=0.9990 test_acc=0.9155 | ‖W‖=38.17 rank=42.7 fourier=0.162 | time=135.7s
Step 25100 | train_loss=0.1135 test_loss=0.5340 | train_acc=0.9971 test_acc=0.8888 | ‖W‖=38.02 rank=42.1 fourier=0.163 | time=136.4s
Step 25200 | train_loss=0.0807 test_loss=0.4944 | train_acc=1.0000 test_acc=0.8937 | ‖W‖=38.05 rank=42.1 fourier=0.163 | time=136.9s
Step 25300 | train_loss=0.1722 test_loss=0.6216 | train_acc=0.9866 test_acc=0.8670 | ‖W‖=38.22 rank=42.1 fourier=0.163 | time=137.4s
Step 25400 | train_loss=0.0563 test_loss=0.4273 | train_acc=1.0000 test_acc=0.9081 | ‖W‖=38.53 rank=42.5 fourier=0.163 | time=137.9s
Step 25500 | train_loss=0.0831 test_loss=0.4698 | train_acc=1.0000 test_acc=0.9097 | ‖W‖=37.57 rank=42.0 fourier=0.164 | time=138.5s
Step 25600 | train_loss=0.2521 test_loss=0.7540 | train_acc=0.9770 test_acc=0.8342 | ‖W‖=38.20 rank=42.3 fourier=0.163 | time=139.1s
Step 25700 | train_loss=0.1391 test_loss=0.5858 | train_acc=0.9914 test_acc=0.8613 | ‖W‖=38.47 rank=42.6 fourier=0.162 | time=139.6s
Step 25800 | train_loss=0.0583 test_loss=0.4799 | train_acc=1.0000 test_acc=0.8892 | ‖W‖=38.03 rank=42.4 fourier=0.162 | time=140.1s
Step 25900 | train_loss=0.0661 test_loss=0.4463 | train_acc=1.0000 test_acc=0.9081 | ‖W‖=36.93 rank=41.7 fourier=0.164 | time=140.7s
Step 26000 | train_loss=0.0737 test_loss=0.4739 | train_acc=1.0000 test_acc=0.9003 | ‖W‖=37.72 rank=42.0 fourier=0.164 | time=141.2s
Step 26100 | train_loss=0.1272 test_loss=0.6282 | train_acc=0.9971 test_acc=0.8621 | ‖W‖=37.02 rank=41.4 fourier=0.165 | time=141.7s
Step 26200 | train_loss=0.1587 test_loss=0.7378 | train_acc=0.9914 test_acc=0.8293 | ‖W‖=38.43 rank=42.0 fourier=0.165 | time=142.2s
Step 26300 | train_loss=0.0466 test_loss=0.4411 | train_acc=1.0000 test_acc=0.9052 | ‖W‖=37.88 rank=41.9 fourier=0.165 | time=142.9s
Step 26400 | train_loss=0.0852 test_loss=0.5250 | train_acc=0.9981 test_acc=0.8896 | ‖W‖=37.72 rank=41.9 fourier=0.165 | time=143.4s
Step 26500 | train_loss=0.0518 test_loss=0.4735 | train_acc=1.0000 test_acc=0.8974 | ‖W‖=37.45 rank=41.7 fourier=0.164 | time=143.9s
Step 26600 | train_loss=0.2101 test_loss=0.7104 | train_acc=0.9875 test_acc=0.8502 | ‖W‖=37.14 rank=41.2 fourier=0.168 | time=144.4s
Step 26700 | train_loss=0.0708 test_loss=0.5814 | train_acc=1.0000 test_acc=0.8662 | ‖W‖=39.12 rank=42.5 fourier=0.162 | time=145.1s
Step 26800 | train_loss=0.0794 test_loss=0.5239 | train_acc=0.9990 test_acc=0.8851 | ‖W‖=37.57 rank=42.1 fourier=0.165 | time=145.6s
Step 26900 | train_loss=0.0526 test_loss=0.4485 | train_acc=1.0000 test_acc=0.9064 | ‖W‖=37.15 rank=41.3 fourier=0.165 | time=146.1s
Step 27000 | train_loss=0.1092 test_loss=0.6062 | train_acc=0.9981 test_acc=0.8601 | ‖W‖=37.84 rank=41.5 fourier=0.164 | time=146.6s
Step 27100 | train_loss=0.0508 test_loss=0.4743 | train_acc=1.0000 test_acc=0.8908 | ‖W‖=38.36 rank=41.8 fourier=0.164 | time=147.2s
Step 27200 | train_loss=0.0558 test_loss=0.4616 | train_acc=1.0000 test_acc=0.9007 | ‖W‖=36.80 rank=41.2 fourier=0.165 | time=147.7s
Step 27300 | train_loss=0.0799 test_loss=0.5096 | train_acc=0.9990 test_acc=0.8966 | ‖W‖=37.11 rank=41.0 fourier=0.165 | time=148.2s
Step 27400 | train_loss=0.0936 test_loss=0.5735 | train_acc=0.9990 test_acc=0.8748 | ‖W‖=37.22 rank=41.2 fourier=0.166 | time=148.8s
Step 27500 | train_loss=0.1654 test_loss=0.7325 | train_acc=0.9856 test_acc=0.8297 | ‖W‖=39.08 rank=41.9 fourier=0.165 | time=149.4s
Step 27600 | train_loss=0.0508 test_loss=0.4714 | train_acc=0.9990 test_acc=0.8929 | ‖W‖=37.66 rank=41.8 fourier=0.165 | time=149.9s
Step 27700 | train_loss=0.1578 test_loss=0.6459 | train_acc=0.9904 test_acc=0.8601 | ‖W‖=37.56 rank=41.2 fourier=0.167 | time=150.4s
Step 27800 | train_loss=0.0478 test_loss=0.4330 | train_acc=0.9990 test_acc=0.9093 | ‖W‖=37.23 rank=41.2 fourier=0.167 | time=151.0s
Step 27900 | train_loss=0.1294 test_loss=0.6497 | train_acc=0.9962 test_acc=0.8465 | ‖W‖=37.47 rank=41.2 fourier=0.167 | time=151.6s
Step 28000 | train_loss=0.0538 test_loss=0.4778 | train_acc=1.0000 test_acc=0.8999 | ‖W‖=36.79 rank=40.5 fourier=0.168 | time=152.1s
Step 28100 | train_loss=0.1855 test_loss=0.7183 | train_acc=0.9933 test_acc=0.8363 | ‖W‖=38.05 rank=41.1 fourier=0.167 | time=152.6s
Step 28200 | train_loss=0.0812 test_loss=0.5727 | train_acc=0.9971 test_acc=0.8662 | ‖W‖=38.12 rank=41.0 fourier=0.166 | time=153.1s
Step 28300 | train_loss=0.0641 test_loss=0.5334 | train_acc=1.0000 test_acc=0.8826 | ‖W‖=37.72 rank=40.8 fourier=0.167 | time=153.7s
Step 28400 | train_loss=0.0818 test_loss=0.5115 | train_acc=0.9990 test_acc=0.8954 | ‖W‖=36.84 rank=40.4 fourier=0.170 | time=154.2s
Step 28500 | train_loss=0.0587 test_loss=0.5174 | train_acc=0.9990 test_acc=0.8831 | ‖W‖=37.88 rank=40.8 fourier=0.169 | time=154.8s
Step 28600 | train_loss=0.0429 test_loss=0.4590 | train_acc=1.0000 test_acc=0.8913 | ‖W‖=37.27 rank=40.6 fourier=0.169 | time=155.3s
Step 28700 | train_loss=0.0676 test_loss=0.4897 | train_acc=0.9981 test_acc=0.8941 | ‖W‖=36.68 rank=40.0 fourier=0.171 | time=155.9s
Step 28800 | train_loss=0.0890 test_loss=0.5763 | train_acc=0.9981 test_acc=0.8576 | ‖W‖=39.57 rank=41.8 fourier=0.167 | time=156.4s
Step 28900 | train_loss=0.0369 test_loss=0.4360 | train_acc=1.0000 test_acc=0.9048 | ‖W‖=37.91 rank=41.3 fourier=0.168 | time=157.0s
Step 29000 | train_loss=0.1357 test_loss=0.5801 | train_acc=0.9962 test_acc=0.8757 | ‖W‖=37.18 rank=40.5 fourier=0.170 | time=157.5s
Step 29100 | train_loss=0.1086 test_loss=0.7065 | train_acc=0.9952 test_acc=0.8272 | ‖W‖=37.90 rank=40.9 fourier=0.168 | time=158.1s
Step 29200 | train_loss=0.0588 test_loss=0.5499 | train_acc=1.0000 test_acc=0.8761 | ‖W‖=38.21 rank=40.9 fourier=0.169 | time=158.6s
Step 29300 | train_loss=0.1502 test_loss=0.7098 | train_acc=0.9923 test_acc=0.8400 | ‖W‖=37.71 rank=40.4 fourier=0.171 | time=159.1s
Step 29400 | train_loss=0.0445 test_loss=0.4751 | train_acc=1.0000 test_acc=0.8929 | ‖W‖=37.64 rank=40.6 fourier=0.170 | time=159.6s
Step 29500 | train_loss=0.0620 test_loss=0.5001 | train_acc=1.0000 test_acc=0.8937 | ‖W‖=36.57 rank=39.9 fourier=0.171 | time=160.2s
Step 29600 | train_loss=0.1047 test_loss=0.6337 | train_acc=0.9933 test_acc=0.8437 | ‖W‖=39.27 rank=41.7 fourier=0.170 | time=160.8s
Step 29700 | train_loss=0.0903 test_loss=0.6473 | train_acc=0.9971 test_acc=0.8494 | ‖W‖=37.70 rank=41.1 fourier=0.170 | time=161.3s
Step 29800 | train_loss=0.0619 test_loss=0.5382 | train_acc=0.9990 test_acc=0.8802 | ‖W‖=37.17 rank=40.2 fourier=0.171 | time=161.8s
Step 29900 | train_loss=0.1095 test_loss=0.6146 | train_acc=0.9981 test_acc=0.8609 | ‖W‖=37.48 rank=40.1 fourier=0.173 | time=162.4s
Step 30000 | train_loss=0.1097 test_loss=0.7278 | train_acc=0.9962 test_acc=0.8178 | ‖W‖=38.35 rank=40.8 fourier=0.169 | time=163.0s
Step 30100 | train_loss=0.0734 test_loss=0.6660 | train_acc=1.0000 test_acc=0.8346 | ‖W‖=38.56 rank=40.8 fourier=0.170 | time=163.5s
Step 30200 | train_loss=0.0574 test_loss=0.5876 | train_acc=0.9990 test_acc=0.8605 | ‖W‖=37.30 rank=40.3 fourier=0.170 | time=164.0s
Step 30300 | train_loss=0.0677 test_loss=0.5857 | train_acc=0.9990 test_acc=0.8629 | ‖W‖=37.32 rank=40.0 fourier=0.172 | time=164.6s
Step 30400 | train_loss=0.2903 test_loss=0.9058 | train_acc=0.9607 test_acc=0.7624 | ‖W‖=39.49 rank=40.4 fourier=0.168 | time=165.2s
Step 30500 | train_loss=0.0331 test_loss=0.4846 | train_acc=1.0000 test_acc=0.8802 | ‖W‖=38.63 rank=40.7 fourier=0.170 | time=165.7s
Step 30600 | train_loss=0.0571 test_loss=0.5757 | train_acc=1.0000 test_acc=0.8703 | ‖W‖=37.16 rank=39.8 fourier=0.172 | time=166.2s
Step 30700 | train_loss=0.1252 test_loss=0.6571 | train_acc=0.9933 test_acc=0.8391 | ‖W‖=38.82 rank=39.9 fourier=0.170 | time=166.8s
Step 30800 | train_loss=0.0377 test_loss=0.4771 | train_acc=1.0000 test_acc=0.8917 | ‖W‖=37.52 rank=39.9 fourier=0.171 | time=167.3s
Step 30900 | train_loss=0.0921 test_loss=0.6572 | train_acc=1.0000 test_acc=0.8457 | ‖W‖=36.45 rank=38.9 fourier=0.174 | time=167.8s
Step 31000 | train_loss=0.0787 test_loss=0.6029 | train_acc=0.9971 test_acc=0.8461 | ‖W‖=38.55 rank=40.1 fourier=0.172 | time=168.4s
Step 31100 | train_loss=0.0394 test_loss=0.5341 | train_acc=1.0000 test_acc=0.8695 | ‖W‖=37.25 rank=39.7 fourier=0.173 | time=168.9s
Step 31200 | train_loss=0.1419 test_loss=0.7374 | train_acc=0.9933 test_acc=0.8260 | ‖W‖=37.25 rank=39.4 fourier=0.175 | time=169.5s
Step 31300 | train_loss=0.0636 test_loss=0.5937 | train_acc=0.9981 test_acc=0.8510 | ‖W‖=39.33 rank=40.6 fourier=0.168 | time=170.0s
Step 31400 | train_loss=0.0359 test_loss=0.5147 | train_acc=1.0000 test_acc=0.8757 | ‖W‖=37.43 rank=40.3 fourier=0.170 | time=170.6s
Step 31500 | train_loss=0.0605 test_loss=0.5525 | train_acc=1.0000 test_acc=0.8716 | ‖W‖=37.30 rank=39.6 fourier=0.173 | time=171.2s
Step 31600 | train_loss=0.1889 test_loss=0.7120 | train_acc=0.9866 test_acc=0.8506 | ‖W‖=37.21 rank=39.2 fourier=0.174 | time=171.7s
Step 31700 | train_loss=0.0635 test_loss=0.5739 | train_acc=0.9981 test_acc=0.8613 | ‖W‖=39.11 rank=39.8 fourier=0.174 | time=172.2s
Step 31800 | train_loss=0.0356 test_loss=0.4838 | train_acc=1.0000 test_acc=0.8847 | ‖W‖=37.34 rank=39.6 fourier=0.174 | time=172.7s
Step 31900 | train_loss=0.3491 test_loss=0.9648 | train_acc=0.9626 test_acc=0.7649 | ‖W‖=37.47 rank=39.2 fourier=0.175 | time=173.4s
Step 32000 | train_loss=0.0367 test_loss=0.5350 | train_acc=1.0000 test_acc=0.8634 | ‖W‖=38.13 rank=40.0 fourier=0.173 | time=173.9s
Step 32100 | train_loss=0.0575 test_loss=0.5390 | train_acc=0.9990 test_acc=0.8794 | ‖W‖=36.75 rank=39.1 fourier=0.175 | time=174.4s
Step 32200 | train_loss=0.1455 test_loss=0.7540 | train_acc=0.9962 test_acc=0.8318 | ‖W‖=36.69 rank=38.6 fourier=0.176 | time=174.9s
Step 32300 | train_loss=0.0764 test_loss=0.6737 | train_acc=1.0000 test_acc=0.8318 | ‖W‖=39.43 rank=40.5 fourier=0.172 | time=175.5s
Step 32400 | train_loss=0.0410 test_loss=0.4867 | train_acc=0.9990 test_acc=0.8884 | ‖W‖=37.50 rank=39.9 fourier=0.174 | time=176.0s
Step 32500 | train_loss=0.0447 test_loss=0.4989 | train_acc=1.0000 test_acc=0.8843 | ‖W‖=36.84 rank=39.0 fourier=0.176 | time=176.5s
Step 32600 | train_loss=0.0763 test_loss=0.6150 | train_acc=1.0000 test_acc=0.8547 | ‖W‖=37.24 rank=38.8 fourier=0.175 | time=177.1s
Step 32700 | train_loss=0.0955 test_loss=0.6116 | train_acc=0.9971 test_acc=0.8638 | ‖W‖=37.08 rank=38.7 fourier=0.176 | time=177.7s
Step 32800 | train_loss=0.0643 test_loss=0.6120 | train_acc=1.0000 test_acc=0.8490 | ‖W‖=38.23 rank=39.3 fourier=0.175 | time=178.2s
Step 32900 | train_loss=0.1008 test_loss=0.7259 | train_acc=0.9943 test_acc=0.8149 | ‖W‖=38.59 rank=39.3 fourier=0.175 | time=178.7s
Step 33000 | train_loss=0.0378 test_loss=0.4988 | train_acc=1.0000 test_acc=0.8826 | ‖W‖=37.48 rank=38.8 fourier=0.175 | time=179.3s
Step 33100 | train_loss=0.0997 test_loss=0.7747 | train_acc=0.9962 test_acc=0.8006 | ‖W‖=38.41 rank=39.3 fourier=0.176 | time=179.9s
Step 33200 | train_loss=0.0351 test_loss=0.5062 | train_acc=1.0000 test_acc=0.8839 | ‖W‖=37.15 rank=38.9 fourier=0.176 | time=180.4s
Step 33300 | train_loss=0.4194 test_loss=0.9155 | train_acc=0.9330 test_acc=0.7928 | ‖W‖=38.87 rank=39.8 fourier=0.175 | time=180.9s
Step 33400 | train_loss=0.0539 test_loss=0.5834 | train_acc=0.9990 test_acc=0.8482 | ‖W‖=39.86 rank=40.5 fourier=0.174 | time=181.4s
Step 33500 | train_loss=0.0498 test_loss=0.5768 | train_acc=1.0000 test_acc=0.8625 | ‖W‖=38.01 rank=39.9 fourier=0.174 | time=182.0s
Step 33600 | train_loss=0.1218 test_loss=0.7118 | train_acc=0.9971 test_acc=0.8281 | ‖W‖=37.41 rank=39.1 fourier=0.177 | time=182.5s
Step 33700 | train_loss=0.0503 test_loss=0.5696 | train_acc=1.0000 test_acc=0.8572 | ‖W‖=38.33 rank=39.5 fourier=0.174 | time=183.0s
Step 33800 | train_loss=0.0470 test_loss=0.5382 | train_acc=1.0000 test_acc=0.8753 | ‖W‖=36.94 rank=38.7 fourier=0.177 | time=183.6s
Step 33900 | train_loss=0.1717 test_loss=0.6827 | train_acc=0.9943 test_acc=0.8703 | ‖W‖=37.03 rank=38.2 fourier=0.180 | time=184.2s
Step 34000 | train_loss=0.0713 test_loss=0.6482 | train_acc=0.9990 test_acc=0.8424 | ‖W‖=38.96 rank=39.3 fourier=0.175 | time=184.7s
Step 34100 | train_loss=0.0368 test_loss=0.5044 | train_acc=1.0000 test_acc=0.8831 | ‖W‖=37.54 rank=39.1 fourier=0.177 | time=185.2s
Step 34200 | train_loss=0.0966 test_loss=0.6367 | train_acc=0.9962 test_acc=0.8593 | ‖W‖=36.72 rank=38.1 fourier=0.179 | time=185.8s
Step 34300 | train_loss=0.1833 test_loss=0.9175 | train_acc=0.9847 test_acc=0.7694 | ‖W‖=39.01 rank=39.5 fourier=0.176 | time=186.4s
Step 34400 | train_loss=0.0388 test_loss=0.5492 | train_acc=1.0000 test_acc=0.8712 | ‖W‖=37.89 rank=39.0 fourier=0.176 | time=186.9s
Step 34500 | train_loss=0.0550 test_loss=0.5284 | train_acc=1.0000 test_acc=0.8880 | ‖W‖=36.82 rank=38.1 fourier=0.179 | time=187.4s
Step 34600 | train_loss=0.1562 test_loss=0.8249 | train_acc=0.9875 test_acc=0.7948 | ‖W‖=38.98 rank=39.4 fourier=0.177 | time=187.9s
Step 34700 | train_loss=0.0349 test_loss=0.5608 | train_acc=1.0000 test_acc=0.8547 | ‖W‖=38.69 rank=39.8 fourier=0.175 | time=188.5s
Step 34800 | train_loss=0.0830 test_loss=0.6371 | train_acc=0.9990 test_acc=0.8564 | ‖W‖=36.98 rank=38.8 fourier=0.178 | time=189.0s
Step 34900 | train_loss=0.0576 test_loss=0.5778 | train_acc=1.0000 test_acc=0.8687 | ‖W‖=37.45 rank=38.4 fourier=0.178 | time=189.6s
Step 35000 | train_loss=0.0481 test_loss=0.5355 | train_acc=1.0000 test_acc=0.8753 | ‖W‖=36.68 rank=37.7 fourier=0.181 | time=190.1s
Step 35100 | train_loss=0.1614 test_loss=0.7328 | train_acc=0.9856 test_acc=0.8178 | ‖W‖=40.32 rank=40.8 fourier=0.174 | time=190.7s
Step 35200 | train_loss=0.0363 test_loss=0.5280 | train_acc=0.9990 test_acc=0.8740 | ‖W‖=38.83 rank=40.1 fourier=0.174 | time=191.2s
Step 35300 | train_loss=0.0524 test_loss=0.5351 | train_acc=1.0000 test_acc=0.8761 | ‖W‖=37.48 rank=39.0 fourier=0.176 | time=191.8s
Step 35400 | train_loss=0.1403 test_loss=0.6923 | train_acc=0.9914 test_acc=0.8391 | ‖W‖=37.83 rank=38.3 fourier=0.180 | time=192.3s
Step 35500 | train_loss=0.0420 test_loss=0.5325 | train_acc=1.0000 test_acc=0.8720 | ‖W‖=37.53 rank=38.4 fourier=0.177 | time=192.9s
Step 35600 | train_loss=0.3146 test_loss=1.0402 | train_acc=0.9875 test_acc=0.7686 | ‖W‖=37.59 rank=38.2 fourier=0.177 | time=193.4s
Step 35700 | train_loss=0.0326 test_loss=0.5698 | train_acc=1.0000 test_acc=0.8519 | ‖W‖=39.31 rank=39.9 fourier=0.175 | time=193.9s
Step 35800 | train_loss=0.0443 test_loss=0.5757 | train_acc=1.0000 test_acc=0.8576 | ‖W‖=37.22 rank=38.9 fourier=0.177 | time=194.5s
Step 35900 | train_loss=0.0665 test_loss=0.5961 | train_acc=0.9990 test_acc=0.8736 | ‖W‖=36.99 rank=37.9 fourier=0.179 | time=195.1s
Step 36000 | train_loss=0.1506 test_loss=0.8065 | train_acc=0.9923 test_acc=0.8067 | ‖W‖=38.16 rank=38.6 fourier=0.176 | time=195.6s
Step 36100 | train_loss=0.0395 test_loss=0.5737 | train_acc=1.0000 test_acc=0.8576 | ‖W‖=39.38 rank=39.7 fourier=0.176 | time=196.1s
Step 36200 | train_loss=0.0394 test_loss=0.5295 | train_acc=1.0000 test_acc=0.8732 | ‖W‖=37.52 rank=38.9 fourier=0.177 | time=196.7s
Step 36300 | train_loss=0.0980 test_loss=0.6905 | train_acc=0.9990 test_acc=0.8474 | ‖W‖=37.92 rank=38.2 fourier=0.179 | time=197.2s
Step 36400 | train_loss=0.0603 test_loss=0.6217 | train_acc=0.9990 test_acc=0.8551 | ‖W‖=36.94 rank=37.7 fourier=0.179 | time=197.7s
Step 36500 | train_loss=0.0811 test_loss=0.6972 | train_acc=0.9981 test_acc=0.8248 | ‖W‖=38.95 rank=39.3 fourier=0.176 | time=198.3s
Step 36600 | train_loss=0.0370 test_loss=0.5285 | train_acc=1.0000 test_acc=0.8781 | ‖W‖=37.38 rank=38.6 fourier=0.178 | time=198.9s
Step 36700 | train_loss=0.2054 test_loss=0.8815 | train_acc=0.9847 test_acc=0.7928 | ‖W‖=39.19 rank=39.1 fourier=0.176 | time=199.4s
Step 36800 | train_loss=0.0329 test_loss=0.5004 | train_acc=1.0000 test_acc=0.8785 | ‖W‖=38.23 rank=39.1 fourier=0.175 | time=199.9s
Step 36900 | train_loss=0.1204 test_loss=0.6344 | train_acc=0.9971 test_acc=0.8695 | ‖W‖=37.13 rank=38.1 fourier=0.177 | time=200.5s
Step 37000 | train_loss=0.0437 test_loss=0.5691 | train_acc=1.0000 test_acc=0.8654 | ‖W‖=38.45 rank=38.8 fourier=0.175 | time=201.1s
Step 37100 | train_loss=0.0431 test_loss=0.5216 | train_acc=1.0000 test_acc=0.8818 | ‖W‖=36.77 rank=37.8 fourier=0.177 | time=201.6s
Step 37200 | train_loss=0.1620 test_loss=0.8000 | train_acc=0.9914 test_acc=0.8080 | ‖W‖=37.64 rank=38.0 fourier=0.177 | time=202.1s
Step 37300 | train_loss=0.0745 test_loss=0.6901 | train_acc=0.9990 test_acc=0.8223 | ‖W‖=38.68 rank=38.9 fourier=0.172 | time=202.6s
Step 37400 | train_loss=0.0310 test_loss=0.5330 | train_acc=1.0000 test_acc=0.8724 | ‖W‖=37.82 rank=38.6 fourier=0.175 | time=203.2s
Step 37500 | train_loss=0.0795 test_loss=0.6461 | train_acc=1.0000 test_acc=0.8556 | ‖W‖=37.00 rank=37.5 fourier=0.176 | time=203.7s
Step 37600 | train_loss=0.1211 test_loss=0.8315 | train_acc=0.9952 test_acc=0.7850 | ‖W‖=38.75 rank=38.7 fourier=0.173 | time=204.2s
Step 37700 | train_loss=0.0598 test_loss=0.6177 | train_acc=0.9981 test_acc=0.8506 | ‖W‖=37.53 rank=38.5 fourier=0.174 | time=204.8s
Step 37800 | train_loss=0.0451 test_loss=0.5691 | train_acc=1.0000 test_acc=0.8658 | ‖W‖=36.81 rank=37.5 fourier=0.177 | time=205.4s
Step 37900 | train_loss=0.0640 test_loss=0.5838 | train_acc=0.9990 test_acc=0.8699 | ‖W‖=36.80 rank=37.3 fourier=0.176 | time=205.9s
Step 38000 | train_loss=0.1413 test_loss=0.7927 | train_acc=0.9981 test_acc=0.8145 | ‖W‖=37.94 rank=38.2 fourier=0.174 | time=206.4s
Step 38100 | train_loss=0.0294 test_loss=0.5575 | train_acc=1.0000 test_acc=0.8601 | ‖W‖=38.18 rank=38.6 fourier=0.175 | time=207.0s
Step 38200 | train_loss=0.0529 test_loss=0.6013 | train_acc=0.9990 test_acc=0.8613 | ‖W‖=36.64 rank=37.5 fourier=0.176 | time=207.5s
Step 38300 | train_loss=0.1039 test_loss=0.7495 | train_acc=0.9933 test_acc=0.7989 | ‖W‖=40.16 rank=39.9 fourier=0.174 | time=208.0s
Step 38400 | train_loss=0.0303 test_loss=0.5402 | train_acc=1.0000 test_acc=0.8687 | ‖W‖=38.80 rank=39.7 fourier=0.174 | time=208.5s
Step 38500 | train_loss=0.0450 test_loss=0.5239 | train_acc=0.9990 test_acc=0.8851 | ‖W‖=37.08 rank=38.6 fourier=0.176 | time=209.1s
Step 38600 | train_loss=0.0870 test_loss=0.7601 | train_acc=0.9981 test_acc=0.8092 | ‖W‖=38.47 rank=38.4 fourier=0.175 | time=209.7s
Step 38700 | train_loss=0.0378 test_loss=0.5709 | train_acc=1.0000 test_acc=0.8625 | ‖W‖=37.77 rank=38.0 fourier=0.175 | time=210.2s
Step 38800 | train_loss=0.2014 test_loss=0.8524 | train_acc=0.9904 test_acc=0.8104 | ‖W‖=37.55 rank=37.8 fourier=0.173 | time=210.7s
Step 38900 | train_loss=0.0508 test_loss=0.6186 | train_acc=1.0000 test_acc=0.8515 | ‖W‖=37.33 rank=38.0 fourier=0.173 | time=211.3s
Step 39000 | train_loss=0.0421 test_loss=0.5286 | train_acc=0.9990 test_acc=0.8863 | ‖W‖=36.10 rank=37.1 fourier=0.176 | time=211.9s
Step 39100 | train_loss=0.2383 test_loss=0.9794 | train_acc=0.9713 test_acc=0.7431 | ‖W‖=39.09 rank=39.2 fourier=0.175 | time=212.4s
Step 39200 | train_loss=0.0292 test_loss=0.5573 | train_acc=1.0000 test_acc=0.8556 | ‖W‖=38.87 rank=38.8 fourier=0.174 | time=212.9s
Step 39300 | train_loss=0.0955 test_loss=0.7174 | train_acc=0.9990 test_acc=0.8297 | ‖W‖=37.47 rank=38.1 fourier=0.174 | time=213.4s
Step 39400 | train_loss=0.0484 test_loss=0.6436 | train_acc=1.0000 test_acc=0.8412 | ‖W‖=37.36 rank=37.9 fourier=0.174 | time=214.0s
Step 39500 | train_loss=0.0431 test_loss=0.5294 | train_acc=1.0000 test_acc=0.8814 | ‖W‖=36.01 rank=37.0 fourier=0.176 | time=214.5s
Step 39600 | train_loss=0.2838 test_loss=0.9235 | train_acc=0.9713 test_acc=0.7924 | ‖W‖=37.38 rank=37.8 fourier=0.175 | time=215.1s
Step 39700 | train_loss=0.0339 test_loss=0.5921 | train_acc=1.0000 test_acc=0.8556 | ‖W‖=38.12 rank=38.6 fourier=0.172 | time=215.6s
Step 39800 | train_loss=0.0803 test_loss=0.6080 | train_acc=0.9971 test_acc=0.8588 | ‖W‖=36.85 rank=37.8 fourier=0.175 | time=216.2s
Step 39900 | train_loss=0.0391 test_loss=0.5290 | train_acc=1.0000 test_acc=0.8818 | ‖W‖=36.32 rank=37.1 fourier=0.177 | time=216.7s
Step 40000 | train_loss=0.1864 test_loss=0.9174 | train_acc=0.9856 test_acc=0.7694 | ‖W‖=37.90 rank=37.9 fourier=0.176 | time=217.4s
Step 40100 | train_loss=0.0332 test_loss=0.6257 | train_acc=1.0000 test_acc=0.8453 | ‖W‖=38.17 rank=38.6 fourier=0.172 | time=217.9s
Step 40200 | train_loss=0.0414 test_loss=0.5605 | train_acc=1.0000 test_acc=0.8683 | ‖W‖=36.59 rank=37.5 fourier=0.174 | time=218.4s
Step 40300 | train_loss=0.1704 test_loss=0.8162 | train_acc=0.9866 test_acc=0.7924 | ‖W‖=38.30 rank=38.4 fourier=0.172 | time=219.0s
Step 40400 | train_loss=0.0446 test_loss=0.5656 | train_acc=1.0000 test_acc=0.8560 | ‖W‖=37.77 rank=38.2 fourier=0.174 | time=219.6s
Step 40500 | train_loss=0.1525 test_loss=0.7948 | train_acc=0.9904 test_acc=0.8112 | ‖W‖=37.00 rank=37.5 fourier=0.174 | time=220.1s
Step 40600 | train_loss=0.0364 test_loss=0.5533 | train_acc=1.0000 test_acc=0.8703 | ‖W‖=36.67 rank=37.1 fourier=0.175 | time=220.7s
Step 40700 | train_loss=0.0543 test_loss=0.5834 | train_acc=1.0000 test_acc=0.8662 | ‖W‖=36.29 rank=36.5 fourier=0.175 | time=221.2s
Step 40800 | train_loss=0.0801 test_loss=0.6841 | train_acc=0.9981 test_acc=0.8383 | ‖W‖=36.99 rank=36.9 fourier=0.173 | time=221.7s
Step 40900 | train_loss=0.1085 test_loss=0.7667 | train_acc=0.9990 test_acc=0.8162 | ‖W‖=36.39 rank=36.7 fourier=0.175 | time=222.3s
Step 41000 | train_loss=0.1353 test_loss=0.8143 | train_acc=0.9923 test_acc=0.7981 | ‖W‖=38.98 rank=38.3 fourier=0.174 | time=222.8s
Step 41100 | train_loss=0.0248 test_loss=0.5377 | train_acc=1.0000 test_acc=0.8670 | ‖W‖=37.80 rank=38.3 fourier=0.174 | time=223.4s
Step 41200 | train_loss=0.0495 test_loss=0.5760 | train_acc=1.0000 test_acc=0.8646 | ‖W‖=36.63 rank=37.5 fourier=0.173 | time=223.9s
Step 41300 | train_loss=0.1061 test_loss=0.7273 | train_acc=0.9971 test_acc=0.8277 | ‖W‖=36.16 rank=36.7 fourier=0.175 | time=224.5s
Step 41400 | train_loss=0.0431 test_loss=0.6375 | train_acc=1.0000 test_acc=0.8346 | ‖W‖=38.51 rank=39.1 fourier=0.172 | time=225.0s
Step 41500 | train_loss=0.0331 test_loss=0.5350 | train_acc=1.0000 test_acc=0.8687 | ‖W‖=36.81 rank=38.5 fourier=0.172 | time=225.6s
Step 41600 | train_loss=0.1884 test_loss=0.8962 | train_acc=0.9923 test_acc=0.7772 | ‖W‖=36.96 rank=37.6 fourier=0.174 | time=226.1s
Step 41700 | train_loss=0.0352 test_loss=0.5850 | train_acc=1.0000 test_acc=0.8572 | ‖W‖=36.69 rank=37.6 fourier=0.173 | time=226.6s
Step 41800 | train_loss=0.1148 test_loss=0.7653 | train_acc=0.9971 test_acc=0.8240 | ‖W‖=35.70 rank=36.7 fourier=0.175 | time=227.2s
Step 41900 | train_loss=0.0724 test_loss=0.7050 | train_acc=0.9990 test_acc=0.8186 | ‖W‖=39.09 rank=39.1 fourier=0.174 | time=227.7s
Step 42000 | train_loss=0.1042 test_loss=0.7138 | train_acc=0.9923 test_acc=0.8219 | ‖W‖=37.96 rank=38.7 fourier=0.174 | time=228.2s
Step 42100 | train_loss=0.0437 test_loss=0.5640 | train_acc=1.0000 test_acc=0.8703 | ‖W‖=36.72 rank=37.9 fourier=0.175 | time=228.8s
Step 42200 | train_loss=0.0459 test_loss=0.5584 | train_acc=1.0000 test_acc=0.8757 | ‖W‖=36.07 rank=37.0 fourier=0.176 | time=229.3s
Step 42300 | train_loss=0.0878 test_loss=0.6499 | train_acc=0.9990 test_acc=0.8445 | ‖W‖=37.56 rank=37.1 fourier=0.177 | time=229.9s
Step 42400 | train_loss=0.0369 test_loss=0.5487 | train_acc=1.0000 test_acc=0.8675 | ‖W‖=37.00 rank=37.4 fourier=0.174 | time=230.4s
Step 42500 | train_loss=0.0620 test_loss=0.5833 | train_acc=1.0000 test_acc=0.8658 | ‖W‖=36.20 rank=36.4 fourier=0.175 | time=231.0s
Step 42600 | train_loss=0.0506 test_loss=0.5771 | train_acc=1.0000 test_acc=0.8716 | ‖W‖=35.75 rank=36.1 fourier=0.176 | time=231.6s
Step 42700 | train_loss=0.2347 test_loss=0.8722 | train_acc=0.9761 test_acc=0.7825 | ‖W‖=38.03 rank=38.2 fourier=0.175 | time=232.1s
Step 42800 | train_loss=0.0330 test_loss=0.5678 | train_acc=0.9990 test_acc=0.8515 | ‖W‖=37.94 rank=38.3 fourier=0.173 | time=232.6s
Step 42900 | train_loss=0.0458 test_loss=0.5670 | train_acc=1.0000 test_acc=0.8642 | ‖W‖=36.25 rank=37.3 fourier=0.175 | time=233.1s
Step 43000 | train_loss=0.0431 test_loss=0.5452 | train_acc=1.0000 test_acc=0.8781 | ‖W‖=35.79 rank=36.3 fourier=0.176 | time=233.7s
Step 43100 | train_loss=0.1230 test_loss=0.7576 | train_acc=0.9943 test_acc=0.8207 | ‖W‖=37.54 rank=37.3 fourier=0.175 | time=234.2s
Step 43200 | train_loss=0.0404 test_loss=0.6454 | train_acc=1.0000 test_acc=0.8359 | ‖W‖=38.26 rank=38.2 fourier=0.173 | time=234.7s
Step 43300 | train_loss=0.0371 test_loss=0.5148 | train_acc=1.0000 test_acc=0.8777 | ‖W‖=36.50 rank=37.4 fourier=0.174 | time=235.3s
Step 43400 | train_loss=0.1234 test_loss=0.7558 | train_acc=0.9943 test_acc=0.8096 | ‖W‖=37.49 rank=37.2 fourier=0.176 | time=235.9s
Step 43500 | train_loss=0.0318 test_loss=0.6217 | train_acc=1.0000 test_acc=0.8391 | ‖W‖=38.43 rank=38.1 fourier=0.174 | time=236.4s
Step 43600 | train_loss=0.0599 test_loss=0.6190 | train_acc=0.9990 test_acc=0.8584 | ‖W‖=36.60 rank=37.3 fourier=0.176 | time=236.9s
Step 43700 | train_loss=0.0438 test_loss=0.5420 | train_acc=1.0000 test_acc=0.8740 | ‖W‖=35.77 rank=36.3 fourier=0.177 | time=237.5s
Step 43800 | train_loss=0.1907 test_loss=0.8349 | train_acc=0.9895 test_acc=0.8059 | ‖W‖=36.62 rank=37.0 fourier=0.178 | time=238.1s
Step 43900 | train_loss=0.0912 test_loss=0.7155 | train_acc=0.9981 test_acc=0.8133 | ‖W‖=38.51 rank=38.4 fourier=0.176 | time=238.6s
Step 44000 | train_loss=0.0276 test_loss=0.5512 | train_acc=1.0000 test_acc=0.8642 | ‖W‖=37.68 rank=38.5 fourier=0.173 | time=239.1s
Step 44100 | train_loss=0.0593 test_loss=0.5611 | train_acc=1.0000 test_acc=0.8748 | ‖W‖=36.17 rank=37.5 fourier=0.174 | time=239.6s
Step 44200 | train_loss=0.0684 test_loss=0.6244 | train_acc=0.9981 test_acc=0.8482 | ‖W‖=37.48 rank=37.5 fourier=0.175 | time=240.2s
Step 44300 | train_loss=0.0898 test_loss=0.7718 | train_acc=0.9962 test_acc=0.7973 | ‖W‖=38.93 rank=38.7 fourier=0.174 | time=240.7s
Step 44400 | train_loss=0.0289 test_loss=0.5552 | train_acc=1.0000 test_acc=0.8547 | ‖W‖=37.57 rank=38.4 fourier=0.171 | time=241.2s
Step 44500 | train_loss=0.0419 test_loss=0.5304 | train_acc=1.0000 test_acc=0.8781 | ‖W‖=36.14 rank=37.3 fourier=0.173 | time=241.8s
Step 44600 | train_loss=0.0839 test_loss=0.7018 | train_acc=0.9981 test_acc=0.8236 | ‖W‖=38.03 rank=38.1 fourier=0.170 | time=242.4s
Step 44700 | train_loss=0.0702 test_loss=0.6405 | train_acc=0.9990 test_acc=0.8478 | ‖W‖=37.07 rank=37.5 fourier=0.173 | time=242.9s
Step 44800 | train_loss=0.0522 test_loss=0.5987 | train_acc=1.0000 test_acc=0.8498 | ‖W‖=37.28 rank=37.5 fourier=0.173 | time=243.4s
Step 44900 | train_loss=0.0442 test_loss=0.5543 | train_acc=1.0000 test_acc=0.8634 | ‖W‖=36.54 rank=37.1 fourier=0.173 | time=244.0s
Step 45000 | train_loss=0.0934 test_loss=0.6573 | train_acc=0.9981 test_acc=0.8515 | ‖W‖=35.97 rank=36.3 fourier=0.174 | time=244.6s
Step 45100 | train_loss=0.0790 test_loss=0.6613 | train_acc=0.9981 test_acc=0.8338 | ‖W‖=37.73 rank=37.8 fourier=0.171 | time=245.1s
Step 45200 | train_loss=0.0365 test_loss=0.5395 | train_acc=1.0000 test_acc=0.8707 | ‖W‖=36.33 rank=37.2 fourier=0.173 | time=245.6s
Step 45300 | train_loss=0.2299 test_loss=0.9167 | train_acc=0.9847 test_acc=0.7998 | ‖W‖=36.32 rank=36.7 fourier=0.174 | time=246.2s
Step 45400 | train_loss=0.0535 test_loss=0.6560 | train_acc=0.9981 test_acc=0.8272 | ‖W‖=38.35 rank=39.0 fourier=0.170 | time=246.8s
Step 45500 | train_loss=0.0357 test_loss=0.5198 | train_acc=1.0000 test_acc=0.8794 | ‖W‖=36.59 rank=38.1 fourier=0.172 | time=247.3s
Step 45600 | train_loss=0.0594 test_loss=0.5681 | train_acc=0.9990 test_acc=0.8703 | ‖W‖=35.82 rank=36.8 fourier=0.174 | time=247.8s
Step 45700 | train_loss=0.1083 test_loss=0.7553 | train_acc=0.9943 test_acc=0.8121 | ‖W‖=38.46 rank=38.3 fourier=0.173 | time=248.3s
Step 45800 | train_loss=0.0321 test_loss=0.5480 | train_acc=1.0000 test_acc=0.8646 | ‖W‖=37.06 rank=38.1 fourier=0.172 | time=248.9s
Step 45900 | train_loss=0.0655 test_loss=0.6332 | train_acc=0.9990 test_acc=0.8568 | ‖W‖=36.35 rank=36.8 fourier=0.174 | time=249.4s
Step 46000 | train_loss=0.0399 test_loss=0.5169 | train_acc=1.0000 test_acc=0.8802 | ‖W‖=36.20 rank=36.5 fourier=0.175 | time=249.9s
Step 46100 | train_loss=0.3983 test_loss=1.0004 | train_acc=0.9454 test_acc=0.7583 | ‖W‖=38.37 rank=38.9 fourier=0.174 | time=250.6s
Step 46200 | train_loss=0.0419 test_loss=0.6031 | train_acc=1.0000 test_acc=0.8437 | ‖W‖=38.11 rank=39.0 fourier=0.172 | time=251.1s
Step 46300 | train_loss=0.0521 test_loss=0.5919 | train_acc=1.0000 test_acc=0.8539 | ‖W‖=37.13 rank=38.1 fourier=0.173 | time=251.6s
Step 46400 | train_loss=0.0954 test_loss=0.5494 | train_acc=0.9981 test_acc=0.8908 | ‖W‖=36.11 rank=37.2 fourier=0.175 | time=252.1s
Step 46500 | train_loss=0.0868 test_loss=0.6788 | train_acc=1.0000 test_acc=0.8478 | ‖W‖=36.66 rank=36.9 fourier=0.174 | time=252.7s
Step 46600 | train_loss=0.0410 test_loss=0.5073 | train_acc=1.0000 test_acc=0.8929 | ‖W‖=35.60 rank=36.5 fourier=0.175 | time=253.3s
Step 46700 | train_loss=0.2300 test_loss=0.8623 | train_acc=0.9837 test_acc=0.8076 | ‖W‖=36.48 rank=36.8 fourier=0.175 | time=253.8s
Step 46800 | train_loss=0.0907 test_loss=0.7389 | train_acc=0.9962 test_acc=0.8047 | ‖W‖=38.87 rank=38.3 fourier=0.173 | time=254.3s
Step 46900 | train_loss=0.0364 test_loss=0.5368 | train_acc=1.0000 test_acc=0.8744 | ‖W‖=36.84 rank=37.8 fourier=0.174 | time=254.9s
Step 47000 | train_loss=0.0650 test_loss=0.5793 | train_acc=1.0000 test_acc=0.8679 | ‖W‖=36.05 rank=36.6 fourier=0.176 | time=255.4s
Step 47100 | train_loss=0.0418 test_loss=0.5529 | train_acc=1.0000 test_acc=0.8666 | ‖W‖=36.20 rank=36.6 fourier=0.175 | time=255.9s
Step 47200 | train_loss=0.0798 test_loss=0.6340 | train_acc=0.9990 test_acc=0.8584 | ‖W‖=35.45 rank=35.9 fourier=0.176 | time=256.5s
Step 47300 | train_loss=0.1114 test_loss=0.7792 | train_acc=0.9981 test_acc=0.7957 | ‖W‖=37.44 rank=37.4 fourier=0.172 | time=257.0s
Step 47400 | train_loss=0.0360 test_loss=0.5683 | train_acc=0.9990 test_acc=0.8634 | ‖W‖=36.35 rank=37.0 fourier=0.174 | time=257.6s
Step 47500 | train_loss=0.0609 test_loss=0.6152 | train_acc=1.0000 test_acc=0.8646 | ‖W‖=35.42 rank=35.9 fourier=0.175 | time=258.1s
Step 47600 | train_loss=0.0546 test_loss=0.5883 | train_acc=0.9990 test_acc=0.8597 | ‖W‖=36.27 rank=36.3 fourier=0.175 | time=258.7s
Step 47700 | train_loss=0.0313 test_loss=0.5939 | train_acc=1.0000 test_acc=0.8502 | ‖W‖=36.61 rank=36.6 fourier=0.174 | time=259.2s
Step 47800 | train_loss=0.0685 test_loss=0.6139 | train_acc=1.0000 test_acc=0.8670 | ‖W‖=35.16 rank=35.8 fourier=0.174 | time=259.8s
Step 47900 | train_loss=0.0695 test_loss=0.6967 | train_acc=0.9990 test_acc=0.8174 | ‖W‖=38.28 rank=37.9 fourier=0.176 | time=260.3s
Step 48000 | train_loss=0.0295 test_loss=0.5219 | train_acc=1.0000 test_acc=0.8695 | ‖W‖=36.41 rank=37.5 fourier=0.176 | time=260.8s
Step 48100 | train_loss=0.0325 test_loss=0.5099 | train_acc=1.0000 test_acc=0.8785 | ‖W‖=36.61 rank=37.1 fourier=0.176 | time=261.4s
Step 48200 | train_loss=0.0526 test_loss=0.5838 | train_acc=1.0000 test_acc=0.8716 | ‖W‖=35.38 rank=36.3 fourier=0.176 | time=261.9s
Step 48300 | train_loss=0.2114 test_loss=0.8960 | train_acc=0.9866 test_acc=0.7764 | ‖W‖=37.44 rank=37.8 fourier=0.174 | time=262.5s
Step 48400 | train_loss=0.0354 test_loss=0.5644 | train_acc=1.0000 test_acc=0.8539 | ‖W‖=37.28 rank=38.0 fourier=0.173 | time=263.0s
Step 48500 | train_loss=0.0403 test_loss=0.5237 | train_acc=1.0000 test_acc=0.8785 | ‖W‖=35.76 rank=36.9 fourier=0.175 | time=263.6s
Step 48600 | train_loss=0.0852 test_loss=0.6869 | train_acc=0.9971 test_acc=0.8383 | ‖W‖=35.82 rank=36.1 fourier=0.176 | time=264.1s
Step 48700 | train_loss=0.0413 test_loss=0.5635 | train_acc=0.9990 test_acc=0.8588 | ‖W‖=37.46 rank=37.4 fourier=0.173 | time=264.7s
Step 48800 | train_loss=0.0603 test_loss=0.6641 | train_acc=0.9990 test_acc=0.8379 | ‖W‖=35.83 rank=36.8 fourier=0.173 | time=265.2s
Step 48900 | train_loss=0.0400 test_loss=0.5467 | train_acc=1.0000 test_acc=0.8707 | ‖W‖=35.77 rank=36.2 fourier=0.173 | time=265.7s
Step 49000 | train_loss=0.1398 test_loss=0.7929 | train_acc=0.9904 test_acc=0.8034 | ‖W‖=38.49 rank=38.1 fourier=0.175 | time=266.3s
Step 49100 | train_loss=0.0287 test_loss=0.5171 | train_acc=1.0000 test_acc=0.8724 | ‖W‖=37.23 rank=37.8 fourier=0.174 | time=266.8s
Step 49200 | train_loss=0.0379 test_loss=0.4823 | train_acc=1.0000 test_acc=0.8937 | ‖W‖=35.62 rank=36.8 fourier=0.174 | time=267.3s
Step 49300 | train_loss=0.0675 test_loss=0.6000 | train_acc=1.0000 test_acc=0.8625 | ‖W‖=35.59 rank=36.0 fourier=0.174 | time=267.9s
Step 49400 | train_loss=0.0739 test_loss=0.6677 | train_acc=0.9990 test_acc=0.8420 | ‖W‖=36.69 rank=36.6 fourier=0.172 | time=268.5s
Step 49500 | train_loss=0.0344 test_loss=0.5061 | train_acc=1.0000 test_acc=0.8908 | ‖W‖=35.43 rank=36.1 fourier=0.173 | time=269.0s
Step 49600 | train_loss=0.1678 test_loss=0.8571 | train_acc=0.9904 test_acc=0.7924 | ‖W‖=36.31 rank=36.5 fourier=0.173 | time=269.5s
Step 49700 | train_loss=0.0295 test_loss=0.5508 | train_acc=1.0000 test_acc=0.8662 | ‖W‖=36.40 rank=36.7 fourier=0.174 | time=270.0s
Step 49800 | train_loss=0.1154 test_loss=0.8195 | train_acc=0.9971 test_acc=0.8047 | ‖W‖=36.65 rank=37.0 fourier=0.173 | time=270.6s
Step 49900 | train_loss=0.0512 test_loss=0.6824 | train_acc=1.0000 test_acc=0.8264 | ‖W‖=37.95 rank=37.4 fourier=0.174 | time=271.1s
Step 50000 | train_loss=0.0362 test_loss=0.5726 | train_acc=1.0000 test_acc=0.8588 | ‖W‖=36.15 rank=37.0 fourier=0.173 | time=271.6s

Results saved to results/medium_collapse/results.json
Grokked: False at step None

============================================================
Running condition: high_collapse
============================================================
Training on cuda
Condition: high_collapse, collapse_level=0.3
Model parameters: 213,947
Step   100 | train_loss=3.4938 test_loss=4.4968 | train_acc=0.1466 test_acc=0.0172 | ‖W‖=25.45 rank=51.8 fourier=0.096 | time=0.5s
Step   200 | train_loss=3.2613 test_loss=4.8008 | train_acc=0.1830 test_acc=0.0164 | ‖W‖=35.12 rank=49.2 fourier=0.097 | time=1.1s
Step   300 | train_loss=3.0498 test_loss=4.9912 | train_acc=0.2079 test_acc=0.0115 | ‖W‖=43.13 rank=47.7 fourier=0.099 | time=1.7s
Step   400 | train_loss=2.8163 test_loss=5.2130 | train_acc=0.2519 test_acc=0.0098 | ‖W‖=47.12 rank=46.9 fourier=0.098 | time=2.2s
Step   500 | train_loss=2.4569 test_loss=5.3273 | train_acc=0.3812 test_acc=0.0098 | ‖W‖=50.36 rank=46.2 fourier=0.103 | time=2.7s
Step   600 | train_loss=2.0119 test_loss=5.4111 | train_acc=0.5144 test_acc=0.0226 | ‖W‖=52.26 rank=45.7 fourier=0.107 | time=3.3s
Step   700 | train_loss=1.4858 test_loss=5.4824 | train_acc=0.6619 test_acc=0.0386 | ‖W‖=53.85 rank=45.2 fourier=0.113 | time=3.9s
Step   800 | train_loss=1.0539 test_loss=5.4802 | train_acc=0.8036 test_acc=0.0636 | ‖W‖=55.18 rank=44.9 fourier=0.119 | time=4.4s
Step   900 | train_loss=0.7543 test_loss=5.4987 | train_acc=0.9042 test_acc=0.0845 | ‖W‖=55.73 rank=44.5 fourier=0.121 | time=4.9s
Step  1000 | train_loss=0.5522 test_loss=5.4391 | train_acc=0.9464 test_acc=0.0993 | ‖W‖=56.22 rank=43.7 fourier=0.122 | time=5.5s
Step  1100 | train_loss=0.3853 test_loss=5.3340 | train_acc=0.9761 test_acc=0.1219 | ‖W‖=56.59 rank=42.9 fourier=0.123 | time=6.0s
Step  1200 | train_loss=0.3383 test_loss=5.2630 | train_acc=0.9856 test_acc=0.1235 | ‖W‖=56.64 rank=42.2 fourier=0.125 | time=6.5s
Step  1300 | train_loss=0.3097 test_loss=5.2244 | train_acc=0.9866 test_acc=0.1317 | ‖W‖=56.79 rank=41.5 fourier=0.125 | time=7.1s
Step  1400 | train_loss=0.2869 test_loss=5.2421 | train_acc=0.9856 test_acc=0.1334 | ‖W‖=56.81 rank=41.0 fourier=0.126 | time=7.6s
Step  1500 | train_loss=0.3290 test_loss=5.1001 | train_acc=0.9808 test_acc=0.1276 | ‖W‖=56.71 rank=40.5 fourier=0.127 | time=8.2s
Step  1600 | train_loss=0.3611 test_loss=5.1302 | train_acc=0.9626 test_acc=0.1334 | ‖W‖=57.41 rank=40.5 fourier=0.127 | time=8.7s
Step  1700 | train_loss=0.2960 test_loss=5.0506 | train_acc=0.9875 test_acc=0.1428 | ‖W‖=57.89 rank=40.5 fourier=0.128 | time=9.3s
Step  1800 | train_loss=0.3082 test_loss=5.0299 | train_acc=0.9751 test_acc=0.1490 | ‖W‖=57.27 rank=39.9 fourier=0.130 | time=9.8s
Step  1900 | train_loss=0.1986 test_loss=4.8339 | train_acc=0.9952 test_acc=0.1477 | ‖W‖=57.18 rank=39.4 fourier=0.130 | time=10.4s
Step  2000 | train_loss=0.1832 test_loss=4.8835 | train_acc=0.9971 test_acc=0.1535 | ‖W‖=57.69 rank=39.5 fourier=0.130 | time=10.9s
Step  2100 | train_loss=0.5179 test_loss=5.1028 | train_acc=0.9157 test_acc=0.1190 | ‖W‖=58.24 rank=39.9 fourier=0.131 | time=11.4s
Step  2200 | train_loss=0.1918 test_loss=4.8495 | train_acc=0.9933 test_acc=0.1510 | ‖W‖=57.82 rank=39.2 fourier=0.131 | time=12.0s
Step  2300 | train_loss=0.2989 test_loss=4.9340 | train_acc=0.9789 test_acc=0.1371 | ‖W‖=58.05 rank=39.1 fourier=0.130 | time=12.5s
Step  2400 | train_loss=0.1668 test_loss=4.7727 | train_acc=0.9962 test_acc=0.1592 | ‖W‖=57.66 rank=39.0 fourier=0.132 | time=13.1s
Step  2500 | train_loss=0.2813 test_loss=4.7873 | train_acc=0.9818 test_acc=0.1481 | ‖W‖=56.92 rank=38.5 fourier=0.132 | time=13.6s
Step  2600 | train_loss=0.2788 test_loss=4.8924 | train_acc=0.9818 test_acc=0.1428 | ‖W‖=59.42 rank=40.1 fourier=0.135 | time=14.1s
Step  2700 | train_loss=0.1397 test_loss=4.7854 | train_acc=0.9962 test_acc=0.1568 | ‖W‖=57.58 rank=38.9 fourier=0.133 | time=14.7s
Step  2800 | train_loss=0.5354 test_loss=4.9895 | train_acc=0.9157 test_acc=0.1153 | ‖W‖=58.59 rank=39.5 fourier=0.134 | time=15.3s
Step  2900 | train_loss=0.1355 test_loss=4.7669 | train_acc=0.9923 test_acc=0.1580 | ‖W‖=58.75 rank=39.1 fourier=0.134 | time=15.8s
Step  3000 | train_loss=0.3386 test_loss=4.9249 | train_acc=0.9741 test_acc=0.1334 | ‖W‖=59.72 rank=39.7 fourier=0.134 | time=16.4s
Step  3100 | train_loss=0.1205 test_loss=4.7168 | train_acc=0.9943 test_acc=0.1563 | ‖W‖=58.94 rank=39.1 fourier=0.135 | time=16.9s
Step  3200 | train_loss=0.3909 test_loss=4.7685 | train_acc=0.9483 test_acc=0.1198 | ‖W‖=58.51 rank=38.8 fourier=0.135 | time=17.4s
Step  3300 | train_loss=0.1381 test_loss=4.6712 | train_acc=0.9952 test_acc=0.1555 | ‖W‖=59.52 rank=39.1 fourier=0.137 | time=17.9s
Step  3400 | train_loss=0.2201 test_loss=4.6463 | train_acc=0.9837 test_acc=0.1539 | ‖W‖=58.21 rank=38.5 fourier=0.136 | time=18.5s
Step  3500 | train_loss=0.2741 test_loss=4.6861 | train_acc=0.9722 test_acc=0.1330 | ‖W‖=60.55 rank=40.2 fourier=0.139 | time=19.1s
Step  3600 | train_loss=0.1377 test_loss=4.6048 | train_acc=0.9943 test_acc=0.1531 | ‖W‖=58.65 rank=38.9 fourier=0.137 | time=19.6s
Step  3700 | train_loss=0.2037 test_loss=4.5961 | train_acc=0.9904 test_acc=0.1436 | ‖W‖=59.37 rank=39.1 fourier=0.140 | time=20.1s
Step  3800 | train_loss=0.1110 test_loss=4.5607 | train_acc=0.9952 test_acc=0.1563 | ‖W‖=59.31 rank=38.9 fourier=0.139 | time=20.7s
Step  3900 | train_loss=0.1139 test_loss=4.4053 | train_acc=0.9990 test_acc=0.1600 | ‖W‖=57.68 rank=38.0 fourier=0.139 | time=21.3s
Step  4000 | train_loss=0.3266 test_loss=4.6357 | train_acc=0.9713 test_acc=0.1247 | ‖W‖=61.26 rank=40.6 fourier=0.143 | time=21.8s
Step  4100 | train_loss=0.0906 test_loss=4.4809 | train_acc=0.9981 test_acc=0.1633 | ‖W‖=59.42 rank=39.2 fourier=0.141 | time=22.3s
Step  4200 | train_loss=0.0865 test_loss=4.2739 | train_acc=1.0000 test_acc=0.1711 | ‖W‖=57.10 rank=38.1 fourier=0.139 | time=22.9s
Step  4300 | train_loss=0.2690 test_loss=4.5579 | train_acc=0.9770 test_acc=0.1375 | ‖W‖=61.09 rank=40.1 fourier=0.143 | time=23.4s
Step  4400 | train_loss=0.0702 test_loss=4.2315 | train_acc=1.0000 test_acc=0.1781 | ‖W‖=59.03 rank=38.7 fourier=0.141 | time=23.9s
Step  4500 | train_loss=0.4194 test_loss=4.4929 | train_acc=0.9502 test_acc=0.1301 | ‖W‖=61.41 rank=40.2 fourier=0.144 | time=24.4s
Step  4600 | train_loss=0.1698 test_loss=4.4487 | train_acc=0.9923 test_acc=0.1485 | ‖W‖=60.77 rank=39.4 fourier=0.141 | time=25.0s
Step  4700 | train_loss=0.2497 test_loss=4.4026 | train_acc=0.9579 test_acc=0.1510 | ‖W‖=59.05 rank=38.3 fourier=0.142 | time=25.6s
Step  4800 | train_loss=0.2919 test_loss=4.5000 | train_acc=0.9626 test_acc=0.1391 | ‖W‖=61.09 rank=39.2 fourier=0.142 | time=26.1s
Step  4900 | train_loss=0.1255 test_loss=4.3478 | train_acc=0.9971 test_acc=0.1662 | ‖W‖=60.26 rank=38.8 fourier=0.140 | time=26.6s
Step  5000 | train_loss=0.1048 test_loss=4.1745 | train_acc=0.9981 test_acc=0.1719 | ‖W‖=58.92 rank=38.1 fourier=0.142 | time=27.3s
Step  5100 | train_loss=0.3933 test_loss=4.4923 | train_acc=0.9416 test_acc=0.1334 | ‖W‖=61.70 rank=39.5 fourier=0.143 | time=27.8s
Step  5200 | train_loss=0.1877 test_loss=4.3542 | train_acc=0.9904 test_acc=0.1477 | ‖W‖=60.94 rank=39.2 fourier=0.143 | time=28.3s
Step  5300 | train_loss=0.2051 test_loss=4.3618 | train_acc=0.9856 test_acc=0.1498 | ‖W‖=61.57 rank=39.5 fourier=0.142 | time=28.9s
Step  5400 | train_loss=0.1060 test_loss=4.1990 | train_acc=0.9981 test_acc=0.1637 | ‖W‖=61.31 rank=38.7 fourier=0.143 | time=29.4s
Step  5500 | train_loss=0.1649 test_loss=4.2522 | train_acc=0.9990 test_acc=0.1613 | ‖W‖=59.87 rank=38.3 fourier=0.143 | time=29.9s
Step  5600 | train_loss=0.1722 test_loss=4.1849 | train_acc=0.9923 test_acc=0.1592 | ‖W‖=61.74 rank=39.0 fourier=0.145 | time=30.5s
Step  5700 | train_loss=0.3763 test_loss=4.4737 | train_acc=0.9425 test_acc=0.1334 | ‖W‖=61.79 rank=39.5 fourier=0.142 | time=31.0s
Step  5800 | train_loss=0.0756 test_loss=4.0701 | train_acc=1.0000 test_acc=0.1818 | ‖W‖=60.58 rank=38.7 fourier=0.141 | time=31.6s
Step  5900 | train_loss=0.3114 test_loss=4.2839 | train_acc=0.9674 test_acc=0.1469 | ‖W‖=60.62 rank=38.5 fourier=0.144 | time=32.1s
Step  6000 | train_loss=0.2892 test_loss=4.2329 | train_acc=0.9655 test_acc=0.1543 | ‖W‖=62.21 rank=39.1 fourier=0.144 | time=32.6s
Step  6100 | train_loss=0.0708 test_loss=4.0597 | train_acc=1.0000 test_acc=0.1822 | ‖W‖=61.67 rank=38.6 fourier=0.143 | time=33.2s
Step  6200 | train_loss=0.4102 test_loss=4.2460 | train_acc=0.9253 test_acc=0.1403 | ‖W‖=60.69 rank=38.1 fourier=0.145 | time=33.8s
Step  6300 | train_loss=0.2437 test_loss=4.2587 | train_acc=0.9770 test_acc=0.1510 | ‖W‖=63.35 rank=39.8 fourier=0.146 | time=34.3s
Step  6400 | train_loss=0.0656 test_loss=3.9444 | train_acc=1.0000 test_acc=0.1859 | ‖W‖=61.74 rank=38.8 fourier=0.144 | time=34.8s
Step  6500 | train_loss=0.1989 test_loss=3.9468 | train_acc=0.9885 test_acc=0.1740 | ‖W‖=60.12 rank=37.6 fourier=0.145 | time=35.4s
Step  6600 | train_loss=0.4531 test_loss=4.3219 | train_acc=0.9234 test_acc=0.1346 | ‖W‖=62.82 rank=39.3 fourier=0.146 | time=35.9s
Step  6700 | train_loss=0.3556 test_loss=4.3363 | train_acc=0.9559 test_acc=0.1498 | ‖W‖=63.79 rank=39.8 fourier=0.144 | time=36.4s
Step  6800 | train_loss=0.2161 test_loss=4.0945 | train_acc=0.9751 test_acc=0.1633 | ‖W‖=62.52 rank=39.0 fourier=0.145 | time=37.0s
Step  6900 | train_loss=0.1064 test_loss=3.8401 | train_acc=0.9952 test_acc=0.1847 | ‖W‖=61.21 rank=38.1 fourier=0.145 | time=37.6s
Step  7000 | train_loss=0.3002 test_loss=4.1107 | train_acc=0.9617 test_acc=0.1551 | ‖W‖=63.62 rank=39.3 fourier=0.146 | time=38.1s
Step  7100 | train_loss=0.0807 test_loss=3.8489 | train_acc=0.9971 test_acc=0.1924 | ‖W‖=62.76 rank=38.7 fourier=0.144 | time=38.6s
Step  7200 | train_loss=0.2573 test_loss=3.8850 | train_acc=0.9828 test_acc=0.1621 | ‖W‖=61.92 rank=38.3 fourier=0.146 | time=39.1s
Step  7300 | train_loss=0.1382 test_loss=3.8773 | train_acc=0.9962 test_acc=0.1732 | ‖W‖=63.74 rank=39.4 fourier=0.145 | time=39.8s
Step  7400 | train_loss=0.1985 test_loss=3.8792 | train_acc=0.9885 test_acc=0.1851 | ‖W‖=62.57 rank=38.4 fourier=0.146 | time=40.3s
Step  7500 | train_loss=0.3458 test_loss=4.0467 | train_acc=0.9607 test_acc=0.1543 | ‖W‖=64.03 rank=39.3 fourier=0.147 | time=40.8s
Step  7600 | train_loss=0.0982 test_loss=3.8153 | train_acc=1.0000 test_acc=0.1953 | ‖W‖=63.35 rank=38.7 fourier=0.144 | time=41.3s
Step  7700 | train_loss=0.0835 test_loss=3.6830 | train_acc=1.0000 test_acc=0.2023 | ‖W‖=61.89 rank=37.6 fourier=0.144 | time=41.9s
Step  7800 | train_loss=0.3835 test_loss=4.0062 | train_acc=0.9464 test_acc=0.1522 | ‖W‖=63.07 rank=38.6 fourier=0.145 | time=42.4s
Step  7900 | train_loss=0.2013 test_loss=4.0086 | train_acc=0.9808 test_acc=0.1719 | ‖W‖=63.60 rank=38.7 fourier=0.145 | time=42.9s
Step  8000 | train_loss=0.0777 test_loss=3.6624 | train_acc=1.0000 test_acc=0.2027 | ‖W‖=62.05 rank=37.7 fourier=0.145 | time=43.5s
Step  8100 | train_loss=0.5202 test_loss=4.1520 | train_acc=0.9100 test_acc=0.1416 | ‖W‖=65.33 rank=40.3 fourier=0.149 | time=44.1s
Step  8200 | train_loss=0.1660 test_loss=3.8681 | train_acc=0.9856 test_acc=0.1851 | ‖W‖=64.23 rank=39.4 fourier=0.144 | time=44.6s
Step  8300 | train_loss=0.1697 test_loss=3.7524 | train_acc=0.9933 test_acc=0.1904 | ‖W‖=62.72 rank=38.7 fourier=0.145 | time=45.1s
Step  8400 | train_loss=0.1810 test_loss=3.7540 | train_acc=0.9904 test_acc=0.1826 | ‖W‖=62.89 rank=38.3 fourier=0.146 | time=45.7s
Step  8500 | train_loss=0.3083 test_loss=3.9725 | train_acc=0.9559 test_acc=0.1625 | ‖W‖=64.16 rank=39.1 fourier=0.144 | time=46.3s
Step  8600 | train_loss=0.0905 test_loss=3.7213 | train_acc=0.9990 test_acc=0.1941 | ‖W‖=63.26 rank=38.5 fourier=0.145 | time=46.8s
Step  8700 | train_loss=0.1498 test_loss=3.6487 | train_acc=0.9962 test_acc=0.2011 | ‖W‖=60.98 rank=37.4 fourier=0.145 | time=47.3s
Step  8800 | train_loss=0.2868 test_loss=3.8462 | train_acc=0.9684 test_acc=0.1707 | ‖W‖=64.33 rank=39.6 fourier=0.147 | time=47.9s
Step  8900 | train_loss=0.3021 test_loss=3.9647 | train_acc=0.9684 test_acc=0.1568 | ‖W‖=64.43 rank=39.3 fourier=0.146 | time=48.4s
Step  9000 | train_loss=0.0787 test_loss=3.5550 | train_acc=0.9971 test_acc=0.2154 | ‖W‖=61.75 rank=38.1 fourier=0.145 | time=48.9s
Step  9100 | train_loss=0.5677 test_loss=3.9059 | train_acc=0.9023 test_acc=0.1420 | ‖W‖=63.50 rank=39.4 fourier=0.149 | time=49.4s
Step  9200 | train_loss=0.1720 test_loss=3.7235 | train_acc=0.9875 test_acc=0.1920 | ‖W‖=63.95 rank=39.2 fourier=0.146 | time=50.0s
Step  9300 | train_loss=0.0795 test_loss=3.4374 | train_acc=1.0000 test_acc=0.2199 | ‖W‖=61.06 rank=37.6 fourier=0.146 | time=50.6s
Step  9400 | train_loss=0.5126 test_loss=3.9458 | train_acc=0.9186 test_acc=0.1399 | ‖W‖=64.21 rank=39.4 fourier=0.148 | time=51.1s
Step  9500 | train_loss=0.1294 test_loss=3.6464 | train_acc=0.9971 test_acc=0.1961 | ‖W‖=63.52 rank=39.1 fourier=0.145 | time=51.7s
Step  9600 | train_loss=0.2317 test_loss=3.6608 | train_acc=0.9799 test_acc=0.1990 | ‖W‖=61.54 rank=37.9 fourier=0.145 | time=52.2s
Step  9700 | train_loss=0.5846 test_loss=4.0545 | train_acc=0.8669 test_acc=0.1366 | ‖W‖=63.72 rank=39.5 fourier=0.147 | time=52.8s
Step  9800 | train_loss=0.2836 test_loss=3.9509 | train_acc=0.9741 test_acc=0.1711 | ‖W‖=63.81 rank=39.4 fourier=0.146 | time=53.3s
Step  9900 | train_loss=0.0755 test_loss=3.5691 | train_acc=1.0000 test_acc=0.2105 | ‖W‖=63.13 rank=38.7 fourier=0.145 | time=53.9s
Step 10000 | train_loss=0.4462 test_loss=3.8806 | train_acc=0.9330 test_acc=0.1600 | ‖W‖=62.36 rank=38.4 fourier=0.147 | time=54.4s
Step 10100 | train_loss=0.1921 test_loss=3.8149 | train_acc=0.9808 test_acc=0.1756 | ‖W‖=63.57 rank=38.8 fourier=0.145 | time=55.0s
Step 10200 | train_loss=0.0789 test_loss=3.4980 | train_acc=0.9981 test_acc=0.2146 | ‖W‖=62.37 rank=38.0 fourier=0.146 | time=55.5s
Step 10300 | train_loss=0.3294 test_loss=3.6320 | train_acc=0.9665 test_acc=0.1822 | ‖W‖=62.00 rank=38.2 fourier=0.149 | time=56.1s
Step 10400 | train_loss=0.3673 test_loss=3.8460 | train_acc=0.9521 test_acc=0.1604 | ‖W‖=64.34 rank=39.5 fourier=0.152 | time=56.7s
Step 10500 | train_loss=0.0849 test_loss=3.5606 | train_acc=1.0000 test_acc=0.2146 | ‖W‖=62.74 rank=38.6 fourier=0.146 | time=57.2s
Step 10600 | train_loss=0.2659 test_loss=3.6160 | train_acc=0.9713 test_acc=0.1793 | ‖W‖=61.98 rank=37.9 fourier=0.148 | time=57.7s
Step 10700 | train_loss=0.1444 test_loss=3.5449 | train_acc=0.9990 test_acc=0.1990 | ‖W‖=63.44 rank=38.7 fourier=0.148 | time=58.3s
Step 10800 | train_loss=0.2870 test_loss=3.8061 | train_acc=0.9741 test_acc=0.1695 | ‖W‖=64.37 rank=39.4 fourier=0.148 | time=58.8s
Step 10900 | train_loss=0.1979 test_loss=3.6541 | train_acc=0.9780 test_acc=0.2011 | ‖W‖=62.41 rank=38.3 fourier=0.148 | time=59.3s
Step 11000 | train_loss=0.1191 test_loss=3.5376 | train_acc=0.9990 test_acc=0.2138 | ‖W‖=62.65 rank=38.0 fourier=0.148 | time=59.8s
Step 11100 | train_loss=0.3418 test_loss=3.8482 | train_acc=0.9531 test_acc=0.1686 | ‖W‖=63.36 rank=38.8 fourier=0.150 | time=60.4s
Step 11200 | train_loss=0.1749 test_loss=3.6912 | train_acc=0.9866 test_acc=0.1838 | ‖W‖=64.09 rank=39.0 fourier=0.149 | time=61.0s
Step 11300 | train_loss=0.1473 test_loss=3.5067 | train_acc=0.9837 test_acc=0.2060 | ‖W‖=61.41 rank=37.7 fourier=0.147 | time=61.5s
Step 11400 | train_loss=0.6781 test_loss=3.9439 | train_acc=0.8592 test_acc=0.1362 | ‖W‖=64.46 rank=40.2 fourier=0.149 | time=62.0s
Step 11500 | train_loss=0.1528 test_loss=3.7117 | train_acc=0.9895 test_acc=0.1949 | ‖W‖=64.31 rank=39.6 fourier=0.146 | time=62.6s
Step 11600 | train_loss=0.1635 test_loss=3.5454 | train_acc=0.9847 test_acc=0.2076 | ‖W‖=62.25 rank=38.2 fourier=0.147 | time=63.2s
Step 11700 | train_loss=0.3449 test_loss=3.8400 | train_acc=0.9531 test_acc=0.1641 | ‖W‖=63.33 rank=38.8 fourier=0.148 | time=63.7s
Step 11800 | train_loss=0.1236 test_loss=3.6228 | train_acc=0.9971 test_acc=0.1990 | ‖W‖=62.92 rank=38.6 fourier=0.148 | time=64.2s
Step 11900 | train_loss=0.1412 test_loss=3.4264 | train_acc=0.9923 test_acc=0.2093 | ‖W‖=60.61 rank=37.2 fourier=0.149 | time=64.8s
Step 12000 | train_loss=0.3311 test_loss=3.7256 | train_acc=0.9579 test_acc=0.1785 | ‖W‖=64.00 rank=39.0 fourier=0.153 | time=65.3s
Step 12100 | train_loss=0.1145 test_loss=3.5450 | train_acc=1.0000 test_acc=0.2105 | ‖W‖=63.17 rank=38.6 fourier=0.151 | time=65.8s
Step 12200 | train_loss=0.3119 test_loss=3.7105 | train_acc=0.9703 test_acc=0.1744 | ‖W‖=61.29 rank=37.9 fourier=0.151 | time=66.4s
Step 12300 | train_loss=0.2387 test_loss=3.7851 | train_acc=0.9808 test_acc=0.1797 | ‖W‖=63.80 rank=39.4 fourier=0.149 | time=67.0s
Step 12400 | train_loss=0.1019 test_loss=3.5228 | train_acc=0.9990 test_acc=0.2105 | ‖W‖=62.09 rank=38.2 fourier=0.148 | time=67.5s
Step 12500 | train_loss=0.2528 test_loss=3.6362 | train_acc=0.9895 test_acc=0.1863 | ‖W‖=62.64 rank=38.9 fourier=0.150 | time=68.0s
Step 12600 | train_loss=0.3466 test_loss=3.7367 | train_acc=0.9579 test_acc=0.1867 | ‖W‖=63.62 rank=39.4 fourier=0.150 | time=68.6s
Step 12700 | train_loss=0.1170 test_loss=3.5674 | train_acc=0.9962 test_acc=0.2056 | ‖W‖=62.90 rank=38.7 fourier=0.149 | time=69.2s
Step 12800 | train_loss=0.2634 test_loss=3.6198 | train_acc=0.9732 test_acc=0.1859 | ‖W‖=62.67 rank=38.2 fourier=0.151 | time=69.7s
Step 12900 | train_loss=0.1987 test_loss=3.6123 | train_acc=0.9875 test_acc=0.1883 | ‖W‖=63.66 rank=38.7 fourier=0.151 | time=70.2s
Step 13000 | train_loss=0.1541 test_loss=3.4018 | train_acc=0.9914 test_acc=0.2208 | ‖W‖=61.79 rank=37.8 fourier=0.150 | time=70.7s
Step 13100 | train_loss=0.2580 test_loss=3.6650 | train_acc=0.9780 test_acc=0.1842 | ‖W‖=63.72 rank=38.9 fourier=0.150 | time=71.3s
Step 13200 | train_loss=0.1238 test_loss=3.4667 | train_acc=0.9971 test_acc=0.2023 | ‖W‖=62.29 rank=37.8 fourier=0.150 | time=71.8s
Step 13300 | train_loss=0.2189 test_loss=3.6722 | train_acc=0.9866 test_acc=0.1793 | ‖W‖=63.60 rank=39.2 fourier=0.153 | time=72.4s
Step 13400 | train_loss=0.0759 test_loss=3.3366 | train_acc=1.0000 test_acc=0.2253 | ‖W‖=61.14 rank=37.6 fourier=0.150 | time=72.9s
Step 13500 | train_loss=0.6176 test_loss=3.9415 | train_acc=0.8649 test_acc=0.1506 | ‖W‖=63.86 rank=39.4 fourier=0.154 | time=73.5s
Step 13600 | train_loss=0.2457 test_loss=3.7665 | train_acc=0.9780 test_acc=0.1785 | ‖W‖=63.46 rank=39.1 fourier=0.151 | time=74.0s
Step 13700 | train_loss=0.1021 test_loss=3.5126 | train_acc=0.9971 test_acc=0.2097 | ‖W‖=62.13 rank=38.3 fourier=0.150 | time=74.5s
Step 13800 | train_loss=0.3726 test_loss=3.8021 | train_acc=0.9588 test_acc=0.1506 | ‖W‖=61.01 rank=38.1 fourier=0.152 | time=75.0s
Step 13900 | train_loss=0.1632 test_loss=3.5691 | train_acc=0.9923 test_acc=0.1978 | ‖W‖=62.29 rank=38.4 fourier=0.150 | time=75.6s
Step 14000 | train_loss=0.1141 test_loss=3.4184 | train_acc=0.9990 test_acc=0.2199 | ‖W‖=60.60 rank=37.6 fourier=0.150 | time=76.1s
Step 14100 | train_loss=0.2544 test_loss=3.6717 | train_acc=0.9751 test_acc=0.1732 | ‖W‖=63.18 rank=39.3 fourier=0.153 | time=76.7s
Step 14200 | train_loss=0.0869 test_loss=3.4229 | train_acc=1.0000 test_acc=0.2240 | ‖W‖=61.46 rank=38.2 fourier=0.150 | time=77.2s
Step 14300 | train_loss=0.1731 test_loss=3.3843 | train_acc=0.9875 test_acc=0.2253 | ‖W‖=60.01 rank=37.3 fourier=0.152 | time=77.8s
Step 14400 | train_loss=0.2355 test_loss=3.6967 | train_acc=0.9904 test_acc=0.1773 | ‖W‖=63.16 rank=39.0 fourier=0.153 | time=78.3s
Step 14500 | train_loss=0.1630 test_loss=3.6420 | train_acc=0.9904 test_acc=0.2027 | ‖W‖=61.16 rank=38.0 fourier=0.152 | time=78.9s
Step 14600 | train_loss=0.2065 test_loss=3.5982 | train_acc=0.9799 test_acc=0.1937 | ‖W‖=61.73 rank=38.3 fourier=0.153 | time=79.4s
Step 14700 | train_loss=0.2762 test_loss=3.7187 | train_acc=0.9646 test_acc=0.1810 | ‖W‖=61.50 rank=38.1 fourier=0.152 | time=80.0s
Step 14800 | train_loss=0.2606 test_loss=3.6492 | train_acc=0.9751 test_acc=0.1879 | ‖W‖=61.40 rank=38.1 fourier=0.152 | time=80.5s
Step 14900 | train_loss=0.1463 test_loss=3.5637 | train_acc=0.9933 test_acc=0.1974 | ‖W‖=61.12 rank=37.8 fourier=0.152 | time=81.0s
Step 15000 | train_loss=0.5610 test_loss=3.9517 | train_acc=0.8831 test_acc=0.1375 | ‖W‖=63.02 rank=39.9 fourier=0.152 | time=81.5s
Step 15100 | train_loss=0.0950 test_loss=3.4602 | train_acc=1.0000 test_acc=0.2138 | ‖W‖=61.30 rank=38.2 fourier=0.152 | time=82.2s
Step 15200 | train_loss=0.2069 test_loss=3.5553 | train_acc=0.9837 test_acc=0.2031 | ‖W‖=60.45 rank=37.5 fourier=0.151 | time=82.7s
Step 15300 | train_loss=0.2110 test_loss=3.6667 | train_acc=0.9818 test_acc=0.1805 | ‖W‖=62.19 rank=38.3 fourier=0.151 | time=83.2s
Step 15400 | train_loss=0.0881 test_loss=3.4488 | train_acc=1.0000 test_acc=0.2134 | ‖W‖=60.52 rank=37.6 fourier=0.150 | time=83.8s
Step 15500 | train_loss=0.4758 test_loss=3.7179 | train_acc=0.9262 test_acc=0.1526 | ‖W‖=60.03 rank=38.2 fourier=0.153 | time=84.3s
Step 15600 | train_loss=0.1241 test_loss=3.4083 | train_acc=0.9971 test_acc=0.2195 | ‖W‖=61.86 rank=38.7 fourier=0.153 | time=84.8s
Step 15700 | train_loss=0.0797 test_loss=3.3275 | train_acc=0.9990 test_acc=0.2257 | ‖W‖=59.39 rank=37.5 fourier=0.152 | time=85.3s
Step 15800 | train_loss=0.3307 test_loss=3.6298 | train_acc=0.9579 test_acc=0.1826 | ‖W‖=62.11 rank=38.5 fourier=0.155 | time=85.9s
Step 15900 | train_loss=0.1190 test_loss=3.4555 | train_acc=0.9990 test_acc=0.2117 | ‖W‖=60.99 rank=38.2 fourier=0.153 | time=86.5s
Step 16000 | train_loss=0.4706 test_loss=3.9083 | train_acc=0.9052 test_acc=0.1416 | ‖W‖=61.63 rank=38.7 fourier=0.155 | time=87.0s
Step 16100 | train_loss=0.0771 test_loss=3.3796 | train_acc=1.0000 test_acc=0.2204 | ‖W‖=59.98 rank=37.7 fourier=0.152 | time=87.5s
Step 16200 | train_loss=0.3411 test_loss=3.6594 | train_acc=0.9684 test_acc=0.1826 | ‖W‖=58.72 rank=37.2 fourier=0.152 | time=88.1s
Step 16300 | train_loss=0.1340 test_loss=3.4517 | train_acc=0.9981 test_acc=0.2162 | ‖W‖=61.35 rank=38.3 fourier=0.153 | time=88.7s
Step 16400 | train_loss=0.1038 test_loss=3.3125 | train_acc=0.9952 test_acc=0.2310 | ‖W‖=58.86 rank=37.0 fourier=0.151 | time=89.2s
Step 16500 | train_loss=0.5787 test_loss=3.9297 | train_acc=0.8745 test_acc=0.1572 | ‖W‖=61.15 rank=38.5 fourier=0.153 | time=89.7s
Step 16600 | train_loss=0.1067 test_loss=3.4627 | train_acc=0.9981 test_acc=0.2117 | ‖W‖=61.13 rank=38.4 fourier=0.152 | time=90.3s
Step 16700 | train_loss=0.1015 test_loss=3.4024 | train_acc=0.9990 test_acc=0.2158 | ‖W‖=59.01 rank=37.3 fourier=0.151 | time=90.8s
Step 16800 | train_loss=0.4834 test_loss=3.7536 | train_acc=0.9109 test_acc=0.1654 | ‖W‖=61.58 rank=39.0 fourier=0.156 | time=91.3s
Step 16900 | train_loss=0.1450 test_loss=3.5447 | train_acc=0.9923 test_acc=0.2019 | ‖W‖=60.64 rank=38.3 fourier=0.152 | time=91.8s
Step 17000 | train_loss=0.1388 test_loss=3.4812 | train_acc=0.9962 test_acc=0.2101 | ‖W‖=59.37 rank=37.4 fourier=0.152 | time=92.5s
Step 17100 | train_loss=0.5341 test_loss=3.9246 | train_acc=0.9052 test_acc=0.1485 | ‖W‖=60.88 rank=38.4 fourier=0.155 | time=93.0s
Step 17200 | train_loss=0.1526 test_loss=3.5407 | train_acc=0.9952 test_acc=0.2007 | ‖W‖=61.05 rank=38.6 fourier=0.153 | time=93.5s
Step 17300 | train_loss=0.0932 test_loss=3.3635 | train_acc=0.9962 test_acc=0.2306 | ‖W‖=58.65 rank=37.2 fourier=0.152 | time=94.0s
Step 17400 | train_loss=0.3541 test_loss=3.6066 | train_acc=0.9607 test_acc=0.1847 | ‖W‖=59.93 rank=37.7 fourier=0.155 | time=94.7s
Step 17500 | train_loss=0.3058 test_loss=3.7936 | train_acc=0.9674 test_acc=0.1699 | ‖W‖=61.48 rank=38.8 fourier=0.153 | time=95.2s
Step 17600 | train_loss=0.1038 test_loss=3.4551 | train_acc=1.0000 test_acc=0.2158 | ‖W‖=59.34 rank=37.9 fourier=0.152 | time=95.7s
Step 17700 | train_loss=0.1093 test_loss=3.3145 | train_acc=0.9981 test_acc=0.2240 | ‖W‖=57.71 rank=36.9 fourier=0.153 | time=96.2s
Step 17800 | train_loss=0.4577 test_loss=3.7259 | train_acc=0.9320 test_acc=0.1633 | ‖W‖=60.53 rank=38.9 fourier=0.155 | time=96.8s
Step 17900 | train_loss=0.0820 test_loss=3.3835 | train_acc=0.9990 test_acc=0.2286 | ‖W‖=59.45 rank=37.9 fourier=0.152 | time=97.3s
Step 18000 | train_loss=0.1142 test_loss=3.3446 | train_acc=0.9962 test_acc=0.2240 | ‖W‖=58.46 rank=37.3 fourier=0.152 | time=97.8s
Step 18100 | train_loss=0.3765 test_loss=3.7874 | train_acc=0.9464 test_acc=0.1584 | ‖W‖=60.36 rank=38.6 fourier=0.154 | time=98.4s
Step 18200 | train_loss=0.1891 test_loss=3.6302 | train_acc=0.9818 test_acc=0.1998 | ‖W‖=59.57 rank=38.1 fourier=0.153 | time=99.0s
Step 18300 | train_loss=0.0952 test_loss=3.4069 | train_acc=0.9971 test_acc=0.2302 | ‖W‖=58.98 rank=37.9 fourier=0.153 | time=99.5s
Step 18400 | train_loss=0.1673 test_loss=3.4992 | train_acc=0.9933 test_acc=0.2097 | ‖W‖=58.05 rank=37.3 fourier=0.153 | time=100.0s
Step 18500 | train_loss=0.1721 test_loss=3.4765 | train_acc=0.9895 test_acc=0.2101 | ‖W‖=58.41 rank=37.3 fourier=0.154 | time=100.6s
Step 18600 | train_loss=0.4107 test_loss=3.7445 | train_acc=0.9397 test_acc=0.1760 | ‖W‖=60.01 rank=38.9 fourier=0.156 | time=101.2s
Step 18700 | train_loss=0.1104 test_loss=3.5144 | train_acc=0.9962 test_acc=0.2183 | ‖W‖=58.75 rank=38.2 fourier=0.152 | time=101.7s
Step 18800 | train_loss=0.1650 test_loss=3.4753 | train_acc=0.9866 test_acc=0.2216 | ‖W‖=56.82 rank=37.2 fourier=0.152 | time=102.2s
Step 18900 | train_loss=0.2193 test_loss=3.5139 | train_acc=0.9875 test_acc=0.1929 | ‖W‖=59.56 rank=38.6 fourier=0.153 | time=102.7s
Step 19000 | train_loss=0.1423 test_loss=3.4226 | train_acc=0.9962 test_acc=0.2134 | ‖W‖=57.77 rank=37.6 fourier=0.152 | time=103.3s
Step 19100 | train_loss=0.2893 test_loss=3.6112 | train_acc=0.9713 test_acc=0.1826 | ‖W‖=58.62 rank=38.2 fourier=0.154 | time=103.8s
Step 19200 | train_loss=0.1736 test_loss=3.4902 | train_acc=0.9895 test_acc=0.2060 | ‖W‖=58.38 rank=38.0 fourier=0.154 | time=104.4s
Step 19300 | train_loss=0.2052 test_loss=3.4285 | train_acc=0.9808 test_acc=0.2076 | ‖W‖=56.91 rank=37.3 fourier=0.154 | time=104.9s
Step 19400 | train_loss=0.2624 test_loss=3.6472 | train_acc=0.9799 test_acc=0.1859 | ‖W‖=58.83 rank=38.3 fourier=0.153 | time=105.5s
Step 19500 | train_loss=0.0760 test_loss=3.2741 | train_acc=0.9990 test_acc=0.2413 | ‖W‖=57.06 rank=37.5 fourier=0.153 | time=106.0s
Step 19600 | train_loss=0.4252 test_loss=3.7455 | train_acc=0.9310 test_acc=0.1625 | ‖W‖=56.91 rank=37.6 fourier=0.154 | time=106.6s
Step 19700 | train_loss=0.2682 test_loss=3.7168 | train_acc=0.9713 test_acc=0.1818 | ‖W‖=59.20 rank=39.0 fourier=0.154 | time=107.1s
Step 19800 | train_loss=0.0764 test_loss=3.3633 | train_acc=1.0000 test_acc=0.2376 | ‖W‖=57.02 rank=38.0 fourier=0.152 | time=107.7s
Step 19900 | train_loss=0.1827 test_loss=3.4455 | train_acc=0.9923 test_acc=0.2126 | ‖W‖=56.40 rank=37.4 fourier=0.154 | time=108.2s
Step 20000 | train_loss=0.2911 test_loss=3.7135 | train_acc=0.9674 test_acc=0.1810 | ‖W‖=58.16 rank=38.3 fourier=0.154 | time=108.7s
Step 20100 | train_loss=0.2005 test_loss=3.5802 | train_acc=0.9828 test_acc=0.2072 | ‖W‖=58.39 rank=38.4 fourier=0.154 | time=109.3s
Step 20200 | train_loss=0.0923 test_loss=3.3155 | train_acc=1.0000 test_acc=0.2286 | ‖W‖=56.64 rank=37.4 fourier=0.154 | time=109.9s
Step 20300 | train_loss=0.3187 test_loss=3.5977 | train_acc=0.9770 test_acc=0.1793 | ‖W‖=56.65 rank=37.8 fourier=0.153 | time=110.4s
Step 20400 | train_loss=0.4099 test_loss=3.7416 | train_acc=0.9320 test_acc=0.1674 | ‖W‖=58.81 rank=39.0 fourier=0.155 | time=110.9s
Step 20500 | train_loss=0.1064 test_loss=3.3655 | train_acc=0.9943 test_acc=0.2294 | ‖W‖=57.23 rank=38.0 fourier=0.154 | time=111.5s
Step 20600 | train_loss=0.1330 test_loss=3.2970 | train_acc=1.0000 test_acc=0.2245 | ‖W‖=56.43 rank=37.3 fourier=0.155 | time=112.0s
Step 20700 | train_loss=0.1395 test_loss=3.3279 | train_acc=0.9971 test_acc=0.2269 | ‖W‖=55.70 rank=36.9 fourier=0.155 | time=112.5s
Step 20800 | train_loss=0.4508 test_loss=3.7786 | train_acc=0.9167 test_acc=0.1645 | ‖W‖=58.19 rank=38.6 fourier=0.156 | time=113.0s
Step 20900 | train_loss=0.0918 test_loss=3.3483 | train_acc=1.0000 test_acc=0.2261 | ‖W‖=56.99 rank=38.0 fourier=0.154 | time=113.6s
Step 21000 | train_loss=0.1279 test_loss=3.3102 | train_acc=0.9990 test_acc=0.2228 | ‖W‖=55.37 rank=37.1 fourier=0.154 | time=114.2s
Step 21100 | train_loss=0.5339 test_loss=3.7582 | train_acc=0.9119 test_acc=0.1494 | ‖W‖=57.47 rank=38.4 fourier=0.157 | time=114.7s
Step 21200 | train_loss=0.1421 test_loss=3.4174 | train_acc=0.9962 test_acc=0.2130 | ‖W‖=57.54 rank=38.1 fourier=0.153 | time=115.2s
Step 21300 | train_loss=0.1037 test_loss=3.2915 | train_acc=0.9990 test_acc=0.2281 | ‖W‖=55.87 rank=37.4 fourier=0.154 | time=115.9s
Step 21400 | train_loss=0.1723 test_loss=3.4216 | train_acc=0.9962 test_acc=0.1929 | ‖W‖=56.16 rank=37.3 fourier=0.155 | time=116.4s
Step 21500 | train_loss=0.2694 test_loss=3.6250 | train_acc=0.9799 test_acc=0.1879 | ‖W‖=58.17 rank=39.0 fourier=0.156 | time=116.9s
Step 21600 | train_loss=0.2110 test_loss=3.5937 | train_acc=0.9837 test_acc=0.1957 | ‖W‖=57.27 rank=38.2 fourier=0.154 | time=117.4s
Step 21700 | train_loss=0.2077 test_loss=3.5245 | train_acc=0.9875 test_acc=0.2015 | ‖W‖=56.65 rank=37.7 fourier=0.153 | time=118.0s
Step 21800 | train_loss=0.2362 test_loss=3.6080 | train_acc=0.9789 test_acc=0.1953 | ‖W‖=56.91 rank=37.6 fourier=0.155 | time=118.5s
Step 21900 | train_loss=0.1116 test_loss=3.3152 | train_acc=0.9971 test_acc=0.2249 | ‖W‖=55.52 rank=37.0 fourier=0.154 | time=119.0s
Step 22000 | train_loss=0.3640 test_loss=3.6395 | train_acc=0.9559 test_acc=0.1867 | ‖W‖=58.41 rank=38.7 fourier=0.157 | time=119.5s
Step 22100 | train_loss=0.0894 test_loss=3.3937 | train_acc=0.9990 test_acc=0.2257 | ‖W‖=56.59 rank=37.5 fourier=0.154 | time=120.2s
Step 22200 | train_loss=0.1904 test_loss=3.4074 | train_acc=0.9847 test_acc=0.2060 | ‖W‖=55.22 rank=36.7 fourier=0.154 | time=120.7s
Step 22300 | train_loss=0.3461 test_loss=3.6800 | train_acc=0.9636 test_acc=0.1826 | ‖W‖=58.81 rank=38.9 fourier=0.155 | time=121.2s
Step 22400 | train_loss=0.0804 test_loss=3.3474 | train_acc=0.9990 test_acc=0.2417 | ‖W‖=56.49 rank=37.6 fourier=0.153 | time=121.7s
Step 22500 | train_loss=0.1665 test_loss=3.3470 | train_acc=0.9914 test_acc=0.2113 | ‖W‖=56.48 rank=37.0 fourier=0.155 | time=122.4s
Step 22600 | train_loss=0.3432 test_loss=3.6135 | train_acc=0.9550 test_acc=0.1875 | ‖W‖=57.39 rank=37.9 fourier=0.156 | time=122.9s
Step 22700 | train_loss=0.2950 test_loss=3.5700 | train_acc=0.9655 test_acc=0.1941 | ‖W‖=58.20 rank=38.5 fourier=0.154 | time=123.4s
Step 22800 | train_loss=0.1756 test_loss=3.4191 | train_acc=0.9895 test_acc=0.2183 | ‖W‖=56.60 rank=37.5 fourier=0.155 | time=123.9s
Step 22900 | train_loss=0.1126 test_loss=3.3711 | train_acc=0.9990 test_acc=0.2343 | ‖W‖=56.94 rank=37.3 fourier=0.154 | time=124.5s
Step 23000 | train_loss=0.5530 test_loss=3.7473 | train_acc=0.8831 test_acc=0.1563 | ‖W‖=57.45 rank=37.9 fourier=0.154 | time=125.0s
Step 23100 | train_loss=0.2004 test_loss=3.5897 | train_acc=0.9866 test_acc=0.1978 | ‖W‖=58.59 rank=38.4 fourier=0.154 | time=125.5s
Step 23200 | train_loss=0.0953 test_loss=3.3070 | train_acc=0.9971 test_acc=0.2314 | ‖W‖=56.08 rank=37.2 fourier=0.155 | time=126.1s
Step 23300 | train_loss=0.1786 test_loss=3.4667 | train_acc=0.9943 test_acc=0.2240 | ‖W‖=57.57 rank=37.9 fourier=0.155 | time=126.7s
Step 23400 | train_loss=0.1698 test_loss=3.3752 | train_acc=0.9962 test_acc=0.2121 | ‖W‖=55.72 rank=37.0 fourier=0.155 | time=127.2s
Step 23500 | train_loss=0.1747 test_loss=3.4323 | train_acc=0.9866 test_acc=0.2064 | ‖W‖=57.62 rank=37.8 fourier=0.154 | time=127.7s
Step 23600 | train_loss=0.1466 test_loss=3.3449 | train_acc=0.9952 test_acc=0.2240 | ‖W‖=56.03 rank=37.1 fourier=0.155 | time=128.3s
Step 23700 | train_loss=0.2613 test_loss=3.5599 | train_acc=0.9741 test_acc=0.2048 | ‖W‖=58.07 rank=38.2 fourier=0.155 | time=128.9s
Step 23800 | train_loss=0.0788 test_loss=3.2571 | train_acc=1.0000 test_acc=0.2442 | ‖W‖=56.56 rank=37.5 fourier=0.155 | time=129.4s
Step 23900 | train_loss=0.2443 test_loss=3.4200 | train_acc=0.9837 test_acc=0.2126 | ‖W‖=55.64 rank=37.0 fourier=0.157 | time=129.9s
Step 24000 | train_loss=0.1805 test_loss=3.4609 | train_acc=0.9856 test_acc=0.2039 | ‖W‖=57.34 rank=37.9 fourier=0.153 | time=130.4s
Step 24100 | train_loss=0.1090 test_loss=3.2854 | train_acc=1.0000 test_acc=0.2277 | ‖W‖=56.25 rank=37.4 fourier=0.156 | time=131.0s
Step 24200 | train_loss=0.2323 test_loss=3.5702 | train_acc=0.9866 test_acc=0.1888 | ‖W‖=56.71 rank=37.8 fourier=0.155 | time=131.5s
Step 24300 | train_loss=0.2471 test_loss=3.4014 | train_acc=0.9828 test_acc=0.2035 | ‖W‖=57.00 rank=38.2 fourier=0.157 | time=132.1s
Step 24400 | train_loss=0.4073 test_loss=3.7933 | train_acc=0.9349 test_acc=0.1777 | ‖W‖=55.89 rank=37.7 fourier=0.154 | time=132.7s
Step 24500 | train_loss=0.2062 test_loss=3.5275 | train_acc=0.9837 test_acc=0.1871 | ‖W‖=56.86 rank=38.0 fourier=0.155 | time=133.2s
Step 24600 | train_loss=0.1474 test_loss=3.3880 | train_acc=0.9933 test_acc=0.2138 | ‖W‖=56.01 rank=37.6 fourier=0.155 | time=133.7s
Step 24700 | train_loss=0.1249 test_loss=3.2663 | train_acc=0.9933 test_acc=0.2318 | ‖W‖=54.82 rank=37.0 fourier=0.155 | time=134.3s
Step 24800 | train_loss=0.3706 test_loss=3.7221 | train_acc=0.9636 test_acc=0.1666 | ‖W‖=57.37 rank=38.7 fourier=0.153 | time=134.9s
Step 24900 | train_loss=0.1303 test_loss=3.3335 | train_acc=0.9962 test_acc=0.2277 | ‖W‖=55.69 rank=37.4 fourier=0.154 | time=135.4s
Step 25000 | train_loss=0.1074 test_loss=3.3184 | train_acc=1.0000 test_acc=0.2286 | ‖W‖=55.65 rank=37.1 fourier=0.154 | time=135.9s
Step 25100 | train_loss=0.2551 test_loss=3.5845 | train_acc=0.9828 test_acc=0.1883 | ‖W‖=56.90 rank=38.2 fourier=0.156 | time=136.5s
Step 25200 | train_loss=0.1309 test_loss=3.4082 | train_acc=0.9923 test_acc=0.2261 | ‖W‖=55.83 rank=37.6 fourier=0.155 | time=137.1s
Step 25300 | train_loss=0.1751 test_loss=3.3755 | train_acc=0.9875 test_acc=0.2138 | ‖W‖=54.14 rank=36.7 fourier=0.155 | time=137.6s
Step 25400 | train_loss=0.2376 test_loss=3.4879 | train_acc=0.9837 test_acc=0.2162 | ‖W‖=57.16 rank=38.4 fourier=0.155 | time=138.1s
Step 25500 | train_loss=0.1001 test_loss=3.2729 | train_acc=0.9990 test_acc=0.2294 | ‖W‖=55.49 rank=37.5 fourier=0.154 | time=138.7s
Step 25600 | train_loss=0.2848 test_loss=3.6143 | train_acc=0.9617 test_acc=0.1945 | ‖W‖=55.90 rank=37.9 fourier=0.155 | time=139.3s
Step 25700 | train_loss=0.1064 test_loss=3.1855 | train_acc=0.9952 test_acc=0.2442 | ‖W‖=54.48 rank=37.1 fourier=0.155 | time=139.8s
Step 25800 | train_loss=0.3371 test_loss=3.5377 | train_acc=0.9598 test_acc=0.1933 | ‖W‖=55.49 rank=38.0 fourier=0.157 | time=140.3s
Step 25900 | train_loss=0.2508 test_loss=3.4210 | train_acc=0.9780 test_acc=0.2027 | ‖W‖=56.27 rank=38.2 fourier=0.155 | time=140.9s
Step 26000 | train_loss=0.1100 test_loss=3.2103 | train_acc=0.9933 test_acc=0.2437 | ‖W‖=54.38 rank=37.2 fourier=0.156 | time=141.4s
Step 26100 | train_loss=0.2692 test_loss=3.2855 | train_acc=0.9789 test_acc=0.2204 | ‖W‖=54.25 rank=36.9 fourier=0.156 | time=141.9s
Step 26200 | train_loss=0.3462 test_loss=3.5504 | train_acc=0.9531 test_acc=0.1953 | ‖W‖=56.66 rank=38.2 fourier=0.156 | time=142.4s
Step 26300 | train_loss=0.1706 test_loss=3.4194 | train_acc=0.9856 test_acc=0.2228 | ‖W‖=56.04 rank=37.9 fourier=0.156 | time=143.0s
Step 26400 | train_loss=0.1382 test_loss=3.3400 | train_acc=0.9952 test_acc=0.2302 | ‖W‖=54.23 rank=37.2 fourier=0.154 | time=143.6s
Step 26500 | train_loss=0.4037 test_loss=3.6861 | train_acc=0.9425 test_acc=0.1859 | ‖W‖=57.03 rank=38.9 fourier=0.156 | time=144.1s
Step 26600 | train_loss=0.0898 test_loss=3.3034 | train_acc=1.0000 test_acc=0.2413 | ‖W‖=55.41 rank=37.8 fourier=0.155 | time=144.6s
Step 26700 | train_loss=0.2322 test_loss=3.4157 | train_acc=0.9866 test_acc=0.2019 | ‖W‖=54.90 rank=37.4 fourier=0.157 | time=145.2s
Step 26800 | train_loss=0.2181 test_loss=3.4882 | train_acc=0.9818 test_acc=0.2101 | ‖W‖=55.95 rank=38.0 fourier=0.156 | time=145.8s
Step 26900 | train_loss=0.1062 test_loss=3.1600 | train_acc=0.9971 test_acc=0.2474 | ‖W‖=54.71 rank=37.3 fourier=0.157 | time=146.3s
Step 27000 | train_loss=0.2163 test_loss=3.4866 | train_acc=0.9837 test_acc=0.2068 | ‖W‖=55.70 rank=37.9 fourier=0.155 | time=146.8s
Step 27100 | train_loss=0.2295 test_loss=3.5212 | train_acc=0.9770 test_acc=0.2031 | ‖W‖=55.60 rank=37.9 fourier=0.156 | time=147.4s
Step 27200 | train_loss=0.2054 test_loss=3.4731 | train_acc=0.9847 test_acc=0.2080 | ‖W‖=54.95 rank=37.4 fourier=0.155 | time=147.9s
Step 27300 | train_loss=0.1914 test_loss=3.2837 | train_acc=0.9885 test_acc=0.2335 | ‖W‖=55.21 rank=37.5 fourier=0.157 | time=148.4s
Step 27400 | train_loss=0.1809 test_loss=3.2886 | train_acc=0.9923 test_acc=0.2286 | ‖W‖=55.76 rank=37.9 fourier=0.156 | time=148.9s
Step 27500 | train_loss=0.2009 test_loss=3.4725 | train_acc=0.9828 test_acc=0.2154 | ‖W‖=54.36 rank=37.2 fourier=0.156 | time=149.6s
Step 27600 | train_loss=0.2877 test_loss=3.3913 | train_acc=0.9770 test_acc=0.2126 | ‖W‖=55.34 rank=37.6 fourier=0.156 | time=150.1s
Step 27700 | train_loss=0.1477 test_loss=3.3332 | train_acc=0.9933 test_acc=0.2228 | ‖W‖=56.47 rank=38.5 fourier=0.155 | time=150.6s
Step 27800 | train_loss=0.2911 test_loss=3.4208 | train_acc=0.9693 test_acc=0.2039 | ‖W‖=55.10 rank=37.7 fourier=0.156 | time=151.1s
Step 27900 | train_loss=0.1723 test_loss=3.3500 | train_acc=0.9895 test_acc=0.2179 | ‖W‖=55.93 rank=38.0 fourier=0.158 | time=151.7s
Step 28000 | train_loss=0.1046 test_loss=3.1790 | train_acc=1.0000 test_acc=0.2544 | ‖W‖=53.86 rank=37.0 fourier=0.157 | time=152.3s
Step 28100 | train_loss=0.5188 test_loss=3.6397 | train_acc=0.9042 test_acc=0.1695 | ‖W‖=55.32 rank=37.7 fourier=0.156 | time=152.8s
Step 28200 | train_loss=0.1634 test_loss=3.3168 | train_acc=0.9885 test_acc=0.2150 | ‖W‖=56.56 rank=38.4 fourier=0.156 | time=153.3s
Step 28300 | train_loss=0.1109 test_loss=3.1660 | train_acc=0.9962 test_acc=0.2495 | ‖W‖=54.56 rank=37.3 fourier=0.156 | time=153.9s
Step 28400 | train_loss=0.3023 test_loss=3.3996 | train_acc=0.9655 test_acc=0.2064 | ‖W‖=53.84 rank=37.2 fourier=0.156 | time=154.4s
Step 28500 | train_loss=0.2719 test_loss=3.4374 | train_acc=0.9770 test_acc=0.2056 | ‖W‖=55.79 rank=38.1 fourier=0.156 | time=154.9s
Step 28600 | train_loss=0.4403 test_loss=3.6694 | train_acc=0.9291 test_acc=0.1682 | ‖W‖=56.09 rank=38.4 fourier=0.157 | time=155.5s
Step 28700 | train_loss=0.0988 test_loss=3.2403 | train_acc=1.0000 test_acc=0.2532 | ‖W‖=55.37 rank=37.9 fourier=0.155 | time=156.1s
Step 28800 | train_loss=0.2479 test_loss=3.3496 | train_acc=0.9799 test_acc=0.2183 | ‖W‖=54.18 rank=37.4 fourier=0.156 | time=156.6s
Step 28900 | train_loss=0.1617 test_loss=3.2434 | train_acc=0.9981 test_acc=0.2273 | ‖W‖=55.51 rank=37.7 fourier=0.156 | time=157.1s
Step 29000 | train_loss=0.1374 test_loss=3.2748 | train_acc=0.9943 test_acc=0.2429 | ‖W‖=54.04 rank=37.1 fourier=0.156 | time=157.7s
Step 29100 | train_loss=0.3720 test_loss=3.4308 | train_acc=0.9483 test_acc=0.1994 | ‖W‖=56.11 rank=38.4 fourier=0.157 | time=158.3s
Step 29200 | train_loss=0.1268 test_loss=3.3132 | train_acc=0.9962 test_acc=0.2343 | ‖W‖=55.40 rank=37.9 fourier=0.155 | time=158.8s
Step 29300 | train_loss=0.1070 test_loss=3.1670 | train_acc=1.0000 test_acc=0.2462 | ‖W‖=53.50 rank=36.9 fourier=0.155 | time=159.3s
Step 29400 | train_loss=0.3378 test_loss=3.4949 | train_acc=0.9550 test_acc=0.1879 | ‖W‖=56.71 rank=38.8 fourier=0.158 | time=159.8s
Step 29500 | train_loss=0.0822 test_loss=3.0671 | train_acc=1.0000 test_acc=0.2581 | ‖W‖=54.28 rank=37.6 fourier=0.156 | time=160.4s
Step 29600 | train_loss=0.3087 test_loss=3.3146 | train_acc=0.9588 test_acc=0.2138 | ‖W‖=55.48 rank=38.1 fourier=0.157 | time=160.9s
Step 29700 | train_loss=0.1886 test_loss=3.4304 | train_acc=0.9933 test_acc=0.2076 | ‖W‖=55.83 rank=38.3 fourier=0.155 | time=161.5s
Step 29800 | train_loss=0.0990 test_loss=3.1191 | train_acc=1.0000 test_acc=0.2519 | ‖W‖=53.71 rank=37.2 fourier=0.155 | time=162.0s
Step 29900 | train_loss=0.4099 test_loss=3.3678 | train_acc=0.9416 test_acc=0.1888 | ‖W‖=54.67 rank=37.8 fourier=0.158 | time=162.6s
Step 30000 | train_loss=0.1214 test_loss=3.1739 | train_acc=0.9971 test_acc=0.2474 | ‖W‖=55.58 rank=38.0 fourier=0.156 | time=163.1s
Step 30100 | train_loss=0.2188 test_loss=3.3866 | train_acc=0.9693 test_acc=0.2261 | ‖W‖=54.35 rank=37.5 fourier=0.155 | time=163.6s
Step 30200 | train_loss=0.1268 test_loss=3.1569 | train_acc=0.9971 test_acc=0.2359 | ‖W‖=54.28 rank=37.4 fourier=0.156 | time=164.2s
Step 30300 | train_loss=0.4090 test_loss=3.4949 | train_acc=0.9377 test_acc=0.1855 | ‖W‖=56.35 rank=38.8 fourier=0.158 | time=164.8s
Step 30400 | train_loss=0.1392 test_loss=3.2047 | train_acc=0.9923 test_acc=0.2359 | ‖W‖=55.00 rank=37.7 fourier=0.155 | time=165.3s
Step 30500 | train_loss=0.1211 test_loss=3.0478 | train_acc=1.0000 test_acc=0.2659 | ‖W‖=53.97 rank=37.2 fourier=0.158 | time=165.9s
Step 30600 | train_loss=0.3262 test_loss=3.3246 | train_acc=0.9636 test_acc=0.2130 | ‖W‖=54.29 rank=37.4 fourier=0.157 | time=166.4s
Step 30700 | train_loss=0.2086 test_loss=3.2749 | train_acc=0.9828 test_acc=0.2138 | ‖W‖=55.11 rank=37.5 fourier=0.157 | time=167.0s
Step 30800 | train_loss=0.2678 test_loss=3.5218 | train_acc=0.9741 test_acc=0.1945 | ‖W‖=54.55 rank=37.6 fourier=0.156 | time=167.5s
Step 30900 | train_loss=0.2395 test_loss=3.4068 | train_acc=0.9741 test_acc=0.2080 | ‖W‖=55.54 rank=38.0 fourier=0.155 | time=168.1s
Step 31000 | train_loss=0.2148 test_loss=3.3523 | train_acc=0.9847 test_acc=0.2294 | ‖W‖=55.14 rank=37.9 fourier=0.156 | time=168.6s
Step 31100 | train_loss=0.1162 test_loss=3.1996 | train_acc=0.9981 test_acc=0.2421 | ‖W‖=54.99 rank=37.5 fourier=0.156 | time=169.2s
Step 31200 | train_loss=0.1102 test_loss=3.0035 | train_acc=0.9962 test_acc=0.2688 | ‖W‖=53.76 rank=36.9 fourier=0.157 | time=169.7s
Step 31300 | train_loss=0.2219 test_loss=3.2203 | train_acc=0.9780 test_acc=0.2405 | ‖W‖=56.30 rank=38.7 fourier=0.159 | time=170.2s
Step 31400 | train_loss=0.1196 test_loss=3.1702 | train_acc=0.9971 test_acc=0.2446 | ‖W‖=55.33 rank=38.1 fourier=0.156 | time=170.7s
Step 31500 | train_loss=0.1013 test_loss=2.9813 | train_acc=0.9971 test_acc=0.2778 | ‖W‖=53.19 rank=37.0 fourier=0.157 | time=171.3s
Step 31600 | train_loss=0.4376 test_loss=3.4242 | train_acc=0.9358 test_acc=0.1933 | ‖W‖=56.58 rank=39.3 fourier=0.159 | time=171.8s
Step 31700 | train_loss=0.1157 test_loss=3.0752 | train_acc=0.9952 test_acc=0.2577 | ‖W‖=55.22 rank=38.1 fourier=0.156 | time=172.4s
Step 31800 | train_loss=0.4196 test_loss=3.4084 | train_acc=0.9454 test_acc=0.1961 | ‖W‖=54.25 rank=37.8 fourier=0.156 | time=172.9s
Step 31900 | train_loss=0.2563 test_loss=3.3814 | train_acc=0.9818 test_acc=0.2068 | ‖W‖=55.88 rank=38.4 fourier=0.156 | time=173.5s
Step 32000 | train_loss=0.1439 test_loss=3.1353 | train_acc=0.9904 test_acc=0.2421 | ‖W‖=55.07 rank=37.7 fourier=0.156 | time=174.1s
Step 32100 | train_loss=0.3875 test_loss=3.4504 | train_acc=0.9397 test_acc=0.1998 | ‖W‖=55.93 rank=38.5 fourier=0.156 | time=174.6s
Step 32200 | train_loss=0.2541 test_loss=3.2906 | train_acc=0.9713 test_acc=0.2306 | ‖W‖=55.40 rank=38.1 fourier=0.157 | time=175.1s
Step 32300 | train_loss=0.2066 test_loss=3.2415 | train_acc=0.9808 test_acc=0.2343 | ‖W‖=55.42 rank=38.1 fourier=0.156 | time=175.7s
Step 32400 | train_loss=0.0977 test_loss=2.9274 | train_acc=0.9981 test_acc=0.2840 | ‖W‖=53.85 rank=37.5 fourier=0.156 | time=176.2s
Step 32500 | train_loss=0.1968 test_loss=3.0953 | train_acc=0.9885 test_acc=0.2487 | ‖W‖=55.36 rank=38.4 fourier=0.158 | time=176.7s
Step 32600 | train_loss=0.1116 test_loss=3.0662 | train_acc=0.9952 test_acc=0.2569 | ‖W‖=54.25 rank=37.5 fourier=0.156 | time=177.2s
Step 32700 | train_loss=0.1981 test_loss=3.0537 | train_acc=0.9895 test_acc=0.2548 | ‖W‖=53.49 rank=37.3 fourier=0.157 | time=177.8s
Step 32800 | train_loss=0.6670 test_loss=3.7204 | train_acc=0.8554 test_acc=0.1723 | ‖W‖=56.30 rank=39.1 fourier=0.156 | time=178.4s
Step 32900 | train_loss=0.1449 test_loss=3.2006 | train_acc=0.9847 test_acc=0.2409 | ‖W‖=55.38 rank=38.4 fourier=0.154 | time=178.9s
Step 33000 | train_loss=0.0996 test_loss=2.9473 | train_acc=0.9990 test_acc=0.2782 | ‖W‖=53.66 rank=37.4 fourier=0.155 | time=179.4s
Step 33100 | train_loss=0.3820 test_loss=3.3517 | train_acc=0.9483 test_acc=0.2093 | ‖W‖=54.98 rank=38.1 fourier=0.156 | time=180.0s
Step 33200 | train_loss=0.2094 test_loss=3.2313 | train_acc=0.9751 test_acc=0.2277 | ‖W‖=55.87 rank=38.3 fourier=0.156 | time=180.6s
Step 33300 | train_loss=0.0999 test_loss=2.9824 | train_acc=0.9971 test_acc=0.2671 | ‖W‖=54.73 rank=37.7 fourier=0.156 | time=181.1s
Step 33400 | train_loss=0.3251 test_loss=3.3104 | train_acc=0.9598 test_acc=0.2076 | ‖W‖=55.50 rank=38.2 fourier=0.158 | time=181.6s
Step 33500 | train_loss=0.1802 test_loss=3.1600 | train_acc=0.9818 test_acc=0.2392 | ‖W‖=55.36 rank=38.2 fourier=0.156 | time=182.2s
Step 33600 | train_loss=0.1921 test_loss=3.1202 | train_acc=0.9933 test_acc=0.2474 | ‖W‖=54.17 rank=37.7 fourier=0.157 | time=182.7s
Step 33700 | train_loss=0.1466 test_loss=3.1665 | train_acc=0.9952 test_acc=0.2323 | ‖W‖=55.13 rank=38.0 fourier=0.156 | time=183.2s
Step 33800 | train_loss=0.3274 test_loss=3.4423 | train_acc=0.9588 test_acc=0.2052 | ‖W‖=56.03 rank=38.8 fourier=0.157 | time=183.7s
Step 33900 | train_loss=0.0801 test_loss=2.9473 | train_acc=0.9990 test_acc=0.2803 | ‖W‖=54.76 rank=38.3 fourier=0.157 | time=184.4s
Step 34000 | train_loss=0.3544 test_loss=3.3417 | train_acc=0.9550 test_acc=0.1990 | ‖W‖=54.26 rank=37.9 fourier=0.156 | time=184.9s
Step 34100 | train_loss=0.0995 test_loss=2.9166 | train_acc=1.0000 test_acc=0.2778 | ‖W‖=54.88 rank=37.9 fourier=0.158 | time=185.4s
Step 34200 | train_loss=0.1374 test_loss=2.9214 | train_acc=0.9990 test_acc=0.2774 | ‖W‖=53.61 rank=37.2 fourier=0.158 | time=185.9s
Step 34300 | train_loss=0.4896 test_loss=3.2960 | train_acc=0.9330 test_acc=0.1920 | ‖W‖=55.56 rank=38.6 fourier=0.158 | time=186.6s
Step 34400 | train_loss=0.1205 test_loss=3.0152 | train_acc=0.9952 test_acc=0.2614 | ‖W‖=55.75 rank=38.4 fourier=0.156 | time=187.1s
Step 34500 | train_loss=0.2553 test_loss=3.3455 | train_acc=0.9607 test_acc=0.2253 | ‖W‖=55.85 rank=38.4 fourier=0.157 | time=187.6s
Step 34600 | train_loss=0.1125 test_loss=2.9634 | train_acc=0.9990 test_acc=0.2684 | ‖W‖=53.76 rank=37.4 fourier=0.157 | time=188.1s
Step 34700 | train_loss=0.1624 test_loss=3.0098 | train_acc=0.9895 test_acc=0.2602 | ‖W‖=55.28 rank=37.9 fourier=0.157 | time=188.7s
Step 34800 | train_loss=0.2760 test_loss=3.3964 | train_acc=0.9665 test_acc=0.2089 | ‖W‖=56.07 rank=38.5 fourier=0.157 | time=189.2s
Step 34900 | train_loss=0.1613 test_loss=2.9997 | train_acc=0.9933 test_acc=0.2704 | ‖W‖=54.85 rank=38.0 fourier=0.158 | time=189.7s
Step 35000 | train_loss=0.1358 test_loss=2.9720 | train_acc=0.9962 test_acc=0.2762 | ‖W‖=55.81 rank=38.2 fourier=0.158 | time=190.3s
Step 35100 | train_loss=0.1245 test_loss=2.9319 | train_acc=0.9971 test_acc=0.2733 | ‖W‖=54.83 rank=37.9 fourier=0.158 | time=190.9s
Step 35200 | train_loss=0.2733 test_loss=3.1651 | train_acc=0.9761 test_acc=0.2323 | ‖W‖=55.55 rank=38.5 fourier=0.158 | time=191.4s
Step 35300 | train_loss=0.2283 test_loss=3.2245 | train_acc=0.9818 test_acc=0.2384 | ‖W‖=55.18 rank=38.1 fourier=0.157 | time=191.9s
Step 35400 | train_loss=0.1605 test_loss=3.1115 | train_acc=0.9962 test_acc=0.2466 | ‖W‖=55.28 rank=38.4 fourier=0.157 | time=192.5s
Step 35500 | train_loss=0.2139 test_loss=3.1335 | train_acc=0.9808 test_acc=0.2421 | ‖W‖=55.50 rank=38.5 fourier=0.156 | time=193.0s
Step 35600 | train_loss=0.1551 test_loss=3.0321 | train_acc=0.9971 test_acc=0.2556 | ‖W‖=54.96 rank=38.2 fourier=0.157 | time=193.5s
Step 35700 | train_loss=0.3998 test_loss=3.3736 | train_acc=0.9425 test_acc=0.2097 | ‖W‖=55.15 rank=38.4 fourier=0.159 | time=194.0s
Step 35800 | train_loss=0.1166 test_loss=2.8778 | train_acc=0.9990 test_acc=0.2790 | ‖W‖=55.99 rank=38.6 fourier=0.157 | time=194.7s
Step 35900 | train_loss=0.1048 test_loss=2.8716 | train_acc=0.9981 test_acc=0.2762 | ‖W‖=53.97 rank=37.7 fourier=0.157 | time=195.2s
Step 36000 | train_loss=0.4257 test_loss=3.4057 | train_acc=0.9282 test_acc=0.2011 | ‖W‖=56.75 rank=39.4 fourier=0.159 | time=195.7s
Step 36100 | train_loss=0.0848 test_loss=2.8788 | train_acc=0.9990 test_acc=0.2942 | ‖W‖=55.12 rank=38.4 fourier=0.157 | time=196.3s
Step 36200 | train_loss=0.3313 test_loss=3.2847 | train_acc=0.9636 test_acc=0.2224 | ‖W‖=55.65 rank=39.0 fourier=0.158 | time=196.9s
Step 36300 | train_loss=0.1286 test_loss=2.9406 | train_acc=0.9971 test_acc=0.2688 | ‖W‖=55.76 rank=38.6 fourier=0.159 | time=197.4s
Step 36400 | train_loss=0.2546 test_loss=3.0502 | train_acc=0.9741 test_acc=0.2511 | ‖W‖=54.17 rank=38.2 fourier=0.160 | time=197.9s
Step 36500 | train_loss=0.2343 test_loss=3.0485 | train_acc=0.9732 test_acc=0.2585 | ‖W‖=54.41 rank=37.7 fourier=0.159 | time=198.4s
Step 36600 | train_loss=0.2350 test_loss=3.2367 | train_acc=0.9789 test_acc=0.2232 | ‖W‖=56.41 rank=39.0 fourier=0.157 | time=199.0s
Step 36700 | train_loss=0.0963 test_loss=2.7788 | train_acc=0.9981 test_acc=0.2913 | ‖W‖=54.67 rank=38.0 fourier=0.158 | time=199.5s
Step 36800 | train_loss=0.1408 test_loss=2.8420 | train_acc=0.9981 test_acc=0.2803 | ‖W‖=54.15 rank=37.7 fourier=0.159 | time=200.0s
Step 36900 | train_loss=0.5138 test_loss=3.3606 | train_acc=0.9071 test_acc=0.1933 | ‖W‖=56.42 rank=39.2 fourier=0.157 | time=200.6s
Step 37000 | train_loss=0.1787 test_loss=3.0017 | train_acc=0.9856 test_acc=0.2716 | ‖W‖=57.02 rank=39.2 fourier=0.157 | time=201.2s
Step 37100 | train_loss=0.0812 test_loss=2.7514 | train_acc=1.0000 test_acc=0.3078 | ‖W‖=53.93 rank=38.0 fourier=0.157 | time=201.7s
Step 37200 | train_loss=0.4470 test_loss=3.2640 | train_acc=0.9052 test_acc=0.2105 | ‖W‖=54.26 rank=37.9 fourier=0.159 | time=202.2s
Step 37300 | train_loss=0.1908 test_loss=2.9485 | train_acc=0.9885 test_acc=0.2643 | ‖W‖=56.67 rank=39.0 fourier=0.160 | time=202.8s
Step 37400 | train_loss=0.0960 test_loss=2.7299 | train_acc=0.9981 test_acc=0.3053 | ‖W‖=54.32 rank=38.0 fourier=0.159 | time=203.4s
Step 37500 | train_loss=0.4313 test_loss=3.2950 | train_acc=0.9310 test_acc=0.2162 | ‖W‖=56.79 rank=39.2 fourier=0.159 | time=203.9s
Step 37600 | train_loss=0.1442 test_loss=2.9698 | train_acc=0.9943 test_acc=0.2708 | ‖W‖=56.34 rank=38.9 fourier=0.158 | time=204.4s
Step 37700 | train_loss=0.2317 test_loss=2.8677 | train_acc=0.9665 test_acc=0.2725 | ‖W‖=54.06 rank=37.9 fourier=0.158 | time=204.9s
Step 37800 | train_loss=0.3004 test_loss=3.0106 | train_acc=0.9655 test_acc=0.2544 | ‖W‖=56.31 rank=38.6 fourier=0.161 | time=205.5s
Step 37900 | train_loss=0.0992 test_loss=2.7939 | train_acc=1.0000 test_acc=0.2876 | ‖W‖=56.09 rank=38.5 fourier=0.160 | time=206.0s
Step 38000 | train_loss=0.2420 test_loss=2.9565 | train_acc=0.9732 test_acc=0.2499 | ‖W‖=54.50 rank=37.9 fourier=0.161 | time=206.6s
Step 38100 | train_loss=0.3884 test_loss=3.2039 | train_acc=0.9444 test_acc=0.2097 | ‖W‖=56.64 rank=39.1 fourier=0.160 | time=207.1s
Step 38200 | train_loss=0.0784 test_loss=2.7281 | train_acc=0.9981 test_acc=0.3102 | ‖W‖=55.43 rank=38.4 fourier=0.159 | time=207.7s
Step 38300 | train_loss=0.2238 test_loss=2.9442 | train_acc=0.9818 test_acc=0.2638 | ‖W‖=55.01 rank=38.0 fourier=0.161 | time=208.2s
Step 38400 | train_loss=0.2011 test_loss=2.9092 | train_acc=0.9885 test_acc=0.2782 | ‖W‖=56.22 rank=38.4 fourier=0.160 | time=208.8s
Step 38500 | train_loss=0.2123 test_loss=3.0287 | train_acc=0.9914 test_acc=0.2569 | ‖W‖=55.85 rank=38.5 fourier=0.161 | time=209.3s
Step 38600 | train_loss=0.3273 test_loss=3.1501 | train_acc=0.9531 test_acc=0.2437 | ‖W‖=56.93 rank=39.3 fourier=0.160 | time=209.9s
Step 38700 | train_loss=0.0790 test_loss=2.6851 | train_acc=1.0000 test_acc=0.3094 | ‖W‖=55.15 rank=38.4 fourier=0.161 | time=210.4s
Step 38800 | train_loss=0.4663 test_loss=3.0759 | train_acc=0.9358 test_acc=0.2359 | ‖W‖=55.23 rank=38.7 fourier=0.161 | time=210.9s
Step 38900 | train_loss=0.1361 test_loss=2.7856 | train_acc=0.9990 test_acc=0.2963 | ‖W‖=56.90 rank=39.1 fourier=0.159 | time=211.5s
Step 39000 | train_loss=0.1411 test_loss=2.6662 | train_acc=0.9962 test_acc=0.3131 | ‖W‖=54.87 rank=38.2 fourier=0.159 | time=212.0s
Step 39100 | train_loss=0.2838 test_loss=2.9686 | train_acc=0.9665 test_acc=0.2618 | ‖W‖=55.65 rank=38.5 fourier=0.159 | time=212.6s
Step 39200 | train_loss=0.2118 test_loss=2.9281 | train_acc=0.9818 test_acc=0.2692 | ‖W‖=55.44 rank=38.4 fourier=0.159 | time=213.1s
Step 39300 | train_loss=0.4167 test_loss=3.2946 | train_acc=0.9377 test_acc=0.2191 | ‖W‖=56.13 rank=39.1 fourier=0.158 | time=213.6s
Step 39400 | train_loss=0.0958 test_loss=2.7018 | train_acc=0.9981 test_acc=0.3131 | ‖W‖=55.20 rank=38.6 fourier=0.159 | time=214.2s
Step 39500 | train_loss=0.4899 test_loss=3.0861 | train_acc=0.9195 test_acc=0.2359 | ‖W‖=55.45 rank=38.6 fourier=0.161 | time=214.8s
Step 39600 | train_loss=0.3170 test_loss=3.0931 | train_acc=0.9588 test_acc=0.2442 | ‖W‖=56.90 rank=39.5 fourier=0.158 | time=215.3s
Step 39700 | train_loss=0.0771 test_loss=2.6272 | train_acc=1.0000 test_acc=0.3188 | ‖W‖=54.89 rank=38.6 fourier=0.160 | time=215.8s
Step 39800 | train_loss=0.3188 test_loss=2.8874 | train_acc=0.9655 test_acc=0.2688 | ‖W‖=54.68 rank=38.2 fourier=0.161 | time=216.4s
Step 39900 | train_loss=0.1917 test_loss=2.8902 | train_acc=0.9828 test_acc=0.2799 | ‖W‖=56.34 rank=38.9 fourier=0.159 | time=216.9s
Step 40000 | train_loss=0.0873 test_loss=2.5923 | train_acc=0.9990 test_acc=0.3340 | ‖W‖=54.65 rank=38.2 fourier=0.159 | time=217.4s
Step 40100 | train_loss=0.4564 test_loss=3.1779 | train_acc=0.9157 test_acc=0.2302 | ‖W‖=56.51 rank=39.3 fourier=0.159 | time=218.0s
Step 40200 | train_loss=0.0840 test_loss=2.6616 | train_acc=0.9981 test_acc=0.3275 | ‖W‖=55.28 rank=38.5 fourier=0.158 | time=218.6s
Step 40300 | train_loss=0.1813 test_loss=2.8136 | train_acc=0.9914 test_acc=0.2938 | ‖W‖=54.98 rank=38.4 fourier=0.159 | time=219.1s
Step 40400 | train_loss=0.1979 test_loss=2.8545 | train_acc=0.9923 test_acc=0.2680 | ‖W‖=55.76 rank=38.4 fourier=0.160 | time=219.6s
Step 40500 | train_loss=0.2449 test_loss=2.9832 | train_acc=0.9751 test_acc=0.2655 | ‖W‖=55.83 rank=38.6 fourier=0.159 | time=220.2s
Step 40600 | train_loss=0.2072 test_loss=2.9204 | train_acc=0.9780 test_acc=0.2733 | ‖W‖=54.85 rank=38.3 fourier=0.159 | time=220.7s
Step 40700 | train_loss=0.3529 test_loss=3.0710 | train_acc=0.9454 test_acc=0.2474 | ‖W‖=56.00 rank=39.0 fourier=0.159 | time=221.2s
Step 40800 | train_loss=0.1254 test_loss=2.7810 | train_acc=1.0000 test_acc=0.2946 | ‖W‖=55.10 rank=38.5 fourier=0.158 | time=221.7s
Step 40900 | train_loss=0.3280 test_loss=2.9491 | train_acc=0.9684 test_acc=0.2581 | ‖W‖=55.59 rank=38.6 fourier=0.160 | time=222.4s
Step 41000 | train_loss=0.1198 test_loss=2.7384 | train_acc=0.9990 test_acc=0.3065 | ‖W‖=55.22 rank=38.5 fourier=0.159 | time=222.9s
Step 41100 | train_loss=0.2492 test_loss=2.9096 | train_acc=0.9799 test_acc=0.2630 | ‖W‖=55.65 rank=38.8 fourier=0.159 | time=223.4s
Step 41200 | train_loss=0.1460 test_loss=2.7917 | train_acc=0.9962 test_acc=0.2987 | ‖W‖=55.79 rank=38.9 fourier=0.159 | time=223.9s
Step 41300 | train_loss=0.3087 test_loss=3.1283 | train_acc=0.9684 test_acc=0.2458 | ‖W‖=55.89 rank=38.8 fourier=0.158 | time=224.6s
Step 41400 | train_loss=0.4156 test_loss=3.1637 | train_acc=0.9291 test_acc=0.2318 | ‖W‖=56.08 rank=39.1 fourier=0.159 | time=225.1s
Step 41500 | train_loss=0.1203 test_loss=2.6859 | train_acc=0.9962 test_acc=0.3139 | ‖W‖=55.76 rank=39.1 fourier=0.159 | time=225.6s
Step 41600 | train_loss=0.2223 test_loss=2.9215 | train_acc=0.9875 test_acc=0.2733 | ‖W‖=54.04 rank=38.4 fourier=0.160 | time=226.1s
Step 41700 | train_loss=0.3972 test_loss=3.2109 | train_acc=0.9464 test_acc=0.2126 | ‖W‖=55.74 rank=38.9 fourier=0.158 | time=226.7s
Step 41800 | train_loss=0.1642 test_loss=2.8315 | train_acc=0.9914 test_acc=0.2897 | ‖W‖=55.30 rank=38.8 fourier=0.158 | time=227.2s
Step 41900 | train_loss=0.1911 test_loss=2.8772 | train_acc=0.9866 test_acc=0.2688 | ‖W‖=55.63 rank=38.9 fourier=0.158 | time=227.7s
Step 42000 | train_loss=0.2774 test_loss=2.9144 | train_acc=0.9607 test_acc=0.2799 | ‖W‖=54.90 rank=38.7 fourier=0.159 | time=228.3s
Step 42100 | train_loss=0.0978 test_loss=2.6276 | train_acc=1.0000 test_acc=0.3250 | ‖W‖=54.26 rank=38.3 fourier=0.159 | time=228.9s
Step 42200 | train_loss=0.4340 test_loss=3.1567 | train_acc=0.9387 test_acc=0.2277 | ‖W‖=55.18 rank=39.1 fourier=0.159 | time=229.4s
Step 42300 | train_loss=0.1658 test_loss=2.8317 | train_acc=0.9885 test_acc=0.2905 | ‖W‖=54.60 rank=38.7 fourier=0.158 | time=229.9s
Step 42400 | train_loss=0.1952 test_loss=2.7528 | train_acc=0.9914 test_acc=0.2950 | ‖W‖=53.64 rank=38.3 fourier=0.160 | time=230.5s
Step 42500 | train_loss=0.2492 test_loss=2.9541 | train_acc=0.9837 test_acc=0.2602 | ‖W‖=55.17 rank=39.1 fourier=0.158 | time=231.1s
Step 42600 | train_loss=0.1033 test_loss=2.6167 | train_acc=0.9971 test_acc=0.3192 | ‖W‖=53.18 rank=38.3 fourier=0.159 | time=231.6s
Step 42700 | train_loss=0.3915 test_loss=2.9433 | train_acc=0.9521 test_acc=0.2495 | ‖W‖=53.99 rank=38.5 fourier=0.161 | time=232.1s
Step 42800 | train_loss=0.1807 test_loss=2.7339 | train_acc=0.9904 test_acc=0.3127 | ‖W‖=54.48 rank=38.8 fourier=0.159 | time=232.6s
Step 42900 | train_loss=0.2687 test_loss=2.9314 | train_acc=0.9617 test_acc=0.2663 | ‖W‖=53.59 rank=38.4 fourier=0.160 | time=233.2s
Step 43000 | train_loss=0.1530 test_loss=2.6868 | train_acc=0.9904 test_acc=0.3205 | ‖W‖=55.14 rank=39.1 fourier=0.159 | time=233.7s
Step 43100 | train_loss=0.1607 test_loss=2.7397 | train_acc=0.9952 test_acc=0.3090 | ‖W‖=53.74 rank=38.6 fourier=0.160 | time=234.3s
Step 43200 | train_loss=0.2091 test_loss=2.7929 | train_acc=0.9875 test_acc=0.2942 | ‖W‖=54.69 rank=39.0 fourier=0.158 | time=234.8s
Step 43300 | train_loss=0.1304 test_loss=2.6625 | train_acc=0.9971 test_acc=0.3160 | ‖W‖=53.28 rank=38.2 fourier=0.159 | time=235.4s
Step 43400 | train_loss=0.3760 test_loss=3.1108 | train_acc=0.9483 test_acc=0.2388 | ‖W‖=55.01 rank=39.2 fourier=0.160 | time=235.9s
Step 43500 | train_loss=0.1572 test_loss=2.7385 | train_acc=0.9856 test_acc=0.3151 | ‖W‖=54.66 rank=39.0 fourier=0.158 | time=236.4s
Step 43600 | train_loss=0.1246 test_loss=2.6505 | train_acc=0.9981 test_acc=0.3283 | ‖W‖=52.92 rank=38.2 fourier=0.159 | time=237.0s
Step 43700 | train_loss=0.1169 test_loss=2.5628 | train_acc=0.9990 test_acc=0.3406 | ‖W‖=54.25 rank=38.7 fourier=0.160 | time=237.5s
Step 43800 | train_loss=0.4448 test_loss=3.0204 | train_acc=0.9339 test_acc=0.2442 | ‖W‖=55.01 rank=38.9 fourier=0.160 | time=238.0s
Step 43900 | train_loss=0.1322 test_loss=2.6331 | train_acc=0.9952 test_acc=0.3254 | ‖W‖=54.79 rank=39.2 fourier=0.159 | time=238.6s
Step 44000 | train_loss=0.2844 test_loss=2.8809 | train_acc=0.9741 test_acc=0.2647 | ‖W‖=53.39 rank=38.6 fourier=0.160 | time=239.2s
Step 44100 | train_loss=0.2459 test_loss=2.8449 | train_acc=0.9847 test_acc=0.2835 | ‖W‖=55.36 rank=39.1 fourier=0.160 | time=239.7s
Step 44200 | train_loss=0.1067 test_loss=2.5678 | train_acc=0.9990 test_acc=0.3406 | ‖W‖=54.02 rank=38.7 fourier=0.159 | time=240.2s
Step 44300 | train_loss=0.1630 test_loss=2.4900 | train_acc=0.9866 test_acc=0.3369 | ‖W‖=52.64 rank=37.9 fourier=0.160 | time=240.8s
Step 44400 | train_loss=0.2416 test_loss=2.8439 | train_acc=0.9808 test_acc=0.2856 | ‖W‖=54.98 rank=38.8 fourier=0.159 | time=241.3s
Step 44500 | train_loss=0.4464 test_loss=3.0523 | train_acc=0.9301 test_acc=0.2519 | ‖W‖=54.59 rank=39.0 fourier=0.161 | time=241.9s
Step 44600 | train_loss=0.1409 test_loss=2.7223 | train_acc=0.9952 test_acc=0.3069 | ‖W‖=55.60 rank=39.4 fourier=0.159 | time=242.4s
Step 44700 | train_loss=0.1006 test_loss=2.5545 | train_acc=0.9981 test_acc=0.3455 | ‖W‖=53.72 rank=38.6 fourier=0.159 | time=242.9s
Step 44800 | train_loss=0.3417 test_loss=2.9049 | train_acc=0.9598 test_acc=0.2618 | ‖W‖=54.14 rank=38.5 fourier=0.160 | time=243.5s
Step 44900 | train_loss=0.2432 test_loss=2.8430 | train_acc=0.9761 test_acc=0.2782 | ‖W‖=54.97 rank=38.7 fourier=0.158 | time=244.0s
Step 45000 | train_loss=0.1639 test_loss=2.7039 | train_acc=0.9923 test_acc=0.3016 | ‖W‖=55.17 rank=38.9 fourier=0.158 | time=244.6s
Step 45100 | train_loss=0.3961 test_loss=2.9877 | train_acc=0.9444 test_acc=0.2696 | ‖W‖=54.04 rank=38.3 fourier=0.161 | time=245.1s
Step 45200 | train_loss=0.2979 test_loss=2.8710 | train_acc=0.9579 test_acc=0.2819 | ‖W‖=55.83 rank=39.5 fourier=0.160 | time=245.7s
Step 45300 | train_loss=0.1099 test_loss=2.5276 | train_acc=0.9952 test_acc=0.3595 | ‖W‖=54.73 rank=39.0 fourier=0.159 | time=246.2s
Step 45400 | train_loss=0.3743 test_loss=2.7715 | train_acc=0.9454 test_acc=0.2991 | ‖W‖=53.92 rank=39.0 fourier=0.161 | time=246.7s
Step 45500 | train_loss=0.2536 test_loss=2.7871 | train_acc=0.9799 test_acc=0.2959 | ‖W‖=55.80 rank=39.4 fourier=0.159 | time=247.2s
Step 45600 | train_loss=0.1392 test_loss=2.6044 | train_acc=1.0000 test_acc=0.3283 | ‖W‖=54.99 rank=39.1 fourier=0.160 | time=247.8s
Step 45700 | train_loss=0.2361 test_loss=2.7808 | train_acc=0.9828 test_acc=0.2905 | ‖W‖=55.11 rank=38.9 fourier=0.159 | time=248.4s
Step 45800 | train_loss=0.1755 test_loss=2.7327 | train_acc=0.9885 test_acc=0.3053 | ‖W‖=55.32 rank=39.1 fourier=0.158 | time=248.9s
Step 45900 | train_loss=0.1397 test_loss=2.5362 | train_acc=0.9943 test_acc=0.3398 | ‖W‖=53.87 rank=38.4 fourier=0.160 | time=249.4s
Step 46000 | train_loss=0.2697 test_loss=2.7083 | train_acc=0.9789 test_acc=0.2983 | ‖W‖=53.96 rank=38.1 fourier=0.161 | time=250.0s
Step 46100 | train_loss=0.3308 test_loss=2.8078 | train_acc=0.9598 test_acc=0.2782 | ‖W‖=56.36 rank=39.7 fourier=0.160 | time=250.6s
Step 46200 | train_loss=0.0927 test_loss=2.4553 | train_acc=1.0000 test_acc=0.3566 | ‖W‖=54.17 rank=38.8 fourier=0.159 | time=251.1s
Step 46300 | train_loss=0.1619 test_loss=2.5295 | train_acc=0.9933 test_acc=0.3316 | ‖W‖=54.00 rank=38.4 fourier=0.160 | time=251.6s
Step 46400 | train_loss=0.3032 test_loss=2.6884 | train_acc=0.9636 test_acc=0.3045 | ‖W‖=54.05 rank=38.4 fourier=0.161 | time=252.2s
Step 46500 | train_loss=0.2210 test_loss=2.7081 | train_acc=0.9837 test_acc=0.2959 | ‖W‖=55.18 rank=38.7 fourier=0.161 | time=252.7s
Step 46600 | train_loss=0.2199 test_loss=2.6840 | train_acc=0.9808 test_acc=0.3143 | ‖W‖=56.04 rank=39.2 fourier=0.162 | time=253.2s
Step 46700 | train_loss=0.1334 test_loss=2.6062 | train_acc=0.9943 test_acc=0.3270 | ‖W‖=55.03 rank=39.0 fourier=0.159 | time=253.7s
Step 46800 | train_loss=0.1584 test_loss=2.5726 | train_acc=0.9943 test_acc=0.3262 | ‖W‖=53.31 rank=38.1 fourier=0.160 | time=254.4s
Step 46900 | train_loss=0.3302 test_loss=2.7820 | train_acc=0.9569 test_acc=0.2938 | ‖W‖=55.02 rank=38.8 fourier=0.159 | time=254.9s
Step 47000 | train_loss=0.2057 test_loss=2.6811 | train_acc=0.9770 test_acc=0.3168 | ‖W‖=55.08 rank=38.7 fourier=0.159 | time=255.4s
Step 47100 | train_loss=0.1186 test_loss=2.4293 | train_acc=0.9971 test_acc=0.3582 | ‖W‖=53.61 rank=38.1 fourier=0.160 | time=255.9s
Step 47200 | train_loss=0.3702 test_loss=2.7130 | train_acc=0.9521 test_acc=0.3041 | ‖W‖=55.76 rank=39.1 fourier=0.160 | time=256.5s
Step 47300 | train_loss=0.1525 test_loss=2.7005 | train_acc=0.9962 test_acc=0.3119 | ‖W‖=56.27 rank=39.8 fourier=0.159 | time=257.0s
Step 47400 | train_loss=0.1173 test_loss=2.4665 | train_acc=0.9962 test_acc=0.3455 | ‖W‖=53.72 rank=38.5 fourier=0.160 | time=257.5s
Step 47500 | train_loss=0.2646 test_loss=2.7067 | train_acc=0.9799 test_acc=0.3004 | ‖W‖=54.87 rank=38.8 fourier=0.161 | time=258.0s
Step 47600 | train_loss=0.2462 test_loss=2.6294 | train_acc=0.9808 test_acc=0.3102 | ‖W‖=55.49 rank=39.0 fourier=0.160 | time=258.7s
Step 47700 | train_loss=0.1853 test_loss=2.6915 | train_acc=0.9837 test_acc=0.3156 | ‖W‖=55.21 rank=38.9 fourier=0.159 | time=259.2s
Step 47800 | train_loss=0.1624 test_loss=2.4859 | train_acc=0.9885 test_acc=0.3463 | ‖W‖=53.66 rank=38.2 fourier=0.160 | time=259.7s
Step 47900 | train_loss=0.3924 test_loss=2.9483 | train_acc=0.9406 test_acc=0.2634 | ‖W‖=55.26 rank=39.2 fourier=0.160 | time=260.2s
Step 48000 | train_loss=0.2597 test_loss=2.7997 | train_acc=0.9693 test_acc=0.2889 | ‖W‖=55.55 rank=39.0 fourier=0.158 | time=260.9s
Step 48100 | train_loss=0.1533 test_loss=2.5306 | train_acc=0.9914 test_acc=0.3459 | ‖W‖=54.63 rank=38.6 fourier=0.158 | time=261.4s
Step 48200 | train_loss=0.2582 test_loss=2.6719 | train_acc=0.9703 test_acc=0.3024 | ‖W‖=54.81 rank=38.8 fourier=0.159 | time=261.9s
Step 48300 | train_loss=0.2605 test_loss=2.7221 | train_acc=0.9674 test_acc=0.3008 | ‖W‖=55.70 rank=39.2 fourier=0.159 | time=262.4s
Step 48400 | train_loss=0.0942 test_loss=2.3912 | train_acc=0.9981 test_acc=0.3726 | ‖W‖=54.36 rank=38.4 fourier=0.160 | time=263.0s
Step 48500 | train_loss=0.3771 test_loss=2.7849 | train_acc=0.9646 test_acc=0.2762 | ‖W‖=54.80 rank=39.0 fourier=0.161 | time=263.5s
Step 48600 | train_loss=0.1629 test_loss=2.4974 | train_acc=0.9837 test_acc=0.3463 | ‖W‖=55.52 rank=38.9 fourier=0.160 | time=264.0s
Step 48700 | train_loss=0.2022 test_loss=2.7109 | train_acc=0.9895 test_acc=0.3201 | ‖W‖=54.83 rank=38.9 fourier=0.158 | time=264.6s
Step 48800 | train_loss=0.1077 test_loss=2.4532 | train_acc=0.9981 test_acc=0.3697 | ‖W‖=54.79 rank=38.6 fourier=0.160 | time=265.2s
Step 48900 | train_loss=0.2980 test_loss=2.6286 | train_acc=0.9722 test_acc=0.3106 | ‖W‖=54.42 rank=38.6 fourier=0.161 | time=265.7s
Step 49000 | train_loss=0.2652 test_loss=2.8289 | train_acc=0.9799 test_acc=0.2827 | ‖W‖=55.77 rank=39.3 fourier=0.159 | time=266.2s
Step 49100 | train_loss=0.1179 test_loss=2.4962 | train_acc=0.9981 test_acc=0.3525 | ‖W‖=54.93 rank=38.9 fourier=0.159 | time=266.8s
Step 49200 | train_loss=0.1590 test_loss=2.4083 | train_acc=0.9923 test_acc=0.3574 | ‖W‖=54.01 rank=38.7 fourier=0.161 | time=267.4s
Step 49300 | train_loss=0.2156 test_loss=2.5801 | train_acc=0.9895 test_acc=0.3229 | ‖W‖=53.57 rank=38.3 fourier=0.161 | time=267.9s
Step 49400 | train_loss=0.3891 test_loss=2.8531 | train_acc=0.9416 test_acc=0.2913 | ‖W‖=55.09 rank=39.0 fourier=0.160 | time=268.4s
Step 49500 | train_loss=0.1135 test_loss=2.4479 | train_acc=0.9981 test_acc=0.3599 | ‖W‖=55.06 rank=39.1 fourier=0.160 | time=268.9s
Step 49600 | train_loss=0.1911 test_loss=2.5308 | train_acc=0.9933 test_acc=0.3467 | ‖W‖=54.59 rank=38.8 fourier=0.162 | time=269.5s
Step 49700 | train_loss=0.1067 test_loss=2.3500 | train_acc=0.9981 test_acc=0.3722 | ‖W‖=53.37 rank=38.0 fourier=0.162 | time=270.0s
Step 49800 | train_loss=0.2207 test_loss=2.5670 | train_acc=0.9885 test_acc=0.3242 | ‖W‖=54.64 rank=38.7 fourier=0.161 | time=270.6s
Step 49900 | train_loss=0.3655 test_loss=2.8959 | train_acc=0.9387 test_acc=0.2634 | ‖W‖=55.39 rank=39.3 fourier=0.161 | time=271.1s
Step 50000 | train_loss=0.1193 test_loss=2.4680 | train_acc=0.9990 test_acc=0.3476 | ‖W‖=54.94 rank=39.2 fourier=0.159 | time=271.7s

Results saved to results/high_collapse/results.json
Grokked: False at step None

============================================================
Running condition: severe_collapse
============================================================
Training on cuda
Condition: severe_collapse, collapse_level=0.5
Model parameters: 213,947
Step   100 | train_loss=3.2100 test_loss=4.6409 | train_acc=0.2088 test_acc=0.0131 | ‖W‖=24.90 rank=50.3 fourier=0.105 | time=0.5s
Step   200 | train_loss=2.9365 test_loss=4.8934 | train_acc=0.2414 test_acc=0.0148 | ‖W‖=29.84 rank=47.3 fourier=0.102 | time=1.1s
Step   300 | train_loss=2.7235 test_loss=5.1629 | train_acc=0.2768 test_acc=0.0140 | ‖W‖=39.70 rank=45.7 fourier=0.101 | time=1.7s
Step   400 | train_loss=2.5165 test_loss=5.3137 | train_acc=0.3372 test_acc=0.0140 | ‖W‖=43.12 rank=44.8 fourier=0.104 | time=2.2s
Step   500 | train_loss=2.2421 test_loss=5.6134 | train_acc=0.3870 test_acc=0.0135 | ‖W‖=45.78 rank=44.3 fourier=0.105 | time=2.7s
Step   600 | train_loss=1.8948 test_loss=5.7414 | train_acc=0.4837 test_acc=0.0176 | ‖W‖=47.76 rank=44.1 fourier=0.105 | time=3.3s
Step   700 | train_loss=1.4932 test_loss=5.9254 | train_acc=0.6322 test_acc=0.0246 | ‖W‖=49.31 rank=43.8 fourier=0.105 | time=3.8s
Step   800 | train_loss=1.1526 test_loss=6.1282 | train_acc=0.7241 test_acc=0.0332 | ‖W‖=50.80 rank=43.6 fourier=0.106 | time=4.3s
Step   900 | train_loss=0.7873 test_loss=6.2277 | train_acc=0.8621 test_acc=0.0447 | ‖W‖=51.57 rank=43.1 fourier=0.104 | time=4.9s
Step  1000 | train_loss=0.5811 test_loss=6.4330 | train_acc=0.9195 test_acc=0.0513 | ‖W‖=52.29 rank=42.7 fourier=0.104 | time=5.4s
Step  1100 | train_loss=0.4613 test_loss=6.4444 | train_acc=0.9454 test_acc=0.0587 | ‖W‖=52.46 rank=42.0 fourier=0.103 | time=6.0s
Step  1200 | train_loss=0.3836 test_loss=6.5596 | train_acc=0.9626 test_acc=0.0558 | ‖W‖=52.62 rank=41.6 fourier=0.104 | time=6.5s
Step  1300 | train_loss=0.3552 test_loss=6.5773 | train_acc=0.9693 test_acc=0.0558 | ‖W‖=52.40 rank=41.0 fourier=0.103 | time=7.1s
Step  1400 | train_loss=0.2947 test_loss=6.5181 | train_acc=0.9828 test_acc=0.0574 | ‖W‖=51.94 rank=40.4 fourier=0.103 | time=7.6s
Step  1500 | train_loss=0.3338 test_loss=6.5091 | train_acc=0.9761 test_acc=0.0587 | ‖W‖=52.11 rank=39.9 fourier=0.104 | time=8.2s
Step  1600 | train_loss=0.2294 test_loss=6.4634 | train_acc=0.9914 test_acc=0.0648 | ‖W‖=52.07 rank=39.9 fourier=0.104 | time=8.7s
Step  1700 | train_loss=0.3408 test_loss=6.5462 | train_acc=0.9646 test_acc=0.0607 | ‖W‖=52.11 rank=39.8 fourier=0.106 | time=9.2s
Step  1800 | train_loss=0.3815 test_loss=6.6342 | train_acc=0.9511 test_acc=0.0464 | ‖W‖=52.44 rank=39.4 fourier=0.106 | time=9.8s
Step  1900 | train_loss=0.1798 test_loss=6.4871 | train_acc=0.9981 test_acc=0.0628 | ‖W‖=51.99 rank=39.3 fourier=0.104 | time=10.3s
Step  2000 | train_loss=0.4644 test_loss=6.3443 | train_acc=0.9330 test_acc=0.0558 | ‖W‖=51.71 rank=38.9 fourier=0.104 | time=10.8s
Step  2100 | train_loss=0.2391 test_loss=6.5022 | train_acc=0.9914 test_acc=0.0583 | ‖W‖=53.17 rank=39.4 fourier=0.104 | time=11.4s
Step  2200 | train_loss=0.3314 test_loss=6.4822 | train_acc=0.9665 test_acc=0.0620 | ‖W‖=52.40 rank=39.0 fourier=0.105 | time=11.9s
Step  2300 | train_loss=0.2769 test_loss=6.6163 | train_acc=0.9703 test_acc=0.0574 | ‖W‖=53.18 rank=39.1 fourier=0.103 | time=12.5s
Step  2400 | train_loss=0.2509 test_loss=6.6616 | train_acc=0.9751 test_acc=0.0472 | ‖W‖=52.94 rank=39.0 fourier=0.103 | time=13.0s
Step  2500 | train_loss=0.5950 test_loss=6.7287 | train_acc=0.8736 test_acc=0.0373 | ‖W‖=52.85 rank=38.7 fourier=0.103 | time=13.6s
Step  2600 | train_loss=0.1743 test_loss=6.6413 | train_acc=0.9943 test_acc=0.0607 | ‖W‖=53.82 rank=39.2 fourier=0.103 | time=14.2s
Step  2700 | train_loss=0.1104 test_loss=6.4649 | train_acc=1.0000 test_acc=0.0661 | ‖W‖=52.17 rank=38.2 fourier=0.103 | time=14.7s
Step  2800 | train_loss=0.6851 test_loss=6.4447 | train_acc=0.8429 test_acc=0.0382 | ‖W‖=54.23 rank=39.4 fourier=0.104 | time=15.2s
Step  2900 | train_loss=0.1494 test_loss=6.5723 | train_acc=0.9952 test_acc=0.0583 | ‖W‖=53.77 rank=39.0 fourier=0.103 | time=15.7s
Step  3000 | train_loss=0.2237 test_loss=6.5559 | train_acc=0.9808 test_acc=0.0529 | ‖W‖=52.88 rank=38.2 fourier=0.103 | time=16.3s
Step  3100 | train_loss=0.2919 test_loss=6.5640 | train_acc=0.9703 test_acc=0.0492 | ‖W‖=54.65 rank=39.1 fourier=0.103 | time=16.8s
Step  3200 | train_loss=0.2663 test_loss=6.7243 | train_acc=0.9665 test_acc=0.0439 | ‖W‖=54.39 rank=39.0 fourier=0.103 | time=17.4s
Step  3300 | train_loss=0.2171 test_loss=6.5819 | train_acc=0.9847 test_acc=0.0517 | ‖W‖=54.77 rank=38.6 fourier=0.103 | time=17.9s
Step  3400 | train_loss=0.3107 test_loss=6.5585 | train_acc=0.9617 test_acc=0.0443 | ‖W‖=53.85 rank=38.4 fourier=0.104 | time=18.5s
Step  3500 | train_loss=0.2538 test_loss=6.5689 | train_acc=0.9751 test_acc=0.0497 | ‖W‖=55.33 rank=38.9 fourier=0.103 | time=19.0s
Step  3600 | train_loss=0.4855 test_loss=6.5966 | train_acc=0.9052 test_acc=0.0410 | ‖W‖=54.84 rank=39.3 fourier=0.103 | time=19.6s
Step  3700 | train_loss=0.1836 test_loss=6.6953 | train_acc=0.9866 test_acc=0.0509 | ‖W‖=55.67 rank=39.2 fourier=0.104 | time=20.1s
Step  3800 | train_loss=0.1334 test_loss=6.5521 | train_acc=1.0000 test_acc=0.0538 | ‖W‖=55.04 rank=38.6 fourier=0.104 | time=20.7s
Step  3900 | train_loss=0.4277 test_loss=6.4505 | train_acc=0.9310 test_acc=0.0435 | ‖W‖=55.41 rank=39.0 fourier=0.103 | time=21.2s
Step  4000 | train_loss=0.4038 test_loss=6.5383 | train_acc=0.9406 test_acc=0.0406 | ‖W‖=56.56 rank=39.4 fourier=0.104 | time=21.7s
Step  4100 | train_loss=0.1187 test_loss=6.6909 | train_acc=0.9990 test_acc=0.0521 | ‖W‖=56.45 rank=39.3 fourier=0.103 | time=22.2s
Step  4200 | train_loss=0.2273 test_loss=6.4975 | train_acc=0.9837 test_acc=0.0472 | ‖W‖=54.61 rank=38.2 fourier=0.103 | time=22.8s
Step  4300 | train_loss=0.3134 test_loss=6.5192 | train_acc=0.9693 test_acc=0.0410 | ‖W‖=57.60 rank=39.8 fourier=0.102 | time=23.4s
Step  4400 | train_loss=0.0967 test_loss=6.6347 | train_acc=0.9990 test_acc=0.0591 | ‖W‖=56.18 rank=38.7 fourier=0.104 | time=23.9s
Step  4500 | train_loss=0.3312 test_loss=6.3857 | train_acc=0.9511 test_acc=0.0492 | ‖W‖=54.60 rank=37.7 fourier=0.104 | time=24.4s
Step  4600 | train_loss=0.3526 test_loss=6.7185 | train_acc=0.9425 test_acc=0.0402 | ‖W‖=58.97 rank=40.0 fourier=0.103 | time=25.0s
Step  4700 | train_loss=0.0850 test_loss=6.6412 | train_acc=1.0000 test_acc=0.0558 | ‖W‖=56.62 rank=38.6 fourier=0.104 | time=25.6s
Step  4800 | train_loss=0.2586 test_loss=6.4447 | train_acc=0.9818 test_acc=0.0468 | ‖W‖=56.15 rank=37.9 fourier=0.105 | time=26.1s
Step  4900 | train_loss=0.3190 test_loss=6.6670 | train_acc=0.9655 test_acc=0.0460 | ‖W‖=59.46 rank=40.1 fourier=0.105 | time=26.6s
Step  5000 | train_loss=0.1631 test_loss=6.6578 | train_acc=0.9933 test_acc=0.0476 | ‖W‖=58.34 rank=39.4 fourier=0.103 | time=27.1s
Step  5100 | train_loss=0.1738 test_loss=6.6135 | train_acc=0.9847 test_acc=0.0550 | ‖W‖=57.68 rank=38.6 fourier=0.104 | time=27.7s
Step  5200 | train_loss=0.3076 test_loss=6.5439 | train_acc=0.9665 test_acc=0.0451 | ‖W‖=59.18 rank=38.9 fourier=0.105 | time=28.3s
Step  5300 | train_loss=0.1846 test_loss=6.7281 | train_acc=0.9875 test_acc=0.0513 | ‖W‖=59.43 rank=39.4 fourier=0.103 | time=28.8s
Step  5400 | train_loss=0.1498 test_loss=6.5421 | train_acc=0.9933 test_acc=0.0480 | ‖W‖=57.24 rank=37.9 fourier=0.104 | time=29.3s
Step  5500 | train_loss=0.4266 test_loss=6.7790 | train_acc=0.9205 test_acc=0.0406 | ‖W‖=60.70 rank=40.1 fourier=0.104 | time=29.9s
Step  5600 | train_loss=0.1222 test_loss=6.7665 | train_acc=0.9971 test_acc=0.0484 | ‖W‖=59.30 rank=38.6 fourier=0.104 | time=30.4s
Step  5700 | train_loss=0.2754 test_loss=6.5449 | train_acc=0.9626 test_acc=0.0533 | ‖W‖=59.84 rank=38.8 fourier=0.106 | time=30.9s
Step  5800 | train_loss=0.3859 test_loss=6.6314 | train_acc=0.9444 test_acc=0.0451 | ‖W‖=61.07 rank=39.1 fourier=0.105 | time=31.5s
Step  5900 | train_loss=0.0934 test_loss=6.6936 | train_acc=1.0000 test_acc=0.0501 | ‖W‖=60.77 rank=39.2 fourier=0.103 | time=32.0s
Step  6000 | train_loss=0.1807 test_loss=6.4067 | train_acc=0.9856 test_acc=0.0455 | ‖W‖=59.08 rank=37.9 fourier=0.105 | time=32.6s
Step  6100 | train_loss=0.5043 test_loss=6.5824 | train_acc=0.9071 test_acc=0.0427 | ‖W‖=62.60 rank=40.0 fourier=0.105 | time=33.1s
Step  6200 | train_loss=0.0995 test_loss=6.5500 | train_acc=1.0000 test_acc=0.0476 | ‖W‖=60.88 rank=38.6 fourier=0.105 | time=33.6s
Step  6300 | train_loss=0.1265 test_loss=6.4664 | train_acc=0.9962 test_acc=0.0509 | ‖W‖=59.47 rank=37.5 fourier=0.106 | time=34.2s
Step  6400 | train_loss=0.4017 test_loss=6.5843 | train_acc=0.9435 test_acc=0.0373 | ‖W‖=62.37 rank=39.2 fourier=0.107 | time=34.8s
Step  6500 | train_loss=0.1734 test_loss=6.7547 | train_acc=0.9933 test_acc=0.0476 | ‖W‖=62.68 rank=39.4 fourier=0.106 | time=35.3s
Step  6600 | train_loss=0.2508 test_loss=6.8831 | train_acc=0.9722 test_acc=0.0423 | ‖W‖=62.28 rank=38.9 fourier=0.105 | time=35.8s
Step  6700 | train_loss=0.2130 test_loss=6.8217 | train_acc=0.9828 test_acc=0.0451 | ‖W‖=62.53 rank=39.0 fourier=0.105 | time=36.4s
Step  6800 | train_loss=0.1115 test_loss=6.6310 | train_acc=0.9981 test_acc=0.0525 | ‖W‖=61.36 rank=38.0 fourier=0.105 | time=36.9s
Step  6900 | train_loss=0.4232 test_loss=6.7153 | train_acc=0.9349 test_acc=0.0410 | ‖W‖=63.82 rank=39.9 fourier=0.104 | time=37.4s
Step  7000 | train_loss=0.1469 test_loss=6.7920 | train_acc=0.9962 test_acc=0.0414 | ‖W‖=63.77 rank=39.4 fourier=0.105 | time=37.9s
Step  7100 | train_loss=0.1060 test_loss=6.5250 | train_acc=0.9981 test_acc=0.0509 | ‖W‖=61.61 rank=38.0 fourier=0.105 | time=38.6s
Step  7200 | train_loss=0.3333 test_loss=6.7302 | train_acc=0.9626 test_acc=0.0332 | ‖W‖=64.14 rank=38.7 fourier=0.106 | time=39.1s
Step  7300 | train_loss=0.3471 test_loss=6.8038 | train_acc=0.9416 test_acc=0.0378 | ‖W‖=64.82 rank=39.5 fourier=0.106 | time=39.6s
Step  7400 | train_loss=0.1492 test_loss=6.7368 | train_acc=0.9914 test_acc=0.0492 | ‖W‖=64.23 rank=39.1 fourier=0.105 | time=40.1s
Step  7500 | train_loss=0.4577 test_loss=6.6391 | train_acc=0.9100 test_acc=0.0353 | ‖W‖=64.03 rank=38.8 fourier=0.106 | time=40.8s
Step  7600 | train_loss=0.1866 test_loss=6.7952 | train_acc=0.9885 test_acc=0.0427 | ‖W‖=65.19 rank=39.3 fourier=0.106 | time=41.3s
Step  7700 | train_loss=0.1370 test_loss=6.6701 | train_acc=0.9971 test_acc=0.0455 | ‖W‖=64.01 rank=38.3 fourier=0.106 | time=41.8s
Step  7800 | train_loss=0.2540 test_loss=6.6835 | train_acc=0.9636 test_acc=0.0398 | ‖W‖=64.14 rank=38.2 fourier=0.108 | time=42.3s
Step  7900 | train_loss=0.2501 test_loss=6.7811 | train_acc=0.9713 test_acc=0.0406 | ‖W‖=65.71 rank=39.8 fourier=0.107 | time=42.9s
Step  8000 | train_loss=0.0888 test_loss=6.6369 | train_acc=0.9990 test_acc=0.0480 | ‖W‖=63.81 rank=38.3 fourier=0.107 | time=43.4s
Step  8100 | train_loss=0.5928 test_loss=6.8501 | train_acc=0.8534 test_acc=0.0349 | ‖W‖=65.83 rank=39.9 fourier=0.107 | time=43.9s
Step  8200 | train_loss=0.2299 test_loss=6.8186 | train_acc=0.9856 test_acc=0.0386 | ‖W‖=65.54 rank=39.1 fourier=0.106 | time=44.5s
Step  8300 | train_loss=0.0949 test_loss=6.7108 | train_acc=1.0000 test_acc=0.0497 | ‖W‖=64.24 rank=38.1 fourier=0.106 | time=45.1s
Step  8400 | train_loss=0.6209 test_loss=6.7543 | train_acc=0.8458 test_acc=0.0328 | ‖W‖=66.14 rank=39.7 fourier=0.107 | time=45.6s
Step  8500 | train_loss=0.2985 test_loss=6.8695 | train_acc=0.9454 test_acc=0.0345 | ‖W‖=66.44 rank=39.5 fourier=0.107 | time=46.1s
Step  8600 | train_loss=0.1426 test_loss=6.8196 | train_acc=0.9914 test_acc=0.0455 | ‖W‖=65.72 rank=38.9 fourier=0.107 | time=46.7s
Step  8700 | train_loss=0.1595 test_loss=6.6760 | train_acc=0.9904 test_acc=0.0427 | ‖W‖=65.01 rank=38.4 fourier=0.107 | time=47.3s
Step  8800 | train_loss=0.2969 test_loss=6.6827 | train_acc=0.9722 test_acc=0.0378 | ‖W‖=65.47 rank=38.8 fourier=0.107 | time=47.8s
Step  8900 | train_loss=0.1133 test_loss=6.8509 | train_acc=0.9981 test_acc=0.0435 | ‖W‖=66.17 rank=39.1 fourier=0.106 | time=48.3s
Step  9000 | train_loss=0.1859 test_loss=6.4558 | train_acc=0.9943 test_acc=0.0406 | ‖W‖=63.82 rank=38.1 fourier=0.107 | time=48.8s
Step  9100 | train_loss=0.3641 test_loss=6.6408 | train_acc=0.9492 test_acc=0.0386 | ‖W‖=67.36 rank=40.5 fourier=0.106 | time=49.4s
Step  9200 | train_loss=0.2074 test_loss=6.8298 | train_acc=0.9885 test_acc=0.0410 | ‖W‖=65.90 rank=39.2 fourier=0.105 | time=49.9s
Step  9300 | train_loss=0.1227 test_loss=6.6951 | train_acc=0.9981 test_acc=0.0431 | ‖W‖=65.49 rank=38.6 fourier=0.107 | time=50.4s
Step  9400 | train_loss=0.3869 test_loss=6.5536 | train_acc=0.9167 test_acc=0.0410 | ‖W‖=64.74 rank=38.3 fourier=0.108 | time=51.0s
Step  9500 | train_loss=0.4514 test_loss=7.0087 | train_acc=0.9100 test_acc=0.0336 | ‖W‖=67.03 rank=39.5 fourier=0.108 | time=51.6s
Step  9600 | train_loss=0.1067 test_loss=6.7696 | train_acc=1.0000 test_acc=0.0427 | ‖W‖=65.60 rank=38.8 fourier=0.108 | time=52.1s
Step  9700 | train_loss=0.3099 test_loss=6.7305 | train_acc=0.9636 test_acc=0.0341 | ‖W‖=65.73 rank=38.7 fourier=0.108 | time=52.7s
Step  9800 | train_loss=0.1804 test_loss=6.9222 | train_acc=0.9914 test_acc=0.0398 | ‖W‖=67.19 rank=39.8 fourier=0.106 | time=53.2s
Step  9900 | train_loss=0.1089 test_loss=6.6006 | train_acc=0.9990 test_acc=0.0431 | ‖W‖=64.36 rank=38.3 fourier=0.108 | time=53.8s
Step 10000 | train_loss=0.8278 test_loss=6.5160 | train_acc=0.8056 test_acc=0.0316 | ‖W‖=67.17 rank=40.1 fourier=0.110 | time=54.3s
Step 10100 | train_loss=0.1751 test_loss=6.8720 | train_acc=0.9895 test_acc=0.0382 | ‖W‖=66.80 rank=39.4 fourier=0.108 | time=54.8s
Step 10200 | train_loss=0.0982 test_loss=6.5349 | train_acc=0.9990 test_acc=0.0484 | ‖W‖=64.42 rank=38.1 fourier=0.109 | time=55.4s
Step 10300 | train_loss=0.5327 test_loss=6.4081 | train_acc=0.8975 test_acc=0.0291 | ‖W‖=64.96 rank=38.9 fourier=0.110 | time=56.0s
Step 10400 | train_loss=0.2878 test_loss=6.8272 | train_acc=0.9693 test_acc=0.0382 | ‖W‖=66.52 rank=39.7 fourier=0.107 | time=56.5s
Step 10500 | train_loss=0.2130 test_loss=6.7381 | train_acc=0.9866 test_acc=0.0410 | ‖W‖=65.73 rank=39.2 fourier=0.108 | time=57.0s
Step 10600 | train_loss=0.1166 test_loss=6.7318 | train_acc=1.0000 test_acc=0.0455 | ‖W‖=65.81 rank=39.2 fourier=0.109 | time=57.6s
Step 10700 | train_loss=0.3311 test_loss=6.5663 | train_acc=0.9483 test_acc=0.0390 | ‖W‖=63.76 rank=38.5 fourier=0.109 | time=58.2s
Step 10800 | train_loss=0.3040 test_loss=6.6426 | train_acc=0.9655 test_acc=0.0390 | ‖W‖=66.21 rank=39.6 fourier=0.107 | time=58.7s
Step 10900 | train_loss=0.1059 test_loss=6.6597 | train_acc=0.9990 test_acc=0.0431 | ‖W‖=64.31 rank=38.4 fourier=0.109 | time=59.2s
Step 11000 | train_loss=0.3898 test_loss=6.6546 | train_acc=0.9377 test_acc=0.0365 | ‖W‖=65.49 rank=39.4 fourier=0.110 | time=59.7s
Step 11100 | train_loss=0.1785 test_loss=6.8947 | train_acc=0.9875 test_acc=0.0419 | ‖W‖=65.20 rank=39.0 fourier=0.109 | time=60.3s
Step 11200 | train_loss=0.1725 test_loss=6.6362 | train_acc=0.9895 test_acc=0.0468 | ‖W‖=63.50 rank=38.0 fourier=0.109 | time=60.8s
Step 11300 | train_loss=0.3916 test_loss=6.7372 | train_acc=0.9397 test_acc=0.0341 | ‖W‖=66.72 rank=40.3 fourier=0.108 | time=61.4s
Step 11400 | train_loss=0.2338 test_loss=6.8196 | train_acc=0.9789 test_acc=0.0390 | ‖W‖=66.39 rank=39.5 fourier=0.108 | time=61.9s
Step 11500 | train_loss=0.1721 test_loss=6.5560 | train_acc=0.9904 test_acc=0.0492 | ‖W‖=64.54 rank=38.9 fourier=0.108 | time=62.4s
Step 11600 | train_loss=0.4501 test_loss=6.8196 | train_acc=0.9109 test_acc=0.0361 | ‖W‖=64.58 rank=39.0 fourier=0.110 | time=63.0s
Step 11700 | train_loss=0.5930 test_loss=6.9245 | train_acc=0.8534 test_acc=0.0349 | ‖W‖=65.69 rank=39.8 fourier=0.109 | time=63.6s
Step 11800 | train_loss=0.1030 test_loss=6.7333 | train_acc=1.0000 test_acc=0.0455 | ‖W‖=64.22 rank=38.8 fourier=0.108 | time=64.1s
Step 11900 | train_loss=0.1987 test_loss=6.4407 | train_acc=0.9885 test_acc=0.0443 | ‖W‖=63.71 rank=38.7 fourier=0.109 | time=64.6s
Step 12000 | train_loss=0.5793 test_loss=6.7697 | train_acc=0.8736 test_acc=0.0341 | ‖W‖=65.95 rank=40.3 fourier=0.108 | time=65.2s
Step 12100 | train_loss=0.1287 test_loss=6.8282 | train_acc=0.9981 test_acc=0.0423 | ‖W‖=65.41 rank=39.7 fourier=0.108 | time=65.7s
Step 12200 | train_loss=0.1315 test_loss=6.5407 | train_acc=0.9981 test_acc=0.0455 | ‖W‖=62.70 rank=38.4 fourier=0.109 | time=66.2s
Step 12300 | train_loss=0.3158 test_loss=6.4535 | train_acc=0.9722 test_acc=0.0406 | ‖W‖=64.12 rank=38.9 fourier=0.110 | time=66.7s
Step 12400 | train_loss=0.1988 test_loss=6.6260 | train_acc=0.9875 test_acc=0.0423 | ‖W‖=64.74 rank=39.1 fourier=0.109 | time=67.4s
Step 12500 | train_loss=0.3023 test_loss=6.7907 | train_acc=0.9655 test_acc=0.0324 | ‖W‖=64.92 rank=39.6 fourier=0.109 | time=67.9s
Step 12600 | train_loss=0.2410 test_loss=7.0044 | train_acc=0.9722 test_acc=0.0361 | ‖W‖=65.54 rank=39.9 fourier=0.107 | time=68.4s
Step 12700 | train_loss=0.0972 test_loss=6.7226 | train_acc=1.0000 test_acc=0.0464 | ‖W‖=63.26 rank=38.8 fourier=0.108 | time=69.0s
Step 12800 | train_loss=0.2640 test_loss=6.3973 | train_acc=0.9866 test_acc=0.0439 | ‖W‖=63.04 rank=38.6 fourier=0.108 | time=69.6s
Step 12900 | train_loss=0.5449 test_loss=6.9279 | train_acc=0.8831 test_acc=0.0308 | ‖W‖=64.83 rank=39.6 fourier=0.107 | time=70.1s
Step 13000 | train_loss=0.1216 test_loss=6.7308 | train_acc=0.9981 test_acc=0.0394 | ‖W‖=64.09 rank=39.1 fourier=0.108 | time=70.6s
Step 13100 | train_loss=0.1759 test_loss=6.4766 | train_acc=0.9971 test_acc=0.0410 | ‖W‖=62.17 rank=38.2 fourier=0.108 | time=71.1s
Step 13200 | train_loss=0.4114 test_loss=6.7818 | train_acc=0.9310 test_acc=0.0320 | ‖W‖=65.60 rank=40.2 fourier=0.108 | time=71.7s
Step 13300 | train_loss=0.1102 test_loss=6.6435 | train_acc=1.0000 test_acc=0.0455 | ‖W‖=63.83 rank=38.8 fourier=0.108 | time=72.2s
Step 13400 | train_loss=0.3703 test_loss=6.4688 | train_acc=0.9531 test_acc=0.0308 | ‖W‖=62.71 rank=38.7 fourier=0.109 | time=72.7s
Step 13500 | train_loss=0.3951 test_loss=6.7594 | train_acc=0.9310 test_acc=0.0345 | ‖W‖=64.13 rank=39.3 fourier=0.108 | time=73.3s
Step 13600 | train_loss=0.1653 test_loss=6.7772 | train_acc=0.9856 test_acc=0.0443 | ‖W‖=63.76 rank=39.4 fourier=0.108 | time=73.9s
Step 13700 | train_loss=0.1158 test_loss=6.5555 | train_acc=1.0000 test_acc=0.0472 | ‖W‖=61.96 rank=38.4 fourier=0.109 | time=74.4s
Step 13800 | train_loss=0.4523 test_loss=6.4501 | train_acc=0.9330 test_acc=0.0332 | ‖W‖=64.24 rank=39.7 fourier=0.109 | time=74.9s
Step 13900 | train_loss=0.1010 test_loss=6.7055 | train_acc=1.0000 test_acc=0.0492 | ‖W‖=63.52 rank=38.7 fourier=0.109 | time=75.5s
Step 14000 | train_loss=0.1316 test_loss=6.5847 | train_acc=1.0000 test_acc=0.0464 | ‖W‖=62.16 rank=38.3 fourier=0.110 | time=76.1s
Step 14100 | train_loss=0.6167 test_loss=6.6029 | train_acc=0.8745 test_acc=0.0295 | ‖W‖=65.10 rank=40.5 fourier=0.109 | time=76.6s
Step 14200 | train_loss=0.1056 test_loss=6.7962 | train_acc=0.9990 test_acc=0.0451 | ‖W‖=64.05 rank=39.3 fourier=0.110 | time=77.1s
Step 14300 | train_loss=0.1343 test_loss=6.4719 | train_acc=0.9971 test_acc=0.0484 | ‖W‖=61.84 rank=38.4 fourier=0.110 | time=77.6s
Step 14400 | train_loss=0.3022 test_loss=6.6870 | train_acc=0.9693 test_acc=0.0435 | ‖W‖=64.24 rank=39.3 fourier=0.109 | time=78.2s
Step 14500 | train_loss=0.1779 test_loss=6.6307 | train_acc=0.9914 test_acc=0.0484 | ‖W‖=62.65 rank=38.6 fourier=0.109 | time=78.7s
Step 14600 | train_loss=0.4473 test_loss=6.8525 | train_acc=0.9080 test_acc=0.0316 | ‖W‖=63.91 rank=39.1 fourier=0.110 | time=79.2s
Step 14700 | train_loss=0.3771 test_loss=6.6516 | train_acc=0.9492 test_acc=0.0365 | ‖W‖=65.32 rank=40.3 fourier=0.109 | time=79.8s
Step 14800 | train_loss=0.1523 test_loss=6.7549 | train_acc=0.9971 test_acc=0.0402 | ‖W‖=63.58 rank=39.2 fourier=0.109 | time=80.4s
Step 14900 | train_loss=0.1954 test_loss=6.6057 | train_acc=0.9923 test_acc=0.0447 | ‖W‖=63.46 rank=39.0 fourier=0.108 | time=80.9s
Step 15000 | train_loss=0.2801 test_loss=6.5952 | train_acc=0.9770 test_acc=0.0406 | ‖W‖=64.71 rank=39.9 fourier=0.109 | time=81.4s
Step 15100 | train_loss=0.1344 test_loss=6.5344 | train_acc=0.9981 test_acc=0.0435 | ‖W‖=63.22 rank=39.0 fourier=0.109 | time=82.0s
Step 15200 | train_loss=0.4176 test_loss=6.3859 | train_acc=0.9387 test_acc=0.0369 | ‖W‖=62.68 rank=39.3 fourier=0.109 | time=82.6s
Step 15300 | train_loss=0.1192 test_loss=6.6815 | train_acc=0.9990 test_acc=0.0484 | ‖W‖=63.08 rank=38.7 fourier=0.111 | time=83.1s
Step 15400 | train_loss=0.3604 test_loss=6.4574 | train_acc=0.9492 test_acc=0.0410 | ‖W‖=61.95 rank=38.7 fourier=0.111 | time=83.7s
Step 15500 | train_loss=0.3445 test_loss=6.6674 | train_acc=0.9483 test_acc=0.0390 | ‖W‖=64.04 rank=39.5 fourier=0.110 | time=84.2s
Step 15600 | train_loss=0.1078 test_loss=6.6968 | train_acc=1.0000 test_acc=0.0476 | ‖W‖=62.52 rank=38.8 fourier=0.110 | time=84.8s
Step 15700 | train_loss=0.3392 test_loss=6.6095 | train_acc=0.9598 test_acc=0.0427 | ‖W‖=63.22 rank=39.4 fourier=0.111 | time=85.3s
Step 15800 | train_loss=0.2789 test_loss=6.7931 | train_acc=0.9693 test_acc=0.0394 | ‖W‖=63.99 rank=39.7 fourier=0.110 | time=85.8s
Step 15900 | train_loss=0.1236 test_loss=6.5824 | train_acc=0.9990 test_acc=0.0460 | ‖W‖=62.13 rank=39.0 fourier=0.110 | time=86.3s
Step 16000 | train_loss=0.2751 test_loss=6.4161 | train_acc=0.9751 test_acc=0.0419 | ‖W‖=61.24 rank=38.6 fourier=0.111 | time=86.9s
Step 16100 | train_loss=0.6964 test_loss=6.5335 | train_acc=0.8352 test_acc=0.0349 | ‖W‖=62.85 rank=39.8 fourier=0.109 | time=87.4s
Step 16200 | train_loss=0.1629 test_loss=6.8545 | train_acc=0.9923 test_acc=0.0414 | ‖W‖=63.53 rank=39.7 fourier=0.109 | time=88.0s
Step 16300 | train_loss=0.1068 test_loss=6.5844 | train_acc=0.9981 test_acc=0.0472 | ‖W‖=60.96 rank=38.7 fourier=0.109 | time=88.5s
Step 16400 | train_loss=0.4091 test_loss=6.4557 | train_acc=0.9502 test_acc=0.0378 | ‖W‖=63.50 rank=40.1 fourier=0.112 | time=89.1s
Step 16500 | train_loss=0.1909 test_loss=6.6497 | train_acc=0.9914 test_acc=0.0423 | ‖W‖=62.27 rank=39.2 fourier=0.111 | time=89.6s
Step 16600 | train_loss=0.2065 test_loss=6.7084 | train_acc=0.9914 test_acc=0.0447 | ‖W‖=62.36 rank=39.3 fourier=0.109 | time=90.2s
Step 16700 | train_loss=0.2389 test_loss=6.7190 | train_acc=0.9799 test_acc=0.0398 | ‖W‖=62.39 rank=39.2 fourier=0.109 | time=90.7s
Step 16800 | train_loss=0.1701 test_loss=6.5865 | train_acc=0.9981 test_acc=0.0464 | ‖W‖=62.40 rank=39.3 fourier=0.110 | time=91.3s
Step 16900 | train_loss=0.3477 test_loss=6.6295 | train_acc=0.9521 test_acc=0.0316 | ‖W‖=62.39 rank=39.2 fourier=0.109 | time=91.8s
Step 17000 | train_loss=0.2545 test_loss=6.7080 | train_acc=0.9713 test_acc=0.0402 | ‖W‖=63.05 rank=39.5 fourier=0.109 | time=92.3s
Step 17100 | train_loss=0.1660 test_loss=6.6438 | train_acc=0.9952 test_acc=0.0439 | ‖W‖=62.39 rank=39.0 fourier=0.109 | time=92.8s
Step 17200 | train_loss=0.2657 test_loss=6.5037 | train_acc=0.9789 test_acc=0.0410 | ‖W‖=61.67 rank=38.7 fourier=0.110 | time=93.4s
Step 17300 | train_loss=0.1983 test_loss=6.7635 | train_acc=0.9895 test_acc=0.0394 | ‖W‖=63.39 rank=39.8 fourier=0.110 | time=94.0s
Step 17400 | train_loss=0.1272 test_loss=6.5350 | train_acc=0.9952 test_acc=0.0464 | ‖W‖=61.17 rank=38.8 fourier=0.111 | time=94.5s
Step 17500 | train_loss=0.2786 test_loss=6.5986 | train_acc=0.9713 test_acc=0.0378 | ‖W‖=61.64 rank=38.7 fourier=0.110 | time=95.0s
Step 17600 | train_loss=0.2690 test_loss=6.6176 | train_acc=0.9770 test_acc=0.0406 | ‖W‖=62.49 rank=39.4 fourier=0.111 | time=95.6s
Step 17700 | train_loss=0.1096 test_loss=6.7219 | train_acc=0.9981 test_acc=0.0464 | ‖W‖=61.68 rank=38.8 fourier=0.111 | time=96.2s
Step 17800 | train_loss=0.5309 test_loss=6.6093 | train_acc=0.8937 test_acc=0.0336 | ‖W‖=63.37 rank=39.8 fourier=0.111 | time=96.7s
Step 17900 | train_loss=0.1492 test_loss=6.7971 | train_acc=0.9923 test_acc=0.0484 | ‖W‖=63.08 rank=39.6 fourier=0.110 | time=97.2s
Step 18000 | train_loss=0.1882 test_loss=6.5729 | train_acc=0.9837 test_acc=0.0410 | ‖W‖=61.37 rank=38.9 fourier=0.111 | time=97.8s
Step 18100 | train_loss=0.5686 test_loss=6.6312 | train_acc=0.8793 test_acc=0.0369 | ‖W‖=63.49 rank=39.9 fourier=0.110 | time=98.3s
Step 18200 | train_loss=0.0917 test_loss=6.7594 | train_acc=1.0000 test_acc=0.0480 | ‖W‖=62.64 rank=39.3 fourier=0.111 | time=98.8s
Step 18300 | train_loss=0.2888 test_loss=6.7051 | train_acc=0.9722 test_acc=0.0357 | ‖W‖=62.04 rank=39.1 fourier=0.111 | time=99.3s
Step 18400 | train_loss=0.3355 test_loss=6.7529 | train_acc=0.9579 test_acc=0.0394 | ‖W‖=64.10 rank=40.1 fourier=0.109 | time=100.0s
Step 18500 | train_loss=0.1043 test_loss=6.6366 | train_acc=0.9971 test_acc=0.0472 | ‖W‖=61.75 rank=39.0 fourier=0.110 | time=100.5s
Step 18600 | train_loss=0.3279 test_loss=6.6310 | train_acc=0.9674 test_acc=0.0369 | ‖W‖=62.03 rank=39.2 fourier=0.111 | time=101.0s
Step 18700 | train_loss=0.1383 test_loss=6.8305 | train_acc=0.9952 test_acc=0.0460 | ‖W‖=62.38 rank=39.0 fourier=0.111 | time=101.5s
Step 18800 | train_loss=0.3172 test_loss=6.7863 | train_acc=0.9559 test_acc=0.0394 | ‖W‖=62.49 rank=39.5 fourier=0.110 | time=102.1s
Step 18900 | train_loss=0.2197 test_loss=6.7393 | train_acc=0.9789 test_acc=0.0378 | ‖W‖=62.21 rank=39.4 fourier=0.110 | time=102.7s
Step 19000 | train_loss=0.2120 test_loss=6.7511 | train_acc=0.9847 test_acc=0.0386 | ‖W‖=62.78 rank=39.5 fourier=0.111 | time=103.2s
Step 19100 | train_loss=0.1075 test_loss=6.6698 | train_acc=0.9990 test_acc=0.0460 | ‖W‖=61.66 rank=39.0 fourier=0.110 | time=103.7s
Step 19200 | train_loss=0.1705 test_loss=6.5275 | train_acc=0.9875 test_acc=0.0423 | ‖W‖=60.59 rank=38.6 fourier=0.110 | time=104.3s
Step 19300 | train_loss=0.5857 test_loss=6.6170 | train_acc=0.8793 test_acc=0.0291 | ‖W‖=62.77 rank=40.0 fourier=0.109 | time=104.8s
Step 19400 | train_loss=0.1421 test_loss=6.8458 | train_acc=0.9962 test_acc=0.0460 | ‖W‖=62.98 rank=39.5 fourier=0.111 | time=105.3s
Step 19500 | train_loss=0.1321 test_loss=6.5769 | train_acc=0.9981 test_acc=0.0464 | ‖W‖=60.36 rank=38.7 fourier=0.111 | time=105.9s
Step 19600 | train_loss=0.4476 test_loss=6.6986 | train_acc=0.9176 test_acc=0.0357 | ‖W‖=63.36 rank=39.8 fourier=0.111 | time=106.5s
Step 19700 | train_loss=0.1856 test_loss=6.7823 | train_acc=0.9895 test_acc=0.0443 | ‖W‖=63.78 rank=40.0 fourier=0.109 | time=107.0s
Step 19800 | train_loss=0.1234 test_loss=6.7664 | train_acc=0.9971 test_acc=0.0480 | ‖W‖=61.06 rank=38.8 fourier=0.111 | time=107.5s
Step 19900 | train_loss=0.5420 test_loss=6.2621 | train_acc=0.9243 test_acc=0.0419 | ‖W‖=62.13 rank=39.6 fourier=0.111 | time=108.0s
Step 20000 | train_loss=0.1952 test_loss=6.7750 | train_acc=0.9866 test_acc=0.0435 | ‖W‖=62.85 rank=39.6 fourier=0.111 | time=108.6s
Step 20100 | train_loss=0.1015 test_loss=6.6523 | train_acc=0.9971 test_acc=0.0484 | ‖W‖=60.78 rank=38.9 fourier=0.111 | time=109.1s
Step 20200 | train_loss=0.2413 test_loss=6.4335 | train_acc=0.9943 test_acc=0.0476 | ‖W‖=61.93 rank=39.3 fourier=0.111 | time=109.7s
Step 20300 | train_loss=0.1651 test_loss=6.7351 | train_acc=0.9971 test_acc=0.0394 | ‖W‖=61.99 rank=39.1 fourier=0.110 | time=110.2s
Step 20400 | train_loss=0.1949 test_loss=6.7731 | train_acc=0.9933 test_acc=0.0386 | ‖W‖=61.62 rank=38.9 fourier=0.111 | time=110.8s
Step 20500 | train_loss=0.1805 test_loss=6.5506 | train_acc=0.9895 test_acc=0.0427 | ‖W‖=60.65 rank=38.7 fourier=0.111 | time=111.3s
Step 20600 | train_loss=0.5902 test_loss=6.6464 | train_acc=0.8793 test_acc=0.0332 | ‖W‖=61.86 rank=39.7 fourier=0.112 | time=111.8s
Step 20700 | train_loss=0.2536 test_loss=7.0308 | train_acc=0.9665 test_acc=0.0357 | ‖W‖=62.84 rank=39.8 fourier=0.110 | time=112.3s
Step 20800 | train_loss=0.1037 test_loss=6.6900 | train_acc=0.9990 test_acc=0.0476 | ‖W‖=60.56 rank=38.9 fourier=0.111 | time=112.9s
Step 20900 | train_loss=0.4605 test_loss=6.5782 | train_acc=0.9272 test_acc=0.0414 | ‖W‖=61.05 rank=39.4 fourier=0.112 | time=113.5s
Step 21000 | train_loss=0.4561 test_loss=6.9008 | train_acc=0.9109 test_acc=0.0386 | ‖W‖=62.79 rank=39.5 fourier=0.110 | time=114.0s
Step 21100 | train_loss=0.1309 test_loss=6.9484 | train_acc=0.9981 test_acc=0.0402 | ‖W‖=62.38 rank=39.3 fourier=0.111 | time=114.5s
Step 21200 | train_loss=0.2641 test_loss=6.5323 | train_acc=0.9789 test_acc=0.0443 | ‖W‖=60.62 rank=38.8 fourier=0.111 | time=115.1s
Step 21300 | train_loss=0.3281 test_loss=6.6184 | train_acc=0.9531 test_acc=0.0369 | ‖W‖=62.14 rank=39.6 fourier=0.110 | time=115.7s
Step 21400 | train_loss=0.1829 test_loss=6.6643 | train_acc=0.9799 test_acc=0.0419 | ‖W‖=60.81 rank=39.1 fourier=0.111 | time=116.2s
Step 21500 | train_loss=0.3171 test_loss=6.5745 | train_acc=0.9655 test_acc=0.0464 | ‖W‖=60.54 rank=39.0 fourier=0.111 | time=116.7s
Step 21600 | train_loss=0.2613 test_loss=6.8028 | train_acc=0.9799 test_acc=0.0414 | ‖W‖=62.04 rank=39.7 fourier=0.112 | time=117.3s
Step 21700 | train_loss=0.0953 test_loss=6.6922 | train_acc=0.9990 test_acc=0.0472 | ‖W‖=59.57 rank=38.8 fourier=0.111 | time=117.8s
Step 21800 | train_loss=0.3379 test_loss=6.3778 | train_acc=0.9732 test_acc=0.0443 | ‖W‖=60.38 rank=39.3 fourier=0.112 | time=118.3s
Step 21900 | train_loss=0.2458 test_loss=6.6862 | train_acc=0.9789 test_acc=0.0410 | ‖W‖=61.18 rank=39.2 fourier=0.112 | time=118.8s
Step 22000 | train_loss=0.1885 test_loss=6.7249 | train_acc=0.9885 test_acc=0.0464 | ‖W‖=61.60 rank=39.7 fourier=0.113 | time=119.5s
Step 22100 | train_loss=0.1192 test_loss=6.6210 | train_acc=0.9981 test_acc=0.0488 | ‖W‖=59.52 rank=38.7 fourier=0.112 | time=120.0s
Step 22200 | train_loss=0.7406 test_loss=6.6689 | train_acc=0.7960 test_acc=0.0308 | ‖W‖=61.87 rank=39.9 fourier=0.111 | time=120.5s
Step 22300 | train_loss=0.1989 test_loss=6.9912 | train_acc=0.9875 test_acc=0.0369 | ‖W‖=62.23 rank=40.0 fourier=0.110 | time=121.1s
Step 22400 | train_loss=0.1087 test_loss=6.5578 | train_acc=1.0000 test_acc=0.0546 | ‖W‖=59.67 rank=38.9 fourier=0.111 | time=121.7s
Step 22500 | train_loss=0.4574 test_loss=6.5971 | train_acc=0.9138 test_acc=0.0328 | ‖W‖=61.36 rank=39.4 fourier=0.113 | time=122.2s
Step 22600 | train_loss=0.1390 test_loss=6.7597 | train_acc=0.9990 test_acc=0.0419 | ‖W‖=61.72 rank=39.7 fourier=0.110 | time=122.7s
Step 22700 | train_loss=0.1339 test_loss=6.4260 | train_acc=0.9981 test_acc=0.0505 | ‖W‖=59.38 rank=38.9 fourier=0.111 | time=123.2s
Step 22800 | train_loss=0.3079 test_loss=6.5858 | train_acc=0.9646 test_acc=0.0423 | ‖W‖=60.32 rank=39.2 fourier=0.111 | time=123.8s
Step 22900 | train_loss=0.3450 test_loss=6.7736 | train_acc=0.9464 test_acc=0.0349 | ‖W‖=61.33 rank=39.6 fourier=0.111 | time=124.3s
Step 23000 | train_loss=0.1811 test_loss=6.7608 | train_acc=0.9914 test_acc=0.0435 | ‖W‖=61.01 rank=39.4 fourier=0.111 | time=124.8s
Step 23100 | train_loss=0.1373 test_loss=6.6669 | train_acc=0.9914 test_acc=0.0513 | ‖W‖=59.34 rank=38.7 fourier=0.111 | time=125.4s
Step 23200 | train_loss=0.3556 test_loss=6.7257 | train_acc=0.9579 test_acc=0.0365 | ‖W‖=61.45 rank=39.8 fourier=0.111 | time=126.0s
Step 23300 | train_loss=0.3114 test_loss=6.6813 | train_acc=0.9598 test_acc=0.0349 | ‖W‖=60.99 rank=39.5 fourier=0.111 | time=126.5s
Step 23400 | train_loss=0.2247 test_loss=6.7907 | train_acc=0.9828 test_acc=0.0361 | ‖W‖=60.95 rank=39.3 fourier=0.111 | time=127.0s
Step 23500 | train_loss=0.1168 test_loss=6.6393 | train_acc=0.9990 test_acc=0.0431 | ‖W‖=59.49 rank=38.9 fourier=0.111 | time=127.6s
Step 23600 | train_loss=0.2547 test_loss=6.4919 | train_acc=0.9808 test_acc=0.0468 | ‖W‖=59.97 rank=39.2 fourier=0.113 | time=128.2s
Step 23700 | train_loss=0.2836 test_loss=6.8256 | train_acc=0.9674 test_acc=0.0353 | ‖W‖=61.21 rank=39.8 fourier=0.111 | time=128.7s
Step 23800 | train_loss=0.1314 test_loss=6.6670 | train_acc=0.9990 test_acc=0.0423 | ‖W‖=60.75 rank=39.6 fourier=0.111 | time=129.2s
Step 23900 | train_loss=0.2890 test_loss=6.5524 | train_acc=0.9703 test_acc=0.0435 | ‖W‖=59.13 rank=38.6 fourier=0.111 | time=129.7s
Step 24000 | train_loss=0.4290 test_loss=6.4743 | train_acc=0.9387 test_acc=0.0324 | ‖W‖=60.81 rank=39.9 fourier=0.111 | time=130.3s
Step 24100 | train_loss=0.1512 test_loss=6.7821 | train_acc=0.9952 test_acc=0.0431 | ‖W‖=59.68 rank=39.1 fourier=0.110 | time=130.8s
Step 24200 | train_loss=0.5406 test_loss=6.4974 | train_acc=0.9071 test_acc=0.0324 | ‖W‖=59.40 rank=39.2 fourier=0.111 | time=131.3s
Step 24300 | train_loss=0.2133 test_loss=6.7642 | train_acc=0.9866 test_acc=0.0398 | ‖W‖=61.40 rank=39.9 fourier=0.111 | time=131.9s
Step 24400 | train_loss=0.1000 test_loss=6.6434 | train_acc=0.9981 test_acc=0.0480 | ‖W‖=59.31 rank=39.0 fourier=0.111 | time=132.5s
Step 24500 | train_loss=0.2397 test_loss=6.5727 | train_acc=0.9789 test_acc=0.0382 | ‖W‖=58.51 rank=38.5 fourier=0.111 | time=133.0s
Step 24600 | train_loss=0.3739 test_loss=6.7728 | train_acc=0.9387 test_acc=0.0406 | ‖W‖=60.97 rank=39.5 fourier=0.111 | time=133.5s
Step 24700 | train_loss=0.0999 test_loss=6.8304 | train_acc=0.9990 test_acc=0.0431 | ‖W‖=60.34 rank=39.3 fourier=0.112 | time=134.1s
Step 24800 | train_loss=0.2180 test_loss=6.5972 | train_acc=0.9895 test_acc=0.0390 | ‖W‖=58.83 rank=38.8 fourier=0.112 | time=134.7s
Step 24900 | train_loss=0.1162 test_loss=6.6274 | train_acc=1.0000 test_acc=0.0460 | ‖W‖=59.41 rank=38.8 fourier=0.111 | time=135.2s
Step 25000 | train_loss=0.2850 test_loss=6.7397 | train_acc=0.9655 test_acc=0.0431 | ‖W‖=60.32 rank=39.1 fourier=0.111 | time=135.7s
Step 25100 | train_loss=0.2828 test_loss=6.6762 | train_acc=0.9713 test_acc=0.0394 | ‖W‖=60.92 rank=39.8 fourier=0.112 | time=136.2s
Step 25200 | train_loss=0.0846 test_loss=6.7862 | train_acc=1.0000 test_acc=0.0447 | ‖W‖=58.99 rank=38.8 fourier=0.113 | time=136.9s
Step 25300 | train_loss=0.4318 test_loss=6.7380 | train_acc=0.9138 test_acc=0.0324 | ‖W‖=60.57 rank=39.6 fourier=0.111 | time=137.4s
Step 25400 | train_loss=0.1187 test_loss=6.7601 | train_acc=1.0000 test_acc=0.0419 | ‖W‖=60.55 rank=39.6 fourier=0.110 | time=137.9s
Step 25500 | train_loss=0.1664 test_loss=6.5434 | train_acc=0.9914 test_acc=0.0410 | ‖W‖=58.01 rank=38.7 fourier=0.112 | time=138.4s
Step 25600 | train_loss=0.6467 test_loss=6.6449 | train_acc=0.8506 test_acc=0.0341 | ‖W‖=61.37 rank=40.4 fourier=0.110 | time=139.0s
Step 25700 | train_loss=0.1618 test_loss=6.9499 | train_acc=0.9943 test_acc=0.0386 | ‖W‖=60.73 rank=39.6 fourier=0.112 | time=139.5s
Step 25800 | train_loss=0.1835 test_loss=6.7300 | train_acc=0.9780 test_acc=0.0402 | ‖W‖=58.76 rank=38.8 fourier=0.113 | time=140.0s
Step 25900 | train_loss=0.4306 test_loss=6.5659 | train_acc=0.9301 test_acc=0.0357 | ‖W‖=60.47 rank=39.4 fourier=0.111 | time=140.5s
Step 26000 | train_loss=0.3176 test_loss=6.8467 | train_acc=0.9425 test_acc=0.0324 | ‖W‖=61.27 rank=39.8 fourier=0.112 | time=141.2s
Step 26100 | train_loss=0.1704 test_loss=6.7509 | train_acc=0.9923 test_acc=0.0398 | ‖W‖=61.07 rank=39.7 fourier=0.111 | time=141.7s
Step 26200 | train_loss=0.1243 test_loss=6.6017 | train_acc=0.9990 test_acc=0.0439 | ‖W‖=59.22 rank=39.0 fourier=0.112 | time=142.2s
Step 26300 | train_loss=0.3172 test_loss=6.5014 | train_acc=0.9684 test_acc=0.0398 | ‖W‖=59.96 rank=39.2 fourier=0.113 | time=142.7s
Step 26400 | train_loss=0.3526 test_loss=6.7656 | train_acc=0.9397 test_acc=0.0373 | ‖W‖=61.85 rank=40.0 fourier=0.109 | time=143.4s
Step 26500 | train_loss=0.1069 test_loss=6.7344 | train_acc=1.0000 test_acc=0.0431 | ‖W‖=60.09 rank=39.4 fourier=0.112 | time=143.9s
Step 26600 | train_loss=0.2172 test_loss=6.4514 | train_acc=0.9885 test_acc=0.0410 | ‖W‖=58.97 rank=38.9 fourier=0.112 | time=144.4s
Step 26700 | train_loss=0.3578 test_loss=6.7254 | train_acc=0.9397 test_acc=0.0357 | ‖W‖=60.15 rank=39.4 fourier=0.112 | time=144.9s
Step 26800 | train_loss=0.2147 test_loss=7.0107 | train_acc=0.9818 test_acc=0.0316 | ‖W‖=60.91 rank=39.5 fourier=0.111 | time=145.5s
Step 26900 | train_loss=0.2058 test_loss=6.7353 | train_acc=0.9837 test_acc=0.0373 | ‖W‖=59.24 rank=38.9 fourier=0.113 | time=146.0s
Step 27000 | train_loss=0.1912 test_loss=6.5469 | train_acc=0.9943 test_acc=0.0410 | ‖W‖=59.91 rank=39.1 fourier=0.113 | time=146.5s
Step 27100 | train_loss=0.4192 test_loss=6.6779 | train_acc=0.9320 test_acc=0.0328 | ‖W‖=61.43 rank=40.2 fourier=0.111 | time=147.1s
Step 27200 | train_loss=0.1083 test_loss=6.8608 | train_acc=1.0000 test_acc=0.0468 | ‖W‖=59.88 rank=39.2 fourier=0.111 | time=147.7s
Step 27300 | train_loss=0.1880 test_loss=6.5875 | train_acc=0.9914 test_acc=0.0402 | ‖W‖=58.24 rank=38.5 fourier=0.112 | time=148.2s
Step 27400 | train_loss=0.3425 test_loss=6.6014 | train_acc=0.9531 test_acc=0.0382 | ‖W‖=60.80 rank=39.6 fourier=0.112 | time=148.7s
Step 27500 | train_loss=0.0920 test_loss=6.6676 | train_acc=1.0000 test_acc=0.0497 | ‖W‖=59.08 rank=38.8 fourier=0.112 | time=149.3s
Step 27600 | train_loss=0.2572 test_loss=6.5991 | train_acc=0.9837 test_acc=0.0427 | ‖W‖=59.43 rank=39.1 fourier=0.113 | time=149.9s
Step 27700 | train_loss=0.2667 test_loss=6.7263 | train_acc=0.9789 test_acc=0.0410 | ‖W‖=61.19 rank=40.0 fourier=0.110 | time=150.4s
Step 27800 | train_loss=0.1099 test_loss=6.7783 | train_acc=0.9990 test_acc=0.0431 | ‖W‖=59.36 rank=39.4 fourier=0.112 | time=150.9s
Step 27900 | train_loss=0.1626 test_loss=6.5578 | train_acc=0.9943 test_acc=0.0447 | ‖W‖=57.90 rank=38.9 fourier=0.112 | time=151.4s
Step 28000 | train_loss=0.3368 test_loss=6.6718 | train_acc=0.9579 test_acc=0.0373 | ‖W‖=60.85 rank=40.0 fourier=0.111 | time=152.0s
Step 28100 | train_loss=0.1006 test_loss=6.7443 | train_acc=1.0000 test_acc=0.0497 | ‖W‖=59.19 rank=39.2 fourier=0.111 | time=152.5s
Step 28200 | train_loss=0.3331 test_loss=6.7302 | train_acc=0.9579 test_acc=0.0336 | ‖W‖=60.29 rank=39.7 fourier=0.113 | time=153.1s
Step 28300 | train_loss=0.1295 test_loss=6.7043 | train_acc=0.9990 test_acc=0.0464 | ‖W‖=58.45 rank=38.8 fourier=0.112 | time=153.6s
Step 28400 | train_loss=0.2056 test_loss=6.4975 | train_acc=0.9895 test_acc=0.0451 | ‖W‖=57.86 rank=38.9 fourier=0.112 | time=154.2s
Step 28500 | train_loss=0.2239 test_loss=6.8850 | train_acc=0.9856 test_acc=0.0365 | ‖W‖=59.75 rank=39.4 fourier=0.111 | time=154.7s
Step 28600 | train_loss=0.5205 test_loss=6.6216 | train_acc=0.8975 test_acc=0.0419 | ‖W‖=58.99 rank=39.1 fourier=0.111 | time=155.3s
Step 28700 | train_loss=0.2313 test_loss=6.8934 | train_acc=0.9847 test_acc=0.0410 | ‖W‖=60.04 rank=39.7 fourier=0.111 | time=155.8s
Step 28800 | train_loss=0.2674 test_loss=6.7847 | train_acc=0.9722 test_acc=0.0394 | ‖W‖=59.24 rank=39.6 fourier=0.111 | time=156.3s
Step 28900 | train_loss=0.1107 test_loss=6.7380 | train_acc=0.9962 test_acc=0.0455 | ‖W‖=58.34 rank=39.3 fourier=0.111 | time=156.9s
Step 29000 | train_loss=0.1501 test_loss=6.5148 | train_acc=0.9990 test_acc=0.0423 | ‖W‖=57.17 rank=38.7 fourier=0.112 | time=157.4s
Step 29100 | train_loss=0.3447 test_loss=6.9483 | train_acc=0.9387 test_acc=0.0349 | ‖W‖=59.20 rank=39.8 fourier=0.112 | time=157.9s
Step 29200 | train_loss=0.3472 test_loss=6.8502 | train_acc=0.9435 test_acc=0.0345 | ‖W‖=59.63 rank=40.0 fourier=0.111 | time=158.5s
Step 29300 | train_loss=0.0940 test_loss=6.9097 | train_acc=1.0000 test_acc=0.0447 | ‖W‖=58.35 rank=39.4 fourier=0.110 | time=159.1s
Step 29400 | train_loss=0.1224 test_loss=6.5233 | train_acc=0.9962 test_acc=0.0480 | ‖W‖=56.71 rank=38.6 fourier=0.111 | time=159.6s
Step 29500 | train_loss=0.4570 test_loss=6.7479 | train_acc=0.9128 test_acc=0.0341 | ‖W‖=58.96 rank=39.8 fourier=0.111 | time=160.1s
Step 29600 | train_loss=0.1730 test_loss=6.9301 | train_acc=0.9933 test_acc=0.0414 | ‖W‖=60.45 rank=40.3 fourier=0.109 | time=160.7s
Step 29700 | train_loss=0.1134 test_loss=6.5555 | train_acc=0.9971 test_acc=0.0460 | ‖W‖=57.51 rank=39.2 fourier=0.112 | time=161.3s
Step 29800 | train_loss=0.3467 test_loss=6.6551 | train_acc=0.9540 test_acc=0.0386 | ‖W‖=59.14 rank=39.6 fourier=0.111 | time=161.8s
Step 29900 | train_loss=0.1466 test_loss=6.7566 | train_acc=0.9981 test_acc=0.0398 | ‖W‖=59.47 rank=39.6 fourier=0.109 | time=162.3s
Step 30000 | train_loss=0.0913 test_loss=6.6304 | train_acc=1.0000 test_acc=0.0431 | ‖W‖=57.25 rank=38.9 fourier=0.111 | time=162.8s
Step 30100 | train_loss=0.3176 test_loss=6.4063 | train_acc=0.9598 test_acc=0.0386 | ‖W‖=58.03 rank=39.0 fourier=0.111 | time=163.4s
Step 30200 | train_loss=0.2263 test_loss=6.7800 | train_acc=0.9828 test_acc=0.0435 | ‖W‖=60.07 rank=40.0 fourier=0.111 | time=163.9s
Step 30300 | train_loss=0.0913 test_loss=6.7354 | train_acc=1.0000 test_acc=0.0472 | ‖W‖=58.17 rank=39.3 fourier=0.112 | time=164.5s
Step 30400 | train_loss=0.2910 test_loss=6.7236 | train_acc=0.9665 test_acc=0.0373 | ‖W‖=58.46 rank=39.4 fourier=0.111 | time=165.0s
Step 30500 | train_loss=0.3462 test_loss=6.7395 | train_acc=0.9521 test_acc=0.0390 | ‖W‖=58.66 rank=39.2 fourier=0.112 | time=165.6s
Step 30600 | train_loss=0.1659 test_loss=6.8185 | train_acc=0.9962 test_acc=0.0414 | ‖W‖=59.64 rank=40.0 fourier=0.111 | time=166.1s
Step 30700 | train_loss=0.1119 test_loss=6.7166 | train_acc=0.9990 test_acc=0.0431 | ‖W‖=57.47 rank=39.0 fourier=0.111 | time=166.6s
Step 30800 | train_loss=0.5807 test_loss=6.5766 | train_acc=0.8669 test_acc=0.0341 | ‖W‖=58.31 rank=39.8 fourier=0.112 | time=167.2s
Step 30900 | train_loss=0.2683 test_loss=6.9593 | train_acc=0.9713 test_acc=0.0414 | ‖W‖=59.78 rank=40.1 fourier=0.111 | time=167.7s
Step 31000 | train_loss=0.0936 test_loss=6.6462 | train_acc=1.0000 test_acc=0.0488 | ‖W‖=57.83 rank=39.3 fourier=0.112 | time=168.3s
Step 31100 | train_loss=0.5364 test_loss=6.7560 | train_acc=0.8860 test_acc=0.0316 | ‖W‖=59.98 rank=40.1 fourier=0.111 | time=168.8s
Step 31200 | train_loss=0.1170 test_loss=6.8032 | train_acc=0.9962 test_acc=0.0447 | ‖W‖=58.74 rank=39.2 fourier=0.113 | time=169.4s
Step 31300 | train_loss=0.2191 test_loss=6.7307 | train_acc=0.9741 test_acc=0.0414 | ‖W‖=58.89 rank=39.4 fourier=0.112 | time=169.9s
Step 31400 | train_loss=0.2022 test_loss=6.4619 | train_acc=0.9895 test_acc=0.0390 | ‖W‖=57.54 rank=38.8 fourier=0.113 | time=170.5s
Step 31500 | train_loss=0.4763 test_loss=6.6956 | train_acc=0.9109 test_acc=0.0353 | ‖W‖=60.17 rank=40.1 fourier=0.113 | time=171.0s
Step 31600 | train_loss=0.0965 test_loss=6.8099 | train_acc=1.0000 test_acc=0.0468 | ‖W‖=58.97 rank=39.7 fourier=0.112 | time=171.6s
Step 31700 | train_loss=0.1199 test_loss=6.6432 | train_acc=1.0000 test_acc=0.0414 | ‖W‖=56.81 rank=38.9 fourier=0.113 | time=172.1s
Step 31800 | train_loss=0.3216 test_loss=6.6943 | train_acc=0.9636 test_acc=0.0308 | ‖W‖=59.58 rank=39.8 fourier=0.111 | time=172.6s
Step 31900 | train_loss=0.2863 test_loss=6.8355 | train_acc=0.9626 test_acc=0.0365 | ‖W‖=59.49 rank=39.9 fourier=0.112 | time=173.1s
Step 32000 | train_loss=0.1114 test_loss=6.8098 | train_acc=0.9962 test_acc=0.0464 | ‖W‖=58.17 rank=39.3 fourier=0.112 | time=173.7s
Step 32100 | train_loss=0.2853 test_loss=6.6967 | train_acc=0.9703 test_acc=0.0402 | ‖W‖=58.35 rank=39.2 fourier=0.113 | time=174.3s
Step 32200 | train_loss=0.4921 test_loss=6.8588 | train_acc=0.8956 test_acc=0.0341 | ‖W‖=60.34 rank=40.4 fourier=0.113 | time=174.8s
Step 32300 | train_loss=0.0892 test_loss=6.8522 | train_acc=1.0000 test_acc=0.0464 | ‖W‖=58.84 rank=39.5 fourier=0.111 | time=175.3s
Step 32400 | train_loss=0.2983 test_loss=6.5111 | train_acc=0.9751 test_acc=0.0398 | ‖W‖=57.35 rank=39.2 fourier=0.113 | time=175.9s
Step 32500 | train_loss=0.2017 test_loss=6.6796 | train_acc=0.9789 test_acc=0.0439 | ‖W‖=58.48 rank=39.2 fourier=0.113 | time=176.5s
Step 32600 | train_loss=0.2796 test_loss=6.8482 | train_acc=0.9703 test_acc=0.0341 | ‖W‖=59.82 rank=40.0 fourier=0.113 | time=177.0s
Step 32700 | train_loss=0.1405 test_loss=6.6272 | train_acc=0.9971 test_acc=0.0402 | ‖W‖=58.30 rank=39.4 fourier=0.113 | time=177.5s
Step 32800 | train_loss=0.1575 test_loss=6.5646 | train_acc=0.9943 test_acc=0.0451 | ‖W‖=56.74 rank=38.8 fourier=0.112 | time=178.1s
Step 32900 | train_loss=0.2726 test_loss=6.7614 | train_acc=0.9674 test_acc=0.0431 | ‖W‖=59.18 rank=39.3 fourier=0.114 | time=178.6s
Step 33000 | train_loss=0.1026 test_loss=6.7274 | train_acc=1.0000 test_acc=0.0476 | ‖W‖=57.45 rank=38.9 fourier=0.112 | time=179.1s
Step 33100 | train_loss=0.2406 test_loss=6.8212 | train_acc=0.9799 test_acc=0.0369 | ‖W‖=58.89 rank=39.6 fourier=0.113 | time=179.6s
Step 33200 | train_loss=0.1564 test_loss=6.5883 | train_acc=0.9943 test_acc=0.0394 | ‖W‖=57.18 rank=39.0 fourier=0.112 | time=180.2s
Step 33300 | train_loss=0.2351 test_loss=6.7408 | train_acc=0.9837 test_acc=0.0316 | ‖W‖=59.57 rank=40.1 fourier=0.111 | time=180.8s
Step 33400 | train_loss=0.3223 test_loss=6.6497 | train_acc=0.9655 test_acc=0.0390 | ‖W‖=58.11 rank=39.4 fourier=0.112 | time=181.3s
Step 33500 | train_loss=0.1668 test_loss=6.7590 | train_acc=0.9962 test_acc=0.0435 | ‖W‖=58.61 rank=39.5 fourier=0.113 | time=181.8s
Step 33600 | train_loss=0.2495 test_loss=6.8061 | train_acc=0.9713 test_acc=0.0336 | ‖W‖=57.00 rank=39.2 fourier=0.113 | time=182.4s
Step 33700 | train_loss=0.2135 test_loss=6.6985 | train_acc=0.9904 test_acc=0.0378 | ‖W‖=59.50 rank=40.2 fourier=0.111 | time=182.9s
Step 33800 | train_loss=0.1456 test_loss=6.7050 | train_acc=0.9885 test_acc=0.0419 | ‖W‖=57.26 rank=39.3 fourier=0.111 | time=183.4s
Step 33900 | train_loss=0.2676 test_loss=6.5029 | train_acc=0.9780 test_acc=0.0406 | ‖W‖=57.67 rank=39.4 fourier=0.112 | time=183.9s
Step 34000 | train_loss=0.2699 test_loss=6.8976 | train_acc=0.9703 test_acc=0.0353 | ‖W‖=58.17 rank=39.7 fourier=0.110 | time=184.6s
Step 34100 | train_loss=0.1321 test_loss=6.7917 | train_acc=0.9981 test_acc=0.0464 | ‖W‖=57.13 rank=39.1 fourier=0.112 | time=185.1s
Step 34200 | train_loss=0.1607 test_loss=6.6048 | train_acc=0.9981 test_acc=0.0447 | ‖W‖=56.19 rank=38.8 fourier=0.112 | time=185.6s
Step 34300 | train_loss=0.3562 test_loss=6.7751 | train_acc=0.9521 test_acc=0.0390 | ‖W‖=58.15 rank=39.6 fourier=0.112 | time=186.1s
Step 34400 | train_loss=0.2043 test_loss=6.8686 | train_acc=0.9799 test_acc=0.0394 | ‖W‖=58.75 rank=40.0 fourier=0.112 | time=186.7s
Step 34500 | train_loss=0.1360 test_loss=6.6713 | train_acc=0.9923 test_acc=0.0464 | ‖W‖=56.72 rank=39.1 fourier=0.113 | time=187.3s
Step 34600 | train_loss=0.3106 test_loss=6.5472 | train_acc=0.9636 test_acc=0.0361 | ‖W‖=56.05 rank=38.8 fourier=0.112 | time=187.8s
Step 34700 | train_loss=0.2214 test_loss=6.8558 | train_acc=0.9799 test_acc=0.0382 | ‖W‖=58.17 rank=39.4 fourier=0.111 | time=188.3s
Step 34800 | train_loss=0.2987 test_loss=6.9010 | train_acc=0.9598 test_acc=0.0431 | ‖W‖=57.19 rank=39.2 fourier=0.111 | time=188.9s
Step 34900 | train_loss=0.1359 test_loss=6.8675 | train_acc=0.9971 test_acc=0.0406 | ‖W‖=57.75 rank=39.2 fourier=0.112 | time=189.4s
Step 35000 | train_loss=0.1754 test_loss=6.8725 | train_acc=0.9866 test_acc=0.0382 | ‖W‖=57.48 rank=39.0 fourier=0.111 | time=189.9s
Step 35100 | train_loss=0.2948 test_loss=6.9053 | train_acc=0.9636 test_acc=0.0378 | ‖W‖=57.48 rank=39.3 fourier=0.113 | time=190.5s
Step 35200 | train_loss=0.1001 test_loss=6.8694 | train_acc=1.0000 test_acc=0.0447 | ‖W‖=57.06 rank=39.0 fourier=0.113 | time=191.1s
Step 35300 | train_loss=0.3394 test_loss=6.8511 | train_acc=0.9579 test_acc=0.0378 | ‖W‖=58.59 rank=39.6 fourier=0.113 | time=191.6s
Step 35400 | train_loss=0.1075 test_loss=6.8466 | train_acc=1.0000 test_acc=0.0423 | ‖W‖=57.56 rank=39.1 fourier=0.111 | time=192.1s
Step 35500 | train_loss=0.1113 test_loss=6.6560 | train_acc=0.9990 test_acc=0.0468 | ‖W‖=55.70 rank=38.5 fourier=0.112 | time=192.7s
Step 35600 | train_loss=0.5425 test_loss=6.7780 | train_acc=0.8812 test_acc=0.0291 | ‖W‖=58.54 rank=39.9 fourier=0.113 | time=193.2s
Step 35700 | train_loss=0.1956 test_loss=6.9096 | train_acc=0.9866 test_acc=0.0431 | ‖W‖=58.65 rank=40.0 fourier=0.111 | time=193.7s
Step 35800 | train_loss=0.1213 test_loss=6.7609 | train_acc=0.9962 test_acc=0.0410 | ‖W‖=56.38 rank=39.1 fourier=0.112 | time=194.3s
Step 35900 | train_loss=0.4247 test_loss=6.6483 | train_acc=0.9310 test_acc=0.0308 | ‖W‖=58.26 rank=39.5 fourier=0.113 | time=194.9s
Step 36000 | train_loss=0.1328 test_loss=6.8751 | train_acc=0.9962 test_acc=0.0414 | ‖W‖=57.45 rank=39.3 fourier=0.112 | time=195.4s
Step 36100 | train_loss=0.3758 test_loss=6.7439 | train_acc=0.9320 test_acc=0.0373 | ‖W‖=57.24 rank=39.4 fourier=0.112 | time=195.9s
Step 36200 | train_loss=0.2207 test_loss=6.9489 | train_acc=0.9789 test_acc=0.0382 | ‖W‖=58.58 rank=39.8 fourier=0.112 | time=196.5s
Step 36300 | train_loss=0.1481 test_loss=6.6622 | train_acc=0.9962 test_acc=0.0460 | ‖W‖=57.56 rank=39.4 fourier=0.111 | time=197.0s
Step 36400 | train_loss=0.2212 test_loss=6.7388 | train_acc=0.9741 test_acc=0.0406 | ‖W‖=57.22 rank=39.4 fourier=0.113 | time=197.6s
Step 36500 | train_loss=0.2615 test_loss=6.7832 | train_acc=0.9780 test_acc=0.0308 | ‖W‖=58.28 rank=39.9 fourier=0.111 | time=198.1s
Step 36600 | train_loss=0.1600 test_loss=6.8650 | train_acc=0.9904 test_acc=0.0373 | ‖W‖=56.51 rank=39.0 fourier=0.112 | time=198.6s
Step 36700 | train_loss=0.7085 test_loss=6.7888 | train_acc=0.8314 test_acc=0.0250 | ‖W‖=56.75 rank=39.2 fourier=0.112 | time=199.2s
Step 36800 | train_loss=0.2176 test_loss=6.9616 | train_acc=0.9856 test_acc=0.0382 | ‖W‖=59.11 rank=40.0 fourier=0.111 | time=199.7s
Step 36900 | train_loss=0.1083 test_loss=6.7785 | train_acc=0.9990 test_acc=0.0423 | ‖W‖=56.61 rank=39.3 fourier=0.111 | time=200.3s
Step 37000 | train_loss=0.3221 test_loss=6.6929 | train_acc=0.9636 test_acc=0.0378 | ‖W‖=58.21 rank=39.9 fourier=0.113 | time=200.8s
Step 37100 | train_loss=0.1528 test_loss=6.6202 | train_acc=0.9847 test_acc=0.0468 | ‖W‖=57.02 rank=39.3 fourier=0.112 | time=201.3s
Step 37200 | train_loss=0.2573 test_loss=6.5749 | train_acc=0.9818 test_acc=0.0382 | ‖W‖=56.68 rank=39.1 fourier=0.111 | time=201.9s
Step 37300 | train_loss=0.3002 test_loss=6.9132 | train_acc=0.9569 test_acc=0.0345 | ‖W‖=57.78 rank=39.7 fourier=0.113 | time=202.4s
Step 37400 | train_loss=0.1415 test_loss=6.7454 | train_acc=0.9990 test_acc=0.0423 | ‖W‖=57.79 rank=39.6 fourier=0.113 | time=202.9s
Step 37500 | train_loss=0.1140 test_loss=6.6508 | train_acc=0.9990 test_acc=0.0451 | ‖W‖=55.89 rank=38.8 fourier=0.112 | time=203.5s
Step 37600 | train_loss=0.3169 test_loss=6.9460 | train_acc=0.9435 test_acc=0.0316 | ‖W‖=57.50 rank=39.4 fourier=0.110 | time=204.0s
Step 37700 | train_loss=0.2876 test_loss=6.8163 | train_acc=0.9636 test_acc=0.0353 | ‖W‖=57.90 rank=39.4 fourier=0.112 | time=204.6s
Step 37800 | train_loss=0.3693 test_loss=6.9048 | train_acc=0.9349 test_acc=0.0357 | ‖W‖=57.74 rank=39.6 fourier=0.112 | time=205.1s
Step 37900 | train_loss=0.1867 test_loss=6.8963 | train_acc=0.9904 test_acc=0.0365 | ‖W‖=58.70 rank=39.9 fourier=0.111 | time=205.7s
Step 38000 | train_loss=0.0905 test_loss=6.7119 | train_acc=1.0000 test_acc=0.0447 | ‖W‖=56.52 rank=39.2 fourier=0.112 | time=206.2s
Step 38100 | train_loss=0.6232 test_loss=6.3622 | train_acc=0.8898 test_acc=0.0345 | ‖W‖=59.03 rank=40.1 fourier=0.112 | time=206.8s
Step 38200 | train_loss=0.1389 test_loss=6.7213 | train_acc=0.9981 test_acc=0.0427 | ‖W‖=58.25 rank=39.5 fourier=0.113 | time=207.3s
Step 38300 | train_loss=0.1738 test_loss=6.8286 | train_acc=0.9923 test_acc=0.0345 | ‖W‖=56.57 rank=38.9 fourier=0.112 | time=207.8s
Step 38400 | train_loss=0.2361 test_loss=6.7664 | train_acc=0.9770 test_acc=0.0386 | ‖W‖=57.97 rank=39.1 fourier=0.112 | time=208.4s
Step 38500 | train_loss=0.1638 test_loss=6.7219 | train_acc=0.9923 test_acc=0.0361 | ‖W‖=57.25 rank=39.0 fourier=0.113 | time=208.9s
Step 38600 | train_loss=0.3851 test_loss=6.6343 | train_acc=0.9511 test_acc=0.0349 | ‖W‖=58.25 rank=39.4 fourier=0.112 | time=209.4s
Step 38700 | train_loss=0.1450 test_loss=6.8459 | train_acc=0.9952 test_acc=0.0427 | ‖W‖=58.77 rank=39.9 fourier=0.111 | time=210.0s
Step 38800 | train_loss=0.0919 test_loss=6.7141 | train_acc=1.0000 test_acc=0.0460 | ‖W‖=56.29 rank=38.9 fourier=0.112 | time=210.6s
Step 38900 | train_loss=0.4550 test_loss=6.5740 | train_acc=0.9272 test_acc=0.0386 | ‖W‖=58.30 rank=39.9 fourier=0.114 | time=211.1s
Step 39000 | train_loss=0.1473 test_loss=6.7492 | train_acc=0.9981 test_acc=0.0410 | ‖W‖=57.45 rank=39.0 fourier=0.113 | time=211.6s
Step 39100 | train_loss=0.2266 test_loss=6.5200 | train_acc=0.9828 test_acc=0.0394 | ‖W‖=56.25 rank=38.7 fourier=0.113 | time=212.1s
Step 39200 | train_loss=0.2985 test_loss=6.6886 | train_acc=0.9703 test_acc=0.0365 | ‖W‖=58.87 rank=40.3 fourier=0.112 | time=212.8s
Step 39300 | train_loss=0.1532 test_loss=6.8156 | train_acc=0.9914 test_acc=0.0423 | ‖W‖=57.47 rank=39.4 fourier=0.112 | time=213.3s
Step 39400 | train_loss=0.2280 test_loss=6.6462 | train_acc=0.9895 test_acc=0.0345 | ‖W‖=57.31 rank=39.5 fourier=0.113 | time=213.8s
Step 39500 | train_loss=0.1830 test_loss=6.8351 | train_acc=0.9943 test_acc=0.0378 | ‖W‖=57.87 rank=39.5 fourier=0.113 | time=214.3s
Step 39600 | train_loss=0.3272 test_loss=6.8127 | train_acc=0.9464 test_acc=0.0357 | ‖W‖=57.56 rank=39.3 fourier=0.111 | time=214.9s
Step 39700 | train_loss=0.3032 test_loss=6.7531 | train_acc=0.9598 test_acc=0.0410 | ‖W‖=59.29 rank=39.9 fourier=0.113 | time=215.4s
Step 39800 | train_loss=0.0998 test_loss=6.7212 | train_acc=1.0000 test_acc=0.0455 | ‖W‖=56.86 rank=39.0 fourier=0.113 | time=215.9s
Step 39900 | train_loss=0.2648 test_loss=6.5942 | train_acc=0.9751 test_acc=0.0373 | ‖W‖=57.03 rank=38.8 fourier=0.113 | time=216.5s
Step 40000 | train_loss=0.1833 test_loss=6.8884 | train_acc=0.9904 test_acc=0.0373 | ‖W‖=58.91 rank=39.7 fourier=0.113 | time=217.1s
Step 40100 | train_loss=0.1320 test_loss=6.7024 | train_acc=0.9971 test_acc=0.0394 | ‖W‖=56.89 rank=38.9 fourier=0.113 | time=217.6s
Step 40200 | train_loss=0.3075 test_loss=6.6890 | train_acc=0.9741 test_acc=0.0312 | ‖W‖=59.05 rank=40.0 fourier=0.113 | time=218.1s
Step 40300 | train_loss=0.1121 test_loss=6.8836 | train_acc=1.0000 test_acc=0.0406 | ‖W‖=58.63 rank=39.7 fourier=0.113 | time=218.6s
Step 40400 | train_loss=0.2040 test_loss=6.5657 | train_acc=0.9895 test_acc=0.0410 | ‖W‖=57.17 rank=39.1 fourier=0.113 | time=219.2s
Step 40500 | train_loss=0.4138 test_loss=6.7231 | train_acc=0.9291 test_acc=0.0361 | ‖W‖=58.84 rank=39.8 fourier=0.114 | time=219.7s
Step 40600 | train_loss=0.1251 test_loss=6.9275 | train_acc=0.9971 test_acc=0.0410 | ‖W‖=58.57 rank=39.4 fourier=0.112 | time=220.3s
Step 40700 | train_loss=0.1150 test_loss=6.6556 | train_acc=0.9990 test_acc=0.0443 | ‖W‖=56.44 rank=38.8 fourier=0.113 | time=220.9s
Step 40800 | train_loss=0.3059 test_loss=6.7845 | train_acc=0.9636 test_acc=0.0304 | ‖W‖=58.86 rank=39.4 fourier=0.112 | time=221.4s
Step 40900 | train_loss=0.1718 test_loss=6.7093 | train_acc=0.9943 test_acc=0.0394 | ‖W‖=57.33 rank=38.9 fourier=0.113 | time=221.9s
Step 41000 | train_loss=0.1670 test_loss=6.7758 | train_acc=0.9904 test_acc=0.0382 | ‖W‖=57.29 rank=38.9 fourier=0.113 | time=222.5s
Step 41100 | train_loss=0.3049 test_loss=6.8548 | train_acc=0.9550 test_acc=0.0336 | ‖W‖=58.27 rank=39.2 fourier=0.113 | time=223.0s
Step 41200 | train_loss=0.3062 test_loss=6.8264 | train_acc=0.9674 test_acc=0.0386 | ‖W‖=58.67 rank=39.7 fourier=0.111 | time=223.6s
Step 41300 | train_loss=0.2731 test_loss=6.6818 | train_acc=0.9799 test_acc=0.0390 | ‖W‖=57.64 rank=39.4 fourier=0.112 | time=224.1s
Step 41400 | train_loss=0.2812 test_loss=6.9383 | train_acc=0.9502 test_acc=0.0357 | ‖W‖=58.09 rank=39.2 fourier=0.113 | time=224.6s
Step 41500 | train_loss=0.1507 test_loss=6.8619 | train_acc=0.9990 test_acc=0.0390 | ‖W‖=58.15 rank=39.2 fourier=0.112 | time=225.2s
Step 41600 | train_loss=0.2597 test_loss=6.7849 | train_acc=0.9761 test_acc=0.0382 | ‖W‖=58.20 rank=39.4 fourier=0.111 | time=225.7s
Step 41700 | train_loss=0.1168 test_loss=6.8409 | train_acc=0.9971 test_acc=0.0419 | ‖W‖=57.23 rank=38.9 fourier=0.112 | time=226.3s
Step 41800 | train_loss=0.4518 test_loss=6.6566 | train_acc=0.8937 test_acc=0.0312 | ‖W‖=57.14 rank=39.1 fourier=0.113 | time=226.8s
Step 41900 | train_loss=0.4665 test_loss=6.8050 | train_acc=0.9234 test_acc=0.0336 | ‖W‖=60.01 rank=40.5 fourier=0.109 | time=227.3s
Step 42000 | train_loss=0.1192 test_loss=6.9304 | train_acc=0.9981 test_acc=0.0419 | ‖W‖=58.55 rank=39.9 fourier=0.112 | time=227.9s
Step 42100 | train_loss=0.1013 test_loss=6.5869 | train_acc=1.0000 test_acc=0.0435 | ‖W‖=56.01 rank=39.0 fourier=0.113 | time=228.5s
Step 42200 | train_loss=0.2658 test_loss=6.6882 | train_acc=0.9780 test_acc=0.0341 | ‖W‖=57.85 rank=39.2 fourier=0.113 | time=229.0s
Step 42300 | train_loss=0.2215 test_loss=6.7546 | train_acc=0.9895 test_acc=0.0410 | ‖W‖=59.28 rank=39.8 fourier=0.111 | time=229.5s
Step 42400 | train_loss=0.1188 test_loss=6.6805 | train_acc=0.9971 test_acc=0.0427 | ‖W‖=56.68 rank=38.9 fourier=0.112 | time=230.1s
Step 42500 | train_loss=0.1656 test_loss=6.6494 | train_acc=0.9952 test_acc=0.0373 | ‖W‖=57.37 rank=39.0 fourier=0.113 | time=230.6s
Step 42600 | train_loss=0.2979 test_loss=6.8386 | train_acc=0.9665 test_acc=0.0357 | ‖W‖=57.57 rank=39.0 fourier=0.114 | time=231.1s
Step 42700 | train_loss=0.1434 test_loss=6.7530 | train_acc=0.9981 test_acc=0.0431 | ‖W‖=57.19 rank=38.8 fourier=0.114 | time=231.6s
Step 42800 | train_loss=0.4311 test_loss=6.8400 | train_acc=0.9205 test_acc=0.0345 | ‖W‖=58.75 rank=39.9 fourier=0.114 | time=232.3s
Step 42900 | train_loss=0.2866 test_loss=6.9178 | train_acc=0.9636 test_acc=0.0341 | ‖W‖=59.44 rank=40.2 fourier=0.113 | time=232.8s
Step 43000 | train_loss=0.0907 test_loss=6.7635 | train_acc=1.0000 test_acc=0.0488 | ‖W‖=57.39 rank=39.2 fourier=0.113 | time=233.3s
Step 43100 | train_loss=0.2867 test_loss=6.5579 | train_acc=0.9674 test_acc=0.0402 | ‖W‖=56.86 rank=39.0 fourier=0.114 | time=233.8s
Step 43200 | train_loss=0.3339 test_loss=6.7227 | train_acc=0.9626 test_acc=0.0345 | ‖W‖=59.41 rank=40.1 fourier=0.113 | time=234.5s
Step 43300 | train_loss=0.1050 test_loss=6.8039 | train_acc=0.9990 test_acc=0.0443 | ‖W‖=57.87 rank=39.5 fourier=0.114 | time=235.0s
Step 43400 | train_loss=0.1208 test_loss=6.6189 | train_acc=1.0000 test_acc=0.0443 | ‖W‖=55.84 rank=38.7 fourier=0.115 | time=235.5s
Step 43500 | train_loss=0.5124 test_loss=6.9396 | train_acc=0.8793 test_acc=0.0279 | ‖W‖=59.14 rank=39.7 fourier=0.114 | time=236.0s
Step 43600 | train_loss=0.1446 test_loss=6.7855 | train_acc=0.9971 test_acc=0.0382 | ‖W‖=58.50 rank=39.4 fourier=0.114 | time=236.6s
Step 43700 | train_loss=0.1634 test_loss=6.5698 | train_acc=0.9923 test_acc=0.0460 | ‖W‖=56.90 rank=38.8 fourier=0.114 | time=237.1s
Step 43800 | train_loss=0.1915 test_loss=6.6498 | train_acc=0.9914 test_acc=0.0361 | ‖W‖=57.59 rank=38.9 fourier=0.114 | time=237.6s
Step 43900 | train_loss=0.2010 test_loss=6.8913 | train_acc=0.9866 test_acc=0.0414 | ‖W‖=59.63 rank=40.0 fourier=0.112 | time=238.2s
Step 44000 | train_loss=0.0979 test_loss=6.6704 | train_acc=0.9990 test_acc=0.0439 | ‖W‖=56.87 rank=39.0 fourier=0.113 | time=238.8s
Step 44100 | train_loss=0.3411 test_loss=6.5412 | train_acc=0.9588 test_acc=0.0378 | ‖W‖=57.31 rank=39.1 fourier=0.114 | time=239.3s
Step 44200 | train_loss=0.1859 test_loss=6.8554 | train_acc=0.9923 test_acc=0.0345 | ‖W‖=59.21 rank=39.7 fourier=0.113 | time=239.8s
Step 44300 | train_loss=0.1823 test_loss=6.6542 | train_acc=0.9914 test_acc=0.0373 | ‖W‖=57.22 rank=39.0 fourier=0.113 | time=240.3s
Step 44400 | train_loss=0.2260 test_loss=6.9454 | train_acc=0.9828 test_acc=0.0336 | ‖W‖=59.04 rank=39.5 fourier=0.114 | time=240.9s
Step 44500 | train_loss=0.0934 test_loss=6.6914 | train_acc=1.0000 test_acc=0.0447 | ‖W‖=57.29 rank=39.0 fourier=0.114 | time=241.4s
Step 44600 | train_loss=0.2860 test_loss=6.5991 | train_acc=0.9665 test_acc=0.0320 | ‖W‖=57.65 rank=39.1 fourier=0.115 | time=241.9s
Step 44700 | train_loss=0.2095 test_loss=6.7834 | train_acc=0.9847 test_acc=0.0341 | ‖W‖=58.55 rank=39.2 fourier=0.114 | time=242.5s
Step 44800 | train_loss=0.3741 test_loss=6.8713 | train_acc=0.9377 test_acc=0.0300 | ‖W‖=59.40 rank=40.3 fourier=0.112 | time=243.1s
Step 44900 | train_loss=0.1156 test_loss=6.9311 | train_acc=0.9971 test_acc=0.0402 | ‖W‖=58.54 rank=39.6 fourier=0.113 | time=243.6s
Step 45000 | train_loss=0.1299 test_loss=6.5803 | train_acc=0.9971 test_acc=0.0423 | ‖W‖=56.47 rank=39.0 fourier=0.115 | time=244.1s
Step 45100 | train_loss=0.4168 test_loss=6.5389 | train_acc=0.9310 test_acc=0.0365 | ‖W‖=58.61 rank=39.6 fourier=0.115 | time=244.7s
Step 45200 | train_loss=0.1427 test_loss=6.8647 | train_acc=0.9971 test_acc=0.0390 | ‖W‖=58.55 rank=39.4 fourier=0.115 | time=245.3s
Step 45300 | train_loss=0.1202 test_loss=6.6147 | train_acc=1.0000 test_acc=0.0480 | ‖W‖=56.28 rank=38.6 fourier=0.115 | time=245.8s
Step 45400 | train_loss=0.5408 test_loss=6.8269 | train_acc=0.8841 test_acc=0.0271 | ‖W‖=59.57 rank=40.1 fourier=0.114 | time=246.3s
Step 45500 | train_loss=0.1393 test_loss=6.8646 | train_acc=0.9981 test_acc=0.0414 | ‖W‖=59.09 rank=39.6 fourier=0.115 | time=246.9s
Step 45600 | train_loss=0.1129 test_loss=6.7751 | train_acc=1.0000 test_acc=0.0406 | ‖W‖=57.74 rank=39.2 fourier=0.115 | time=247.5s
Step 45700 | train_loss=0.2019 test_loss=6.5655 | train_acc=0.9847 test_acc=0.0410 | ‖W‖=57.07 rank=38.7 fourier=0.116 | time=248.0s
Step 45800 | train_loss=0.2978 test_loss=6.6366 | train_acc=0.9818 test_acc=0.0361 | ‖W‖=59.06 rank=39.8 fourier=0.113 | time=248.5s
Step 45900 | train_loss=0.1623 test_loss=7.0127 | train_acc=0.9885 test_acc=0.0410 | ‖W‖=57.83 rank=39.1 fourier=0.115 | time=249.0s
Step 46000 | train_loss=0.3550 test_loss=6.6607 | train_acc=0.9435 test_acc=0.0332 | ‖W‖=57.19 rank=38.9 fourier=0.116 | time=249.6s
Step 46100 | train_loss=0.2693 test_loss=7.0071 | train_acc=0.9693 test_acc=0.0361 | ‖W‖=59.66 rank=39.8 fourier=0.114 | time=250.1s
Step 46200 | train_loss=0.1726 test_loss=7.0342 | train_acc=0.9895 test_acc=0.0402 | ‖W‖=58.84 rank=39.6 fourier=0.114 | time=250.7s
Step 46300 | train_loss=0.1484 test_loss=6.6890 | train_acc=0.9933 test_acc=0.0402 | ‖W‖=56.38 rank=38.8 fourier=0.114 | time=251.2s
Step 46400 | train_loss=0.2591 test_loss=6.7164 | train_acc=0.9818 test_acc=0.0357 | ‖W‖=58.80 rank=39.2 fourier=0.116 | time=251.8s
Step 46500 | train_loss=0.3386 test_loss=7.1196 | train_acc=0.9387 test_acc=0.0332 | ‖W‖=59.34 rank=40.0 fourier=0.112 | time=252.3s
Step 46600 | train_loss=0.1551 test_loss=6.9476 | train_acc=0.9923 test_acc=0.0382 | ‖W‖=58.17 rank=39.4 fourier=0.114 | time=252.9s
Step 46700 | train_loss=0.1766 test_loss=6.7118 | train_acc=0.9971 test_acc=0.0394 | ‖W‖=58.54 rank=39.4 fourier=0.114 | time=253.4s
Step 46800 | train_loss=0.1767 test_loss=6.8910 | train_acc=0.9923 test_acc=0.0320 | ‖W‖=58.81 rank=39.2 fourier=0.115 | time=254.0s
Step 46900 | train_loss=0.1601 test_loss=6.6870 | train_acc=0.9933 test_acc=0.0390 | ‖W‖=57.24 rank=38.7 fourier=0.115 | time=254.5s
Step 47000 | train_loss=0.3250 test_loss=6.8791 | train_acc=0.9588 test_acc=0.0361 | ‖W‖=58.51 rank=39.4 fourier=0.115 | time=255.0s
Step 47100 | train_loss=0.1779 test_loss=6.8890 | train_acc=0.9904 test_acc=0.0394 | ‖W‖=58.42 rank=39.2 fourier=0.115 | time=255.5s
Step 47200 | train_loss=0.1037 test_loss=6.6662 | train_acc=1.0000 test_acc=0.0373 | ‖W‖=56.21 rank=38.4 fourier=0.115 | time=256.1s
Step 47300 | train_loss=0.5788 test_loss=6.9024 | train_acc=0.8649 test_acc=0.0304 | ‖W‖=58.98 rank=39.5 fourier=0.114 | time=256.7s
Step 47400 | train_loss=0.2436 test_loss=6.8751 | train_acc=0.9828 test_acc=0.0324 | ‖W‖=59.82 rank=40.3 fourier=0.113 | time=257.2s
Step 47500 | train_loss=0.0868 test_loss=6.7247 | train_acc=1.0000 test_acc=0.0460 | ‖W‖=57.14 rank=39.0 fourier=0.114 | time=257.7s
Step 47600 | train_loss=0.2554 test_loss=6.6643 | train_acc=0.9808 test_acc=0.0349 | ‖W‖=57.60 rank=39.0 fourier=0.114 | time=258.3s
Step 47700 | train_loss=0.2045 test_loss=6.7023 | train_acc=0.9799 test_acc=0.0414 | ‖W‖=58.03 rank=39.1 fourier=0.115 | time=258.9s
Step 47800 | train_loss=0.2242 test_loss=6.8867 | train_acc=0.9808 test_acc=0.0398 | ‖W‖=57.76 rank=39.0 fourier=0.116 | time=259.4s
Step 47900 | train_loss=0.3224 test_loss=6.7674 | train_acc=0.9646 test_acc=0.0373 | ‖W‖=58.50 rank=39.7 fourier=0.114 | time=259.9s
Step 48000 | train_loss=0.1713 test_loss=6.9273 | train_acc=0.9885 test_acc=0.0373 | ‖W‖=57.98 rank=39.4 fourier=0.114 | time=260.4s
Step 48100 | train_loss=0.1078 test_loss=6.8016 | train_acc=1.0000 test_acc=0.0398 | ‖W‖=55.88 rank=38.6 fourier=0.114 | time=261.0s
Step 48200 | train_loss=0.4859 test_loss=6.5299 | train_acc=0.9148 test_acc=0.0373 | ‖W‖=58.08 rank=39.4 fourier=0.114 | time=261.5s
Step 48300 | train_loss=0.1181 test_loss=6.9256 | train_acc=1.0000 test_acc=0.0427 | ‖W‖=57.63 rank=39.1 fourier=0.113 | time=262.0s
Step 48400 | train_loss=0.2411 test_loss=6.5613 | train_acc=0.9780 test_acc=0.0398 | ‖W‖=56.20 rank=38.8 fourier=0.115 | time=262.6s
Step 48500 | train_loss=0.2989 test_loss=6.7812 | train_acc=0.9713 test_acc=0.0336 | ‖W‖=58.49 rank=39.5 fourier=0.114 | time=263.2s
Step 48600 | train_loss=0.1402 test_loss=6.8385 | train_acc=0.9943 test_acc=0.0357 | ‖W‖=57.96 rank=39.3 fourier=0.114 | time=263.7s
Step 48700 | train_loss=0.1158 test_loss=6.6284 | train_acc=0.9981 test_acc=0.0402 | ‖W‖=55.79 rank=38.4 fourier=0.115 | time=264.2s
Step 48800 | train_loss=0.2943 test_loss=6.6093 | train_acc=0.9722 test_acc=0.0443 | ‖W‖=57.35 rank=38.9 fourier=0.115 | time=264.8s
Step 48900 | train_loss=0.4025 test_loss=6.8592 | train_acc=0.9262 test_acc=0.0341 | ‖W‖=58.80 rank=39.3 fourier=0.113 | time=265.4s
Step 49000 | train_loss=0.2087 test_loss=7.1120 | train_acc=0.9741 test_acc=0.0378 | ‖W‖=58.14 rank=39.3 fourier=0.114 | time=265.9s
Step 49100 | train_loss=0.1396 test_loss=6.8294 | train_acc=0.9933 test_acc=0.0427 | ‖W‖=57.17 rank=38.9 fourier=0.113 | time=266.4s
Step 49200 | train_loss=0.3061 test_loss=6.7999 | train_acc=0.9559 test_acc=0.0369 | ‖W‖=57.91 rank=39.2 fourier=0.113 | time=266.9s
Step 49300 | train_loss=0.1007 test_loss=6.8097 | train_acc=1.0000 test_acc=0.0439 | ‖W‖=57.33 rank=38.8 fourier=0.114 | time=267.5s
Step 49400 | train_loss=0.3364 test_loss=6.8417 | train_acc=0.9473 test_acc=0.0402 | ‖W‖=58.05 rank=39.0 fourier=0.113 | time=268.0s
Step 49500 | train_loss=0.0919 test_loss=6.8055 | train_acc=0.9990 test_acc=0.0435 | ‖W‖=57.34 rank=38.6 fourier=0.115 | time=268.5s
Step 49600 | train_loss=0.4097 test_loss=6.7618 | train_acc=0.9176 test_acc=0.0365 | ‖W‖=58.56 rank=39.2 fourier=0.113 | time=269.1s
Step 49700 | train_loss=0.1043 test_loss=6.7865 | train_acc=0.9981 test_acc=0.0447 | ‖W‖=57.55 rank=38.6 fourier=0.114 | time=269.7s
Step 49800 | train_loss=0.5660 test_loss=6.6576 | train_acc=0.8918 test_acc=0.0312 | ‖W‖=58.90 rank=39.7 fourier=0.113 | time=270.2s
Step 49900 | train_loss=0.1239 test_loss=6.8395 | train_acc=0.9962 test_acc=0.0369 | ‖W‖=58.25 rank=39.1 fourier=0.113 | time=270.7s
Step 50000 | train_loss=0.1509 test_loss=6.6667 | train_acc=0.9904 test_acc=0.0357 | ‖W‖=56.78 rank=38.7 fourier=0.114 | time=271.3s

Results saved to results/severe_collapse/results.json
Grokked: False at step None

============================================================
SUMMARY
============================================================
  pure                 | ✅ GROKKED | step=1400 | test_acc=1.0000 | fourier=0.305
  low_collapse         | ✅ GROKKED | step=3100 | test_acc=0.9319 | fourier=0.194
  medium_collapse      | ❌ NO GROK | step=None | test_acc=0.8588 | fourier=0.173
  high_collapse        | ❌ NO GROK | step=None | test_acc=0.3476 | fourier=0.159
  severe_collapse      | ❌ NO GROK | step=None | test_acc=0.0357 | fourier=0.114
Grokking-Collapse Experiment Analysis
============================================================

high_collapse:
  phases_detected: True
  memorization_complete_step: 1900
  circuit_formation_onset: None
  grokking_step: None
  delay_mem_to_grok: None
  max_weight_norm: 65.32515130388668
  min_weight_norm: 25.44688562206277
  weight_norm_reduction: 39.87826568182392

low_collapse:
  phases_detected: True
  memorization_complete_step: 1000
  circuit_formation_onset: None
  grokking_step: 3100
  delay_mem_to_grok: 2100
  max_weight_norm: 55.59529112947761
  min_weight_norm: 25.320466197726066
  weight_norm_reduction: 30.274824931751542

medium_collapse:
  phases_detected: True
  memorization_complete_step: 1400
  circuit_formation_onset: None
  grokking_step: None
  delay_mem_to_grok: None
  max_weight_norm: 64.91898909592231
  min_weight_norm: 25.49015008655379
  weight_norm_reduction: 39.428839009368524

pure:
  phases_detected: True
  memorization_complete_step: 800
  circuit_formation_onset: None
  grokking_step: 1400
  delay_mem_to_grok: 600
  max_weight_norm: 55.66615195022049
  min_weight_norm: 25.234216129291116
  weight_norm_reduction: 30.43193582092937

severe_collapse:
  phases_detected: True
  memorization_complete_step: 1600
  circuit_formation_onset: None
  grokking_step: None
  delay_mem_to_grok: None
  max_weight_norm: 67.35530216393643
  min_weight_norm: 24.89569013111022
  weight_norm_reduction: 42.45961203282621

============================================================
| Condition | Grokked? | Grokking Step | Final Test Acc | Fourier Conc. | Embedding Rank |
|-----------|----------|---------------|----------------|---------------|----------------|
| high_collapse | ❌ | None | 0.3476 | 0.159 | 39.2 |
| low_collapse | ✅ | 3100 | 0.9319 | 0.194 | 35.5 |
| medium_collapse | ❌ | None | 0.8588 | 0.173 | 37.0 |
| pure | ✅ | 1400 | 1.0000 | 0.305 | 25.7 |
| severe_collapse | ❌ | None | 0.0357 | 0.114 | 38.7 |
Plot saved to results/training_trajectories.png
Plot saved to results/grokking_comparison.png
=== Done: Wed Apr  8 15:19:52 EDT 2026 ===
